record_id,age,gender,occupation,years_gaming,daily_gaming_hours,genre,primary_game,gaming_platform,monthly_spend,academic_performance,gpa,work_productivity,face_to_face_social_hours_weekly,social_isolation,exercise_hours_weekly,sleep_hours,sleep_quality,sleep_disruption,eye_strain,back_neck_pain,physical_pain,weight_change_kg,mood_state,mood_swings,withdrawal_symptoms,loss_of_other_interests,continued_despite_problems,gaming_addiction_risk_level,addiction_severity,hours_bin,mapped_genre
GD0001,17,Male,Student,3,11.1,Mobile games,Clash of Clans,Pc,383.7,Below Average,1.25,,1.3,7,3.7,3.7,Very Poor,Sometimes,True,False,True,6.8,Anxious,Never,True,False,True,Severe,2,9-12h,Casual
GD0002,21,Male,Student,1,3.0,Moba,Dota 2,Pc,46.64,Good,3.75,2.0,10.7,2,8.5,7.2,Fair,Rarely,False,False,False,0.4,Irritable,Often,False,False,False,Low,0,0-3h,Strategy
GD0003,23,Male,Professional,6,7.6,Fps,CS:GO,Multi-platform,100.81,Poor,,9.0,3.2,5,7.1,4.4,Fair,Often,False,True,True,1.8,Irritable,Rarely,True,True,True,Severe,3,6-9h,Action
GD0004,20,Female,Student,7,7.2,Rpg,Skyrim,Multi-platform,51.6,Poor,1.62,2.0,9.1,4,5.2,5.1,Fair,Often,True,True,True,0.2,Withdrawn,Daily,True,True,False,High,2,6-9h,Role-playing
GD0005,18,Male,Student,1,6.8,Battle royale,Apex Legends,Pc,32.57,Average,2.44,,4.5,4,6.1,3.4,Poor,Never,False,False,False,0.5,Angry,Daily,True,False,False,Moderate,1,6-9h,Action
GD0006,21,Male,Student,4,2.1,Mobile games,Clash of Clans,Pc,8.63,Good,3.81,4.0,9.6,1,10.8,7.5,Fair,Rarely,False,False,False,0.2,Normal,Never,False,False,False,Low,0,0-3h,Casual
GD0007,21,Male,Student,3,2.7,Fps,Call of Duty,Multi-platform,35.25,Below Average,1.82,6.0,10.1,2,10.0,7.2,Very Poor,Often,False,False,False,0.8,Euphoric,Rarely,False,False,False,Low,0,0-3h,Action
GD0008,28,Female,Professional,13,10.3,Mobile games,Clash of Clans,Console,299.28,Poor,,1.0,0.2,6,5.6,5.2,Fair,Sometimes,True,True,True,2.4,Anxious,Rarely,True,True,True,Severe,3,9-12h,Casual
GD0009,18,Male,Student,6,1.4,Mobile games,Genshin Impact,Pc,49.4,Good,2.43,,12.9,1,10.1,8.9,Poor,Always,False,False,False,0.1,Euphoric,Daily,False,False,False,Low,0,0-3h,Casual
GD0010,18,Male,Student,6,7.6,Mmo,Final Fantasy XIV,Multi-platform,135.2,Average,1.13,,4.6,6,4.5,3.5,Insomnia,Often,True,False,True,3.3,Anxious,Never,True,True,True,Severe,3,6-9h,Role-playing
GD0011,16,Male,Student,4,1.5,Fps,CS:GO,Multi-platform,28.23,Good,3.04,,11.0,1,10.1,8.4,Good,Often,False,False,False,0.2,Restless,Daily,False,False,False,Low,0,0-3h,Action
GD0012,14,Male,Student,3,3.0,Strategy,StarCraft II,Pc,46.36,Excellent,3.15,,13.9,1,9.4,7.2,Good,Sometimes,False,False,False,0.3,Normal,Rarely,False,False,False,Low,0,0-3h,Strategy
GD0013,28,Male,Professional,7,9.5,Mobile games,Genshin Impact,Mobile,482.71,Poor,,8.0,1.6,5,5.1,3.6,Very Poor,Never,True,True,True,2.2,Withdrawn,Rarely,True,False,False,High,1,9-12h,Casual
GD0014,22,Male,Student,5,5.1,Rpg,Skyrim,Mobile,36.07,Average,3.25,6.0,6.3,3,7.6,5.3,Fair,Never,True,False,True,0.9,Anxious,Rarely,False,False,False,Low,0,3-6h,Role-playing
GD0015,21,Male,Student,2,5.8,Rpg,Elden Ring,Console,104.01,Good,2.54,2.0,9.0,3,8.2,5.2,Good,Often,False,True,True,1.2,Restless,Rarely,False,False,False,Low,0,3-6h,Role-playing
GD0016,25,Male,Professional,7,7.3,Mobile games,Clash of Clans,Console,68.25,Poor,,5.0,6.8,6,6.9,5.6,Poor,Often,True,True,True,3.3,Anxious,Never,True,True,False,High,2,6-9h,Casual
GD0017,19,Male,Student,9,3.0,Mobile games,Genshin Impact,Console,1.63,Poor,1.64,3.0,13.1,3,6.7,7.4,Fair,Sometimes,False,False,False,0.1,Normal,Never,False,False,False,Low,0,0-3h,Casual
GD0018,22,Female,Student,10,11.3,Moba,League of Legends,Multi-platform,77.24,Poor,1.89,8.0,0.9,9,4.9,4.6,Poor,Sometimes,True,True,True,5.7,Anxious,Often,True,False,False,High,1,9-12h,Strategy
GD0019,20,Male,Student,6,8.4,Fps,Call of Duty,Mobile,118.79,Average,2.76,2.0,8.1,7,7.1,3.2,Very Poor,Always,True,False,True,0.4,Angry,Sometimes,True,True,True,Severe,3,6-9h,Action
GD0020,20,Male,Student,1,9.4,Battle royale,Warzone,Console,120.16,Below Average,2.14,7.0,2.2,7,4.8,5.5,Poor,Sometimes,False,True,True,1.7,Anxious,Rarely,True,True,False,Severe,2,9-12h,Action
GD0021,22,Male,Student,12,6.5,Rpg,Cyberpunk 2077,Console,16.99,Below Average,2.91,3.0,9.1,6,6.4,4.4,Poor,Always,True,False,True,3.4,Normal,Never,False,True,False,Moderate,1,6-9h,Role-playing
GD0022,16,Female,Student,4,6.1,Moba,League of Legends,Console,53.52,Good,1.12,,9.3,1,5.8,5.3,Fair,Sometimes,False,True,True,1.8,Anxious,Often,False,True,False,Moderate,1,3-6h,Strategy
GD0023,14,Female,Student,4,6.3,Rpg,Skyrim,Mobile,126.54,Average,3.27,,4.8,4,7.5,6.5,Good,Rarely,True,False,True,0.2,Anxious,Never,False,True,False,Moderate,1,3-6h,Role-playing
GD0024,19,Female,Student,6,8.9,Battle royale,PUBG,Console,66.37,Average,2.63,8.0,5.2,5,5.7,5.7,Very Poor,Never,True,True,True,1.9,Irritable,Rarely,True,False,False,High,1,6-9h,Action
GD0025,22,Male,Student,11,5.2,Mobile games,Candy Crush,Pc,60.06,Good,1.94,1.0,11.2,2,6.2,7.0,Fair,Rarely,False,False,False,1.7,Depressed,Rarely,False,False,False,Low,0,3-6h,Casual
GD0026,22,Male,Student,9,3.4,Mobile games,Candy Crush,Console,37.26,Average,3.41,9.0,10.3,3,7.8,8.7,Good,Always,False,False,False,1.1,Normal,Sometimes,False,False,False,Low,0,0-3h,Casual
GD0027,18,Male,Student,7,5.9,Battle royale,Apex Legends,Multi-platform,55.47,Below Average,3.91,,6.8,3,8.0,6.6,Fair,Always,True,True,True,0.9,Anxious,Often,False,False,False,Low,0,3-6h,Action
GD0028,18,Male,Student,8,8.2,Mmo,Final Fantasy XIV,Mobile,57.15,Poor,3.71,,3.3,5,6.5,5.4,Fair,Always,True,True,True,3.2,Anxious,Rarely,False,True,False,Moderate,1,6-9h,Role-playing
GD0029,21,Male,Student,6,1.2,Mmo,World of Warcraft,Mobile,34.91,Good,2.31,9.0,16.7,2,8.6,7.1,Good,Always,False,False,False,0.2,Depressed,Sometimes,False,False,False,Low,0,0-3h,Role-playing
GD0030,19,Female,Student,8,4.7,Rpg,Skyrim,Multi-platform,126.85,Average,1.62,4.0,10.0,3,5.6,5.8,Fair,Rarely,True,False,True,0.5,Irritable,Sometimes,False,False,False,Low,0,3-6h,Role-playing
GD0031,20,Male,Student,6,1.0,Rpg,Cyberpunk 2077,Mobile,21.09,Average,1.21,5.0,14.4,1,8.9,7.3,Good,Sometimes,False,False,False,0.0,Normal,Never,False,False,False,Low,0,0-3h,Role-playing
GD0032,17,Male,Student,5,5.1,Mobile games,Clash of Clans,Mobile,36.53,Average,3.02,,8.3,2,8.9,6.4,Poor,Always,False,False,False,2.2,Restless,Often,False,False,False,Low,0,3-6h,Casual
GD0033,20,Male,Student,7,5.9,Mmo,Final Fantasy XIV,Console,147.6,Poor,3.39,6.0,7.1,3,7.5,6.8,Fair,Rarely,False,True,True,0.3,Anxious,Never,False,False,False,Low,0,3-6h,Role-playing
GD0034,20,Male,Student,7,5.2,Battle royale,PUBG,Console,19.91,Average,3.03,8.0,8.7,5,7.9,5.6,Very Poor,Often,True,False,True,1.4,Angry,Rarely,False,False,False,Low,0,3-6h,Action
GD0035,18,Male,Student,2,6.6,Fps,CS:GO,Console,93.68,Poor,3.98,,8.4,5,5.5,4.1,Insomnia,Often,False,False,False,0.1,Anxious,Sometimes,True,True,False,High,2,6-9h,Action
GD0036,22,Female,Student,12,4.6,Mobile games,PUBG Mobile,Pc,80.92,Average,1.15,6.0,8.3,4,8.4,5.4,Poor,Never,True,False,True,1.6,Angry,Sometimes,False,False,False,Low,0,3-6h,Casual
GD0037,20,Male,Student,9,2.8,Moba,Mobile Legends,Mobile,45.96,Excellent,3.54,9.0,14.3,3,8.3,8.3,Fair,Never,False,False,False,0.3,Excited,Never,False,False,False,Low,0,0-3h,Strategy
GD0038,20,Male,Student,2,7.6,Strategy,StarCraft II,Mobile,123.45,Poor,2.7,9.0,2.6,6,5.2,4.2,Very Poor,Never,True,True,True,3.6,Restless,Never,False,True,False,Moderate,1,6-9h,Strategy
GD0039,16,Female,Student,4,2.3,Moba,League of Legends,Mobile,42.43,Average,1.22,,12.3,2,7.2,8.4,Good,Often,False,False,False,0.8,Anxious,Daily,False,False,False,Low,0,0-3h,Strategy
GD0040,20,Male,Student,2,4.4,Rpg,Elden Ring,Mobile,26.63,Excellent,1.38,2.0,8.5,4,9.1,6.4,Fair,Often,False,False,False,0.2,Restless,Rarely,False,False,False,Low,0,3-6h,Role-playing
GD0041,33,Male,Professional,6,3.1,Mmo,Elder Scrolls Online,Multi-platform,47.69,Average,,8.0,12.8,1,8.3,8.4,Fair,Never,False,False,False,1.3,Normal,Rarely,False,False,False,Low,0,0-3h,Role-playing
GD0042,16,Male,Student,1,8.0,Fps,Valorant,Mobile,61.37,Failing,3.22,,6.3,8,6.0,3.8,Poor,Sometimes,True,True,True,0.9,Irritable,Sometimes,True,True,True,Severe,3,6-9h,Action
GD0043,20,Male,Student,1,4.2,Strategy,StarCraft II,Mobile,9.18,Average,2.21,7.0,8.8,1,7.1,5.4,Good,Sometimes,False,False,False,0.1,Normal,Often,False,False,False,Low,0,3-6h,Strategy
GD0044,20,Male,Student,4,7.9,Battle royale,PUBG,Console,81.23,Below Average,2.25,3.0,4.2,6,7.0,3.5,Poor,Never,False,True,True,3.3,Angry,Rarely,True,False,True,High,2,6-9h,Action
GD0045,14,Female,Student,3,3.9,Mobile games,PUBG Mobile,Mobile,17.43,Good,2.88,,7.5,2,7.8,5.1,Poor,Sometimes,False,False,False,1.2,Euphoric,Rarely,False,False,False,Low,0,3-6h,Casual
GD0046,26,Female,Professional,8,6.2,Strategy,Age of Empires,Multi-platform,48.84,Average,,5.0,4.9,3,5.5,5.7,Fair,Never,True,True,True,0.4,Depressed,Daily,False,True,False,Moderate,1,3-6h,Strategy
GD0047,20,Male,Student,8,3.4,Mmo,Final Fantasy XIV,Pc,23.33,Below Average,1.19,7.0,12.9,1,7.8,7.1,Poor,Sometimes,False,False,False,1.3,Normal,Sometimes,False,False,False,Low,0,0-3h,Role-playing
GD0048,29,Female,Professional,14,6.1,Fps,Call of Duty,Mobile,110.74,Good,,5.0,10.7,2,7.7,6.7,Poor,Often,True,True,True,0.8,Restless,Daily,False,True,False,Moderate,1,3-6h,Action
GD0049,16,Female,Student,2,5.9,Rpg,Skyrim,Console,125.89,Average,2.11,,7.6,3,6.0,5.4,Fair,Often,False,False,False,0.7,Depressed,Never,False,False,False,Low,0,3-6h,Role-playing
GD0050,15,Female,Student,1,5.1,Mmo,World of Warcraft,Pc,39.9,Below Average,3.87,,8.8,2,6.2,6.5,Poor,Never,False,False,False,0.6,Angry,Sometimes,False,False,False,Low,0,3-6h,Role-playing
GD0051,24,Male,Professional,1,7.0,Strategy,Age of Empires,Console,132.68,Poor,,5.0,8.8,4,8.0,4.7,Very Poor,Sometimes,False,False,False,0.5,Angry,Often,True,False,False,Moderate,1,6-9h,Strategy
GD0052,20,Male,Student,4,3.5,Rpg,Skyrim,Mobile,40.35,Good,1.39,3.0,10.7,2,9.8,7.8,Good,Never,False,False,False,1.3,Normal,Rarely,False,False,False,Low,0,3-6h,Role-playing
GD0053,20,Male,Student,9,11.4,Fps,Call of Duty,Console,433.8,Failing,2.02,5.0,0.2,6,5.0,4.3,Very Poor,Never,True,True,True,0.3,Anxious,Never,True,False,False,High,1,9-12h,Action
GD0054,20,Female,Student,5,0.5,Mobile games,Genshin Impact,Multi-platform,9.04,Excellent,3.39,4.0,13.9,1,10.0,7.2,Good,Sometimes,False,False,False,0.1,Depressed,Rarely,False,False,False,Low,0,0-3h,Casual
GD0055,22,Female,Student,5,5.8,Fps,CS:GO,Pc,114.52,Average,2.3,3.0,10.5,3,6.4,6.7,Good,Rarely,True,False,True,1.3,Euphoric,Sometimes,False,False,False,Low,0,3-6h,Action
GD0056,19,Male,Student,5,1.7,Moba,Mobile Legends,Mobile,47.53,Excellent,1.41,9.0,12.6,1,9.3,8.1,Good,Sometimes,False,False,False,0.0,Normal,Daily,False,False,False,Low,0,0-3h,Strategy
GD0057,24,Male,Professional,3,6.0,Strategy,StarCraft II,Console,133.31,Good,,10.0,9.3,4,8.2,6.9,Good,Always,False,True,True,0.1,Euphoric,Sometimes,False,True,False,Moderate,1,3-6h,Strategy
GD0058,25,Male,Professional,8,7.1,Rpg,Elden Ring,Console,136.21,Average,,1.0,6.6,4,7.2,5.2,Poor,Sometimes,False,True,True,4.3,Anxious,Sometimes,True,False,False,Moderate,1,6-9h,Role-playing
GD0059,23,Male,Professional,10,0.6,Battle royale,Warzone,Mobile,39.51,Good,,4.0,11.1,1,8.8,7.2,Good,Rarely,False,False,False,0.0,Excited,Sometimes,False,False,False,Low,0,0-3h,Action
GD0060,33,Female,Professional,8,7.2,Mobile games,PUBG Mobile,Multi-platform,96.57,Below Average,,9.0,9.0,5,7.6,4.2,Fair,Rarely,True,True,True,0.7,Anxious,Often,False,False,False,Low,0,6-9h,Casual
GD0061,22,Female,Student,10,5.6,Fps,Call of Duty,Console,144.26,Average,2.08,4.0,9.7,3,7.7,5.3,Good,Never,False,True,True,0.7,Normal,Sometimes,False,True,False,Moderate,1,3-6h,Action
GD0062,13,Male,Student,3,8.9,Rpg,Cyberpunk 2077,Mobile,417.13,Below Average,3.91,,2.3,5,3.6,4.2,Very Poor,Sometimes,True,True,True,2.1,Restless,Never,True,True,False,Severe,2,6-9h,Role-playing
GD0063,16,Other,Student,6,12.4,Moba,Mobile Legends,Pc,359.05,Below Average,2.0,,0.6,7,4.3,4.7,Insomnia,Often,True,True,True,0.2,Irritable,Daily,True,False,False,High,1,12h+,Strategy
GD0064,19,Female,Student,9,6.6,Fps,Valorant,Mobile,144.41,Below Average,3.09,10.0,9.5,4,8.0,3.3,Very Poor,Often,True,True,True,2.3,Irritable,Sometimes,True,True,False,High,2,6-9h,Action
GD0065,26,Female,Professional,10,4.9,Strategy,StarCraft II,Mobile,60.06,Poor,,5.0,9.5,3,8.8,5.7,Fair,Often,True,False,True,1.2,Irritable,Rarely,False,False,False,Low,0,3-6h,Strategy
GD0066,18,Male,Student,5,4.4,Mobile games,Candy Crush,Pc,45.33,Below Average,1.4,,11.3,1,8.3,6.6,Poor,Often,False,False,False,0.0,Normal,Daily,False,False,False,Low,0,3-6h,Casual
GD0067,23,Female,Professional,8,4.7,Rpg,Skyrim,Multi-platform,108.0,Average,,8.0,10.7,4,7.0,5.1,Good,Sometimes,True,False,True,1.2,Angry,Never,False,False,False,Low,0,3-6h,Role-playing
GD0068,22,Male,Student,4,7.0,Mmo,Elder Scrolls Online,Multi-platform,119.22,Poor,3.54,2.0,5.3,5,5.8,4.0,Very Poor,Sometimes,True,True,True,1.0,Irritable,Daily,True,False,False,Moderate,1,6-9h,Role-playing
GD0069,20,Female,Student,8,6.2,Mobile games,Genshin Impact,Console,42.1,Average,3.51,2.0,9.6,5,6.7,5.8,Very Poor,Never,True,True,True,3.3,Irritable,Rarely,False,True,False,Moderate,1,3-6h,Casual
GD0070,18,Female,Student,6,15.1,Mmo,World of Warcraft,Pc,209.75,Below Average,3.05,,0.0,10,4.2,4.8,Fair,Often,True,True,True,0.0,Restless,Often,True,False,False,High,1,12h+,Role-playing
GD0071,25,Male,Professional,11,4.8,Mmo,Elder Scrolls Online,Multi-platform,132.26,Average,,7.0,10.0,2,5.8,6.8,Fair,Never,False,False,False,1.6,Euphoric,Never,False,False,False,Low,0,3-6h,Role-playing
GD0072,23,Male,Professional,3,2.6,Mobile games,Clash of Clans,Console,7.76,Good,,5.0,11.2,1,8.9,8.8,Fair,Never,False,False,False,0.4,Excited,Sometimes,False,False,False,Low,0,0-3h,Casual
GD0073,17,Female,Student,1,4.0,Mobile games,Genshin Impact,Multi-platform,18.88,Good,3.1,,7.4,2,6.3,5.8,Fair,Sometimes,False,False,False,3.3,Angry,Sometimes,False,False,False,Low,0,3-6h,Casual
GD0074,20,Male,Student,8,5.0,Mmo,Final Fantasy XIV,Console,85.67,Excellent,1.55,9.0,6.8,4,7.7,6.9,Poor,Sometimes,False,False,False,0.9,Normal,Never,False,False,False,Low,0,3-6h,Role-playing
GD0075,19,Male,Student,3,3.5,Battle royale,PUBG,Multi-platform,39.95,Average,1.87,4.0,11.4,2,6.7,8.0,Good,Often,False,False,False,0.4,Excited,Rarely,False,False,False,Low,0,3-6h,Action
GD0076,33,Male,Professional,8,5.2,Battle royale,Apex Legends,Multi-platform,73.02,Good,,3.0,6.9,6,9.0,6.9,Fair,Often,True,False,True,2.0,Euphoric,Daily,False,False,False,Low,0,3-6h,Action
GD0077,17,Male,Student,1,9.4,Strategy,Civilization VI,Pc,364.97,Poor,1.01,,1.8,6,4.7,3.1,Poor,Often,True,True,True,1.3,Depressed,Never,True,False,True,Severe,2,9-12h,Strategy
GD0078,16,Female,Student,2,5.7,Moba,League of Legends,Multi-platform,136.3,Average,2.48,,8.5,4,8.4,6.8,Poor,Sometimes,True,True,True,1.5,Restless,Sometimes,False,False,False,Low,0,3-6h,Strategy
GD0079,19,Other,Student,6,8.3,Moba,League of Legends,Pc,82.29,Average,1.17,8.0,3.9,7,4.0,5.5,Poor,Always,False,False,False,3.0,Irritable,Never,True,False,False,Moderate,1,6-9h,Strategy
GD0080,16,Female,Student,1,9.0,Mobile games,Genshin Impact,Mobile,192.38,Poor,2.32,,6.0,5,3.8,5.8,Poor,Never,True,True,True,3.7,Restless,Often,True,False,True,Severe,2,6-9h,Casual
GD0081,22,Female,Student,11,7.2,Mobile games,Genshin Impact,Multi-platform,32.86,Poor,1.98,1.0,8.0,4,6.5,3.6,Very Poor,Rarely,True,False,True,1.7,Irritable,Daily,True,False,False,Moderate,1,6-9h,Casual
GD0082,17,Female,Student,3,10.8,Mmo,World of Warcraft,Multi-platform,462.43,Poor,3.56,,0.8,7,2.9,5.0,Fair,Rarely,True,True,True,0.4,Anxious,Often,True,False,True,Severe,2,9-12h,Role-playing
GD0083,18,Male,Student,2,9.3,Rpg,Elden Ring,Multi-platform,404.23,Poor,1.42,,1.5,6,6.3,5.5,Insomnia,Rarely,False,True,True,0.9,Irritable,Sometimes,True,False,False,High,1,9-12h,Role-playing
GD0084,20,Male,Student,8,6.4,Rpg,Elden Ring,Multi-platform,91.02,Average,2.95,8.0,7.5,5,7.6,6.8,Fair,Rarely,False,True,True,1.5,Normal,Never,False,True,False,Moderate,1,6-9h,Role-playing
GD0085,26,Male,Professional,10,1.1,Mobile games,PUBG Mobile,Multi-platform,24.99,Good,,5.0,15.5,1,9.5,7.6,Good,Sometimes,False,False,False,0.4,Normal,Often,False,False,False,Low,0,0-3h,Casual
GD0086,22,Male,Student,11,3.0,Battle royale,Warzone,Mobile,34.92,Good,2.4,5.0,8.5,2,7.1,8.8,Poor,Rarely,False,False,False,1.1,Normal,Rarely,False,False,False,Low,0,0-3h,Action
GD0087,14,Male,Student,3,7.5,Mmo,Final Fantasy XIV,Multi-platform,123.8,Poor,1.29,,6.6,5,7.9,4.8,Fair,Never,True,False,True,0.7,Angry,Often,True,True,False,High,2,6-9h,Role-playing
GD0088,17,Male,Student,1,6.1,Fps,Call of Duty,Pc,71.69,Average,3.06,,9.8,4,5.6,6.7,Fair,Often,True,True,True,1.8,Normal,Sometimes,False,True,False,Moderate,1,3-6h,Action
GD0089,18,Female,Student,4,5.9,Strategy,StarCraft II,Pc,96.37,Average,2.46,,4.9,4,7.4,6.5,Poor,Rarely,True,False,True,0.4,Normal,Never,False,True,False,Moderate,1,3-6h,Strategy
GD0090,22,Female,Student,1,8.1,Mobile games,Candy Crush,Mobile,67.48,Failing,3.21,6.0,5.1,5,6.8,3.1,Fair,Sometimes,True,False,True,0.3,Anxious,Sometimes,False,True,False,Moderate,1,6-9h,Casual
GD0091,20,Male,Student,4,10.3,Mmo,World of Warcraft,Pc,499.27,Below Average,1.5,1.0,1.6,8,3.6,5.8,Poor,Rarely,False,True,True,4.5,Angry,Sometimes,False,False,False,Moderate,0,9-12h,Role-playing
GD0092,17,Female,Student,5,8.9,Strategy,Civilization VI,Pc,254.42,Good,3.26,,2.7,5,5.3,5.9,Fair,Never,True,True,True,5.7,Restless,Never,True,False,False,High,1,6-9h,Strategy
GD0093,26,Female,Professional,14,5.9,Mobile games,Clash of Clans,Console,83.67,Good,,10.0,8.4,5,5.2,6.1,Good,Always,False,False,False,0.5,Excited,Sometimes,False,True,False,Moderate,1,3-6h,Casual
GD0094,21,Female,Student,8,4.9,Strategy,StarCraft II,Mobile,56.37,Failing,3.53,5.0,7.6,2,9.1,6.1,Fair,Always,True,False,True,0.3,Withdrawn,Rarely,False,False,False,Low,0,3-6h,Strategy
GD0095,22,Male,Student,5,1.7,Rpg,Skyrim,Console,24.1,Average,1.41,7.0,14.1,1,10.8,7.3,Fair,Rarely,False,False,False,0.4,Normal,Never,False,False,False,Low,0,0-3h,Role-playing
GD0096,19,Male,Student,1,7.0,Mobile games,Candy Crush,Mobile,115.12,Failing,3.92,4.0,8.8,6,4.6,4.9,Poor,Often,True,True,True,0.4,Restless,Daily,True,True,False,High,2,6-9h,Casual
GD0097,19,Male,Student,1,3.2,Moba,Mobile Legends,Mobile,15.77,Average,2.05,9.0,14.4,2,9.1,7.3,Fair,Often,False,False,False,0.5,Restless,Rarely,False,False,False,Low,0,0-3h,Strategy
GD0098,23,Male,Professional,5,10.4,Rpg,Cyberpunk 2077,Mobile,197.03,Poor,,10.0,3.9,5,3.7,5.6,Poor,Often,False,False,False,4.1,Anxious,Rarely,False,True,True,Severe,2,9-12h,Role-playing
GD0099,31,Male,Professional,12,5.1,Moba,Mobile Legends,Pc,72.27,Average,,1.0,10.9,2,7.4,6.5,Fair,Often,True,False,True,0.9,Angry,Often,False,False,False,Low,0,3-6h,Strategy
GD0100,27,Female,Professional,2,6.3,Mobile games,Candy Crush,Pc,21.12,Average,,10.0,10.2,2,8.0,6.3,Very Poor,Often,True,False,True,1.3,Depressed,Daily,False,False,False,Low,0,3-6h,Casual
GD0101,21,Male,Student,11,5.4,Fps,Valorant,Pc,33.12,Failing,3.51,4.0,11.2,1,5.7,6.6,Fair,Rarely,True,False,True,1.3,Normal,Rarely,False,False,False,Low,0,3-6h,Action
GD0102,19,Male,Student,3,6.1,Rpg,Elden Ring,Console,110.19,Average,3.22,7.0,7.9,5,8.1,5.5,Good,Always,True,False,True,0.6,Normal,Rarely,False,False,False,Low,0,3-6h,Role-playing
GD0103,19,Female,Student,8,7.1,Mmo,Elder Scrolls Online,Pc,112.86,Good,2.66,1.0,6.0,4,5.3,5.0,Poor,Rarely,False,True,True,0.1,Irritable,Sometimes,True,True,False,High,2,6-9h,Role-playing
GD0104,19,Female,Student,3,8.0,Rpg,Elden Ring,Pc,26.81,Poor,2.53,6.0,2.6,4,6.6,3.4,Very Poor,Never,True,True,True,0.0,Restless,Often,True,True,False,High,2,6-9h,Role-playing
GD0105,21,Female,Student,1,4.8,Battle royale,Warzone,Mobile,48.19,Below Average,1.08,5.0,10.9,2,6.1,6.6,Fair,Often,False,False,False,3.6,Excited,Rarely,False,False,False,Low,0,3-6h,Action
GD0106,17,Female,Student,7,9.8,Battle royale,Warzone,Pc,114.88,Poor,3.66,,3.4,7,6.8,5.0,Very Poor,Always,False,False,False,5.2,Anxious,Daily,True,True,False,Severe,2,9-12h,Action
GD0107,14,Female,Student,3,2.9,Fps,Valorant,Mobile,24.6,Excellent,1.37,,8.7,3,9.4,7.9,Good,Never,False,False,False,0.5,Depressed,Daily,False,False,False,Low,0,0-3h,Action
GD0108,19,Female,Student,9,6.8,Battle royale,PUBG,Multi-platform,127.0,Failing,2.96,7.0,4.7,4,6.4,3.7,Poor,Never,True,True,True,1.9,Angry,Rarely,True,False,False,Moderate,1,6-9h,Action
GD0109,19,Male,Student,8,4.6,Battle royale,Fortnite,Console,85.23,Excellent,2.21,4.0,11.3,2,6.8,5.3,Fair,Sometimes,False,False,False,0.2,Irritable,Daily,False,False,False,Low,0,3-6h,Action
GD0110,26,Male,Professional,15,12.0,Rpg,Cyberpunk 2077,Pc,326.96,Failing,,2.0,2.5,9,5.2,4.4,Poor,Never,True,True,True,1.8,Irritable,Sometimes,True,False,True,Severe,2,9-12h,Role-playing
GD0111,16,Female,Student,3,5.4,Battle royale,Fortnite,Pc,147.65,Below Average,2.85,,11.0,3,7.9,6.7,Good,Rarely,True,False,True,0.4,Normal,Rarely,False,False,False,Low,0,3-6h,Action
GD0112,31,Female,Professional,20,5.5,Moba,League of Legends,Pc,126.15,Good,,8.0,10.2,4,6.4,6.8,Fair,Rarely,True,True,True,3.3,Normal,Never,False,True,False,Moderate,1,3-6h,Strategy
GD0113,16,Male,Student,5,3.6,Strategy,Age of Empires,Multi-platform,40.4,Below Average,3.82,,9.6,1,9.9,6.9,Fair,Often,False,False,False,0.2,Irritable,Often,False,False,False,Low,0,3-6h,Strategy
GD0114,20,Female,Student,5,9.2,Mobile games,Genshin Impact,Multi-platform,177.45,Below Average,2.98,6.0,3.6,6,7.0,5.8,Very Poor,Often,True,True,True,0.3,Withdrawn,Daily,True,False,False,High,1,6-9h,Casual
GD0115,23,Male,Professional,5,3.2,Mobile games,Genshin Impact,Console,49.01,Excellent,,9.0,11.7,3,10.0,8.4,Fair,Rarely,False,False,False,0.3,Normal,Daily,False,False,False,Low,0,0-3h,Casual
GD0116,22,Female,Student,8,8.4,Mmo,World of Warcraft,Mobile,82.28,Failing,2.57,3.0,3.4,6,5.6,4.2,Very Poor,Always,True,False,True,1.3,Irritable,Never,False,True,True,High,2,6-9h,Role-playing
GD0117,15,Male,Student,3,13.0,Battle royale,Apex Legends,Multi-platform,224.87,Below Average,2.6,,0.9,9,4.0,5.4,Very Poor,Sometimes,False,True,True,3.4,Depressed,Sometimes,False,True,True,Severe,2,12h+,Action
GD0118,15,Male,Student,1,5.7,Rpg,Skyrim,Console,61.16,Below Average,1.32,,9.1,4,7.7,5.5,Poor,Never,True,True,True,3.0,Anxious,Daily,False,True,False,Moderate,1,3-6h,Role-playing
GD0119,16,Other,Student,1,0.9,Mmo,World of Warcraft,Mobile,35.37,Good,1.75,,15.2,1,10.8,8.0,Fair,Sometimes,False,False,False,0.4,Withdrawn,Sometimes,False,False,False,Low,0,0-3h,Role-playing
GD0120,19,Male,Student,1,4.8,Mobile games,Clash of Clans,Console,29.59,Average,2.86,6.0,9.9,4,6.9,6.3,Poor,Sometimes,True,False,True,3.0,Normal,Often,False,False,False,Low,0,3-6h,Casual
GD0121,23,Male,Professional,1,11.8,Battle royale,Fortnite,Pc,391.88,Poor,,6.0,2.5,8,5.4,3.8,Very Poor,Often,True,True,True,6.1,Euphoric,Sometimes,True,False,False,High,1,9-12h,Action
GD0122,17,Male,Student,7,6.0,Fps,Overwatch,Mobile,147.47,Excellent,3.71,,10.4,5,7.6,6.7,Poor,Sometimes,True,True,True,2.2,Angry,Often,False,True,False,Moderate,1,3-6h,Action
GD0123,18,Male,Student,1,2.6,Moba,Mobile Legends,Multi-platform,37.3,Good,1.1,,12.6,2,7.8,7.3,Fair,Often,False,False,False,0.9,Normal,Never,False,False,False,Low,0,0-3h,Strategy
GD0124,14,Female,Student,2,7.7,Rpg,Skyrim,Multi-platform,25.58,Poor,1.96,,8.1,5,6.5,5.6,Poor,Never,True,True,True,3.8,Restless,Never,True,True,False,High,2,6-9h,Role-playing
GD0125,20,Female,Student,5,10.0,Mmo,Final Fantasy XIV,Console,358.72,Poor,2.19,4.0,2.0,6,3.6,5.5,Good,Always,False,False,False,4.4,Withdrawn,Sometimes,True,False,True,Severe,2,9-12h,Role-playing
GD0126,19,Male,Student,9,5.0,Mobile games,Clash of Clans,Multi-platform,143.86,Good,1.11,10.0,11.8,3,8.9,6.7,Poor,Always,True,False,True,1.5,Normal,Sometimes,False,False,False,Low,0,3-6h,Casual
GD0127,22,Male,Student,1,5.6,Battle royale,Warzone,Console,44.63,Below Average,1.69,4.0,5.7,5,8.3,5.1,Poor,Rarely,False,False,False,4.4,Anxious,Daily,False,False,False,Low,0,3-6h,Action
GD0128,19,Female,Student,6,4.3,Mmo,World of Warcraft,Console,48.0,Average,3.31,8.0,13.0,2,9.6,6.7,Very Poor,Sometimes,False,False,False,1.5,Normal,Never,False,False,False,Low,0,3-6h,Role-playing
GD0129,35,Male,Professional,15,3.1,Moba,League of Legends,Console,27.92,Below Average,,9.0,8.7,3,7.8,7.6,Good,Always,False,False,False,1.8,Excited,Daily,False,False,False,Low,0,0-3h,Strategy
GD0130,18,Female,Student,3,3.6,Mobile games,Clash of Clans,Console,13.53,Below Average,1.74,,8.7,2,6.0,6.3,Fair,Never,False,False,False,0.7,Depressed,Often,False,False,False,Low,0,3-6h,Casual
GD0131,20,Female,Student,10,6.9,Rpg,Cyberpunk 2077,Multi-platform,22.1,Good,3.11,10.0,6.5,4,6.9,4.9,Good,Often,True,True,True,1.0,Anxious,Daily,False,False,False,Low,0,6-9h,Role-playing
GD0132,16,Male,Student,4,5.2,Mobile games,Clash of Clans,Pc,20.36,Average,1.03,,6.7,2,9.1,5.7,Fair,Sometimes,True,False,True,0.4,Anxious,Never,False,False,False,Low,0,3-6h,Casual
GD0133,13,Male,Student,1,4.0,Battle royale,PUBG,Console,27.46,Average,1.42,,12.1,2,6.4,5.1,Poor,Always,False,False,False,0.4,Anxious,Daily,False,False,False,Low,0,3-6h,Action
GD0134,26,Male,Professional,1,8.3,Rpg,Elden Ring,Multi-platform,49.13,Average,,4.0,3.5,5,7.6,5.4,Poor,Often,True,False,True,4.4,Withdrawn,Never,False,True,True,High,2,6-9h,Role-playing
GD0135,16,Female,Student,4,3.6,Strategy,Civilization VI,Mobile,20.78,Good,4.0,,10.2,3,9.8,5.5,Very Poor,Always,False,False,False,0.6,Euphoric,Daily,False,False,False,Low,0,3-6h,Strategy
GD0136,24,Male,Professional,11,7.9,Mmo,Final Fantasy XIV,Console,30.7,Average,,2.0,5.0,5,5.3,4.6,Good,Often,True,True,True,0.9,Withdrawn,Rarely,True,True,False,High,2,6-9h,Role-playing
GD0137,19,Male,Student,9,8.0,Rpg,Cyberpunk 2077,Console,104.41,Below Average,2.1,4.0,6.4,7,4.1,3.4,Poor,Often,True,False,True,1.4,Restless,Often,True,True,True,Severe,3,6-9h,Role-playing
GD0138,19,Male,Student,2,9.3,Mobile games,Clash of Clans,Multi-platform,113.26,Below Average,3.59,2.0,5.7,7,4.0,4.8,Very Poor,Always,True,True,True,2.7,Euphoric,Sometimes,True,False,True,Severe,2,9-12h,Casual
GD0139,20,Male,Student,6,10.2,Rpg,Elden Ring,Mobile,314.14,Poor,3.47,7.0,4.5,7,3.0,5.1,Poor,Never,False,True,True,1.8,Irritable,Daily,False,False,False,Moderate,0,9-12h,Role-playing
GD0140,24,Male,Professional,5,7.2,Moba,Dota 2,Console,83.77,Poor,,1.0,6.7,5,7.5,4.6,Insomnia,Sometimes,True,True,True,3.4,Restless,Never,True,True,False,High,2,6-9h,Strategy
GD0141,15,Male,Student,4,7.0,Moba,League of Legends,Pc,80.95,Average,1.91,,8.9,4,6.3,4.7,Fair,Never,True,True,True,3.2,Anxious,Never,True,False,False,Moderate,1,6-9h,Strategy
GD0142,21,Male,Student,1,8.2,Mobile games,Clash of Clans,Multi-platform,52.5,Poor,1.78,8.0,5.5,4,4.0,3.7,Poor,Often,True,True,True,0.8,Angry,Often,True,False,False,Moderate,1,6-9h,Casual
GD0143,22,Male,Student,5,4.4,Fps,CS:GO,Mobile,21.43,Good,1.85,7.0,8.0,3,9.3,5.2,Poor,Often,False,False,False,1.4,Restless,Never,False,False,False,Low,0,3-6h,Action
GD0144,20,Male,Student,10,5.8,Moba,League of Legends,Multi-platform,111.06,Good,1.08,5.0,6.6,5,6.0,6.0,Fair,Sometimes,False,True,True,2.6,Normal,Daily,False,True,False,Moderate,1,3-6h,Strategy
GD0145,21,Male,Student,7,9.7,Battle royale,PUBG,Mobile,276.24,Below Average,3.37,8.0,2.5,8,3.7,4.5,Insomnia,Never,False,False,False,0.5,Euphoric,Sometimes,True,False,False,High,1,9-12h,Action
GD0146,17,Other,Student,2,3.2,Moba,League of Legends,Mobile,39.13,Average,2.58,,9.2,1,7.6,7.2,Fair,Never,False,False,False,1.5,Normal,Often,False,False,False,Low,0,0-3h,Strategy
GD0147,18,Male,Student,2,8.9,Strategy,Civilization VI,Console,342.1,Good,1.34,,5.1,5,4.9,3.5,Good,Always,True,True,True,2.7,Angry,Never,True,False,False,High,1,6-9h,Strategy
GD0148,30,Female,Professional,15,6.6,Mmo,Final Fantasy XIV,Pc,11.24,Poor,,7.0,6.8,5,6.5,5.2,Very Poor,Rarely,True,True,True,1.3,Excited,Never,True,False,False,Moderate,1,6-9h,Role-playing
GD0149,18,Male,Student,6,3.9,Rpg,Cyberpunk 2077,Multi-platform,23.79,Below Average,2.73,,10.9,3,9.4,6.5,Poor,Never,False,False,False,0.3,Normal,Often,False,False,False,Low,0,3-6h,Role-playing
GD0150,19,Male,Student,5,10.4,Strategy,StarCraft II,Mobile,412.09,Failing,1.76,3.0,5.9,8,5.6,5.1,Very Poor,Often,False,True,True,5.0,Withdrawn,Sometimes,True,True,False,Severe,2,9-12h,Strategy
GD0151,19,Male,Student,1,5.3,Moba,League of Legends,Multi-platform,39.82,Average,1.43,8.0,9.6,4,7.9,6.4,Poor,Rarely,True,False,True,2.4,Irritable,Never,False,False,False,Low,0,3-6h,Strategy
GD0152,16,Male,Student,2,4.8,Moba,League of Legends,Console,69.97,Excellent,1.61,,9.4,4,7.5,5.3,Fair,Never,True,False,True,0.9,Depressed,Daily,False,False,False,Low,0,3-6h,Strategy
GD0153,16,Female,Student,6,6.4,Moba,Mobile Legends,Pc,34.14,Below Average,3.34,,8.0,3,8.3,5.4,Fair,Rarely,False,False,False,0.1,Normal,Often,False,False,False,Low,0,6-9h,Strategy
GD0154,17,Male,Student,1,10.6,Rpg,Elden Ring,Mobile,247.77,Poor,1.06,,3.0,8,6.2,4.1,Insomnia,Often,False,True,True,1.8,Angry,Often,False,True,True,Severe,2,9-12h,Role-playing
GD0155,17,Male,Student,1,6.7,Fps,Call of Duty,Mobile,34.13,Average,1.21,,8.6,4,8.1,5.3,Insomnia,Often,True,True,True,1.4,Restless,Never,False,False,False,Low,0,6-9h,Action
GD0156,20,Male,Student,10,6.9,Battle royale,Fortnite,Console,59.03,Below Average,3.29,2.0,6.4,4,8.0,4.7,Insomnia,Always,False,False,False,1.1,Restless,Sometimes,True,False,False,Moderate,1,6-9h,Action
GD0157,16,Female,Student,6,2.2,Fps,Call of Duty,Multi-platform,31.73,Excellent,1.45,,11.1,1,8.6,7.7,Fair,Sometimes,False,False,False,0.1,Normal,Sometimes,False,False,False,Low,0,0-3h,Action
GD0158,22,Male,Student,12,9.0,Moba,Mobile Legends,Console,168.77,Poor,1.11,2.0,1.6,5,7.2,5.3,Poor,Sometimes,False,True,True,3.3,Depressed,Never,True,False,False,High,1,6-9h,Strategy
GD0159,25,Other,Professional,9,4.7,Rpg,Cyberpunk 2077,Multi-platform,110.14,Average,,1.0,9.1,4,7.4,7.0,Good,Never,True,False,True,0.6,Irritable,Never,False,False,False,Low,0,3-6h,Role-playing
GD0160,18,Male,Student,5,10.4,Moba,Mobile Legends,Pc,326.87,Poor,3.55,,5.7,6,6.6,4.7,Poor,Never,True,True,True,1.0,Anxious,Daily,True,True,False,Severe,2,9-12h,Strategy
GD0161,19,Male,Student,5,12.2,Moba,Dota 2,Mobile,473.21,Below Average,3.72,10.0,0.5,7,4.7,5.9,Fair,Often,False,True,True,2.1,Depressed,Sometimes,True,True,False,Severe,2,12h+,Strategy
GD0162,27,Male,Professional,7,4.3,Strategy,StarCraft II,Pc,44.35,Good,,5.0,8.0,2,7.9,5.3,Very Poor,Rarely,False,False,False,2.8,Normal,Daily,False,False,False,Low,0,3-6h,Strategy
GD0163,22,Female,Student,7,6.3,Moba,Mobile Legends,Console,53.06,Below Average,3.98,4.0,9.7,2,9.0,5.5,Fair,Sometimes,True,True,True,0.2,Restless,Never,False,False,False,Low,0,3-6h,Strategy
GD0164,18,Male,Student,5,7.7,Strategy,Civilization VI,Multi-platform,110.52,Below Average,3.22,,5.6,7,4.8,5.6,Poor,Sometimes,True,True,True,0.3,Anxious,Daily,False,True,True,High,2,6-9h,Strategy
GD0165,21,Female,Student,2,8.4,Rpg,Elden Ring,Console,128.87,Failing,3.14,9.0,6.3,5,4.8,5.7,Poor,Often,True,False,True,0.6,Anxious,Rarely,True,True,False,High,2,6-9h,Role-playing
GD0166,18,Male,Student,7,7.2,Strategy,Civilization VI,Pc,130.82,Below Average,3.97,,5.2,6,4.6,3.9,Poor,Often,True,True,True,0.4,Depressed,Never,True,False,False,Moderate,1,6-9h,Strategy
GD0167,21,Male,Student,5,5.1,Rpg,Skyrim,Multi-platform,20.68,Good,2.72,10.0,11.3,3,7.3,5.8,Fair,Never,False,False,False,1.1,Irritable,Never,False,False,False,Low,0,3-6h,Role-playing
GD0168,25,Male,Professional,11,5.8,Moba,Dota 2,Mobile,55.18,Below Average,,3.0,9.2,5,6.6,5.3,Fair,Rarely,True,False,True,0.5,Excited,Rarely,False,True,False,Moderate,1,3-6h,Strategy
GD0169,21,Male,Student,6,7.6,Fps,Overwatch,Mobile,38.69,Poor,1.5,9.0,4.6,6,4.7,5.6,Very Poor,Often,True,True,True,0.7,Euphoric,Rarely,True,False,True,High,2,6-9h,Action
GD0170,23,Male,Professional,3,2.6,Fps,Call of Duty,Mobile,6.45,Good,,4.0,14.0,1,8.8,8.3,Poor,Always,False,False,False,0.4,Normal,Never,False,False,False,Low,0,0-3h,Action
GD0171,21,Male,Student,8,1.3,Battle royale,Warzone,Pc,15.07,Good,1.44,5.0,12.6,1,9.6,8.4,Fair,Rarely,False,False,False,0.5,Normal,Often,False,False,False,Low,0,0-3h,Action
GD0172,24,Male,Professional,14,6.2,Rpg,Cyberpunk 2077,Multi-platform,135.88,Average,,10.0,4.9,6,6.5,5.9,Fair,Often,False,False,False,0.8,Anxious,Rarely,False,True,False,Moderate,1,3-6h,Role-playing
GD0173,21,Male,Student,1,9.1,Rpg,Elden Ring,Pc,396.01,Average,2.92,1.0,3.8,7,4.9,3.2,Very Poor,Never,True,True,True,1.4,Irritable,Rarely,True,True,False,Severe,2,6-9h,Role-playing
GD0174,22,Male,Student,3,10.1,Moba,Dota 2,Multi-platform,358.37,Below Average,1.1,2.0,2.0,8,4.2,3.4,Poor,Sometimes,True,False,True,2.8,Angry,Sometimes,True,True,False,Severe,2,9-12h,Strategy
GD0175,25,Male,Professional,7,7.9,Fps,Valorant,Multi-platform,53.96,Average,,6.0,3.3,5,7.4,5.1,Fair,Sometimes,True,False,True,0.5,Angry,Rarely,True,False,False,Moderate,1,6-9h,Action
GD0176,19,Female,Student,9,2.9,Strategy,Civilization VI,Multi-platform,35.81,Excellent,3.29,10.0,9.7,1,8.8,8.0,Good,Always,False,False,False,0.0,Angry,Rarely,False,False,False,Low,0,0-3h,Strategy
GD0177,19,Male,Student,1,4.6,Strategy,StarCraft II,Pc,10.06,Below Average,2.1,6.0,9.0,3,8.5,5.9,Fair,Rarely,False,False,False,1.0,Normal,Never,False,False,False,Low,0,3-6h,Strategy
GD0178,21,Male,Student,8,5.7,Mmo,Final Fantasy XIV,Multi-platform,123.33,Average,3.84,4.0,9.4,3,7.3,5.7,Good,Always,False,True,True,2.4,Angry,Never,False,True,False,Moderate,1,3-6h,Role-playing
GD0179,22,Female,Student,5,8.2,Moba,League of Legends,Multi-platform,77.94,Poor,2.27,6.0,7.8,5,4.2,4.2,Poor,Rarely,True,True,True,1.9,Withdrawn,Rarely,False,True,False,Moderate,1,6-9h,Strategy
GD0180,19,Female,Student,1,3.1,Moba,League of Legends,Mobile,15.06,Excellent,3.51,1.0,9.7,1,9.1,7.2,Good,Sometimes,False,False,False,1.2,Euphoric,Sometimes,False,False,False,Low,0,0-3h,Strategy
GD0181,22,Female,Student,12,7.3,Strategy,Age of Empires,Mobile,31.57,Excellent,2.15,5.0,8.8,4,7.9,3.0,Poor,Never,True,True,True,0.7,Angry,Sometimes,True,False,False,Moderate,1,6-9h,Strategy
GD0182,17,Female,Student,2,10.9,Mmo,Elder Scrolls Online,Mobile,232.94,Below Average,3.21,,1.1,6,3.7,3.8,Poor,Often,True,True,True,3.5,Irritable,Daily,True,True,True,Severe,3,9-12h,Role-playing
GD0183,28,Male,Professional,4,11.0,Rpg,Skyrim,Multi-platform,207.35,Average,,7.0,0.3,5,5.5,3.3,Very Poor,Sometimes,True,False,True,2.4,Anxious,Daily,True,True,True,Severe,3,9-12h,Role-playing
GD0184,19,Male,Student,8,11.0,Mobile games,PUBG Mobile,Pc,484.09,Poor,3.52,8.0,0.4,8,6.3,3.7,Fair,Often,False,False,False,8.0,Irritable,Never,True,False,False,High,1,9-12h,Casual
GD0185,24,Male,Professional,10,10.5,Mmo,Final Fantasy XIV,Multi-platform,240.74,Poor,,4.0,3.6,6,3.3,4.5,Very Poor,Often,False,True,True,3.1,Anxious,Often,True,True,False,Severe,2,9-12h,Role-playing
GD0186,19,Female,Student,8,7.0,Strategy,Age of Empires,Multi-platform,45.66,Below Average,1.42,4.0,5.4,4,8.4,4.1,Very Poor,Rarely,True,False,True,0.0,Restless,Sometimes,True,False,False,Moderate,1,6-9h,Strategy
GD0187,16,Female,Student,5,2.0,Rpg,Elden Ring,Mobile,23.53,Excellent,1.23,,12.7,3,9.9,7.6,Fair,Rarely,False,False,False,0.1,Normal,Daily,False,False,False,Low,0,0-3h,Role-playing
GD0188,24,Male,Professional,8,11.2,Mmo,Final Fantasy XIV,Mobile,246.83,Poor,,10.0,0.7,8,5.0,4.0,Very Poor,Never,True,False,True,3.5,Angry,Daily,True,True,True,Severe,3,9-12h,Role-playing
GD0189,21,Male,Student,8,4.4,Fps,Call of Duty,Multi-platform,45.31,Below Average,3.23,9.0,8.8,3,9.0,6.6,Fair,Rarely,False,False,False,1.7,Angry,Rarely,False,False,False,Low,0,3-6h,Action
GD0190,17,Male,Student,5,6.3,Mobile games,PUBG Mobile,Mobile,41.6,Average,3.5,,8.2,3,7.6,5.0,Poor,Rarely,True,True,True,0.3,Withdrawn,Never,False,False,False,Low,0,3-6h,Casual
GD0191,18,Male,Student,7,4.2,Fps,Valorant,Mobile,6.99,Average,1.64,,9.5,1,7.2,6.1,Poor,Never,False,False,False,0.6,Normal,Rarely,False,False,False,Low,0,3-6h,Action
GD0192,20,Male,Student,2,3.9,Mmo,Elder Scrolls Online,Console,36.21,Good,3.5,9.0,9.0,2,7.9,6.3,Good,Never,False,False,False,0.0,Angry,Often,False,False,False,Low,0,3-6h,Role-playing
GD0193,18,Female,Student,7,1.5,Strategy,StarCraft II,Mobile,32.0,Average,1.24,,13.6,1,11.5,7.0,Good,Never,False,False,False,0.3,Irritable,Daily,False,False,False,Low,0,0-3h,Strategy
GD0194,24,Male,Professional,11,8.8,Strategy,Civilization VI,Mobile,67.73,Good,,6.0,2.6,7,4.4,4.1,Very Poor,Sometimes,True,True,True,0.9,Irritable,Never,True,True,True,Severe,3,6-9h,Strategy
GD0195,21,Female,Student,10,3.7,Battle royale,Apex Legends,Multi-platform,24.63,Poor,2.84,8.0,7.4,3,8.0,5.8,Poor,Never,False,False,False,0.4,Angry,Never,False,False,False,Low,0,3-6h,Action
GD0196,19,Male,Student,2,5.2,Moba,Mobile Legends,Multi-platform,89.91,Good,1.85,8.0,6.2,1,8.8,6.5,Poor,Never,True,False,True,1.8,Angry,Daily,False,False,False,Low,0,3-6h,Strategy
GD0197,20,Male,Student,5,6.6,Fps,Overwatch,Mobile,56.6,Failing,1.77,5.0,5.5,6,7.4,5.1,Very Poor,Often,True,True,True,1.6,Irritable,Never,True,True,False,High,2,6-9h,Action
GD0198,24,Female,Professional,12,6.2,Strategy,StarCraft II,Pc,129.73,Average,,4.0,7.3,2,7.8,5.9,Fair,Always,False,True,True,0.7,Anxious,Rarely,False,False,False,Low,0,3-6h,Strategy
GD0199,18,Male,Student,1,3.6,Moba,Dota 2,Console,8.29,Below Average,2.02,,10.1,3,7.1,6.1,Poor,Always,False,False,False,0.2,Restless,Daily,False,False,False,Low,0,3-6h,Strategy
GD0200,21,Female,Student,3,6.0,Moba,Mobile Legends,Mobile,108.18,Excellent,2.41,3.0,10.3,3,6.1,6.7,Fair,Always,False,False,False,0.8,Irritable,Often,False,False,False,Low,0,3-6h,Strategy
GD0201,27,Male,Professional,2,4.3,Battle royale,Warzone,Multi-platform,4.81,Below Average,,2.0,12.6,3,8.8,5.5,Fair,Never,False,False,False,1.2,Normal,Rarely,False,False,False,Low,0,3-6h,Action
GD0202,16,Male,Student,6,8.7,Rpg,Elden Ring,Console,178.36,Below Average,1.3,,6.4,7,6.9,3.6,Poor,Sometimes,True,True,True,0.9,Depressed,Rarely,True,False,False,High,1,6-9h,Role-playing
GD0203,21,Male,Student,2,12.0,Mobile games,Genshin Impact,Mobile,389.7,Average,1.31,5.0,1.1,9,2.8,3.8,Very Poor,Sometimes,True,True,True,0.9,Depressed,Rarely,False,False,False,Moderate,0,9-12h,Casual
GD0204,22,Male,Student,3,5.4,Mmo,World of Warcraft,Mobile,39.77,Below Average,1.07,1.0,10.9,3,6.4,5.5,Good,Often,False,False,False,0.3,Excited,Rarely,False,False,False,Low,0,3-6h,Role-playing
GD0205,19,Female,Student,4,4.0,Strategy,StarCraft II,Pc,46.13,Average,1.85,1.0,8.2,2,6.6,6.9,Fair,Often,False,False,False,0.4,Angry,Daily,False,False,False,Low,0,3-6h,Strategy
GD0206,14,Female,Student,4,4.7,Moba,Dota 2,Mobile,87.51,Good,3.44,,8.3,3,7.3,5.5,Poor,Sometimes,True,False,True,1.1,Withdrawn,Sometimes,False,False,False,Low,0,3-6h,Strategy
GD0207,21,Male,Student,11,2.7,Mmo,Elder Scrolls Online,Pc,12.31,Good,3.69,3.0,12.0,1,6.8,8.2,Good,Often,False,False,False,0.6,Angry,Sometimes,False,False,False,Low,0,0-3h,Role-playing
GD0208,20,Male,Student,1,7.2,Strategy,Civilization VI,Mobile,123.4,Failing,2.58,8.0,3.6,5,8.0,4.3,Very Poor,Always,False,True,True,0.6,Irritable,Sometimes,True,True,False,High,2,6-9h,Strategy
GD0209,27,Male,Professional,7,3.9,Strategy,StarCraft II,Multi-platform,18.05,Below Average,,6.0,11.2,1,6.1,6.9,Poor,Always,False,False,False,0.1,Excited,Never,False,False,False,Low,0,3-6h,Strategy
GD0210,24,Other,Professional,5,12.9,Mobile games,Clash of Clans,Console,189.43,Failing,,10.0,1.4,7,4.9,5.5,Fair,Rarely,True,False,True,2.6,Irritable,Daily,True,False,False,High,1,12h+,Casual
GD0211,21,Male,Student,7,5.1,Moba,Dota 2,Pc,47.43,Good,1.28,1.0,7.2,4,9.2,6.7,Fair,Always,True,False,True,1.4,Irritable,Never,False,False,False,Low,0,3-6h,Strategy
GD0212,21,Male,Student,4,8.8,Mmo,Elder Scrolls Online,Multi-platform,462.75,Below Average,3.2,10.0,5.7,5,5.9,5.6,Poor,Rarely,True,True,True,3.6,Angry,Never,False,True,True,Severe,2,6-9h,Role-playing
GD0213,19,Male,Student,1,5.2,Strategy,StarCraft II,Mobile,60.25,Good,3.7,2.0,8.5,2,7.9,6.3,Good,Rarely,True,False,True,2.0,Restless,Often,False,False,False,Low,0,3-6h,Strategy
GD0214,20,Male,Student,1,6.2,Mobile games,PUBG Mobile,Console,109.33,Good,2.19,3.0,10.6,3,6.7,5.3,Fair,Never,True,True,True,0.1,Angry,Never,False,False,False,Low,0,3-6h,Casual
GD0215,19,Female,Student,5,4.3,Mmo,Final Fantasy XIV,Mobile,12.63,Average,3.09,3.0,8.1,3,6.3,5.3,Fair,Sometimes,False,False,False,1.3,Normal,Sometimes,False,False,False,Low,0,3-6h,Role-playing
GD0216,19,Male,Student,2,9.3,Mobile games,Genshin Impact,Multi-platform,371.68,Poor,2.92,8.0,2.7,5,5.9,5.2,Very Poor,Sometimes,True,True,True,0.6,Restless,Rarely,False,False,True,High,1,9-12h,Casual
GD0217,20,Male,Student,3,11.3,Strategy,StarCraft II,Mobile,485.6,Poor,2.86,2.0,3.7,6,2.6,5.9,Fair,Rarely,True,True,True,4.4,Anxious,Rarely,True,False,False,High,1,9-12h,Strategy
GD0218,22,Male,Student,9,11.0,Fps,Overwatch,Mobile,96.98,Poor,3.23,4.0,0.0,10,3.5,4.3,Very Poor,Rarely,False,True,True,3.6,Anxious,Often,True,False,True,Severe,2,9-12h,Action
GD0219,17,Other,Student,5,7.1,Mobile games,PUBG Mobile,Mobile,104.49,Poor,2.41,,5.3,3,4.8,5.4,Fair,Sometimes,True,True,True,1.3,Anxious,Rarely,False,False,False,Low,0,6-9h,Casual
GD0220,17,Male,Student,2,4.6,Rpg,Skyrim,Pc,17.42,Average,3.24,,9.1,3,7.2,5.7,Fair,Always,True,False,True,1.4,Normal,Sometimes,False,False,False,Low,0,3-6h,Role-playing
GD0221,20,Male,Student,2,3.2,Moba,Dota 2,Multi-platform,17.98,Good,3.65,9.0,12.2,3,9.4,7.2,Good,Often,False,False,False,1.4,Euphoric,Often,False,False,False,Low,0,0-3h,Strategy
GD0222,16,Male,Student,1,5.1,Mmo,Final Fantasy XIV,Multi-platform,130.26,Average,1.35,,7.2,3,8.0,6.6,Good,Sometimes,True,False,True,2.6,Restless,Sometimes,False,False,False,Low,0,3-6h,Role-playing
GD0223,17,Male,Student,4,2.7,Moba,Dota 2,Console,43.38,Excellent,1.44,,11.6,1,9.1,8.6,Good,Rarely,False,False,False,0.8,Depressed,Rarely,False,False,False,Low,0,0-3h,Strategy
GD0224,20,Female,Student,7,2.7,Battle royale,Warzone,Pc,37.91,Good,3.38,2.0,13.9,2,6.6,7.1,Fair,Rarely,False,False,False,0.6,Normal,Often,False,False,False,Low,0,0-3h,Action
GD0225,18,Male,Student,1,4.1,Strategy,StarCraft II,Multi-platform,34.75,Excellent,3.01,,9.9,3,8.9,5.8,Fair,Never,False,False,False,0.2,Anxious,Never,False,False,False,Low,0,3-6h,Strategy
GD0226,20,Female,Student,10,0.5,Strategy,Age of Empires,Mobile,22.38,Good,3.88,3.0,15.0,1,10.4,8.7,Good,Never,False,False,False,0.4,Irritable,Daily,False,False,False,Low,0,0-3h,Strategy
GD0227,19,Male,Student,5,7.1,Mmo,Final Fantasy XIV,Console,79.0,Below Average,2.45,4.0,3.7,5,8.5,4.3,Very Poor,Always,False,True,True,0.1,Euphoric,Often,False,True,False,Moderate,1,6-9h,Role-playing
GD0228,19,Female,Student,6,7.8,Moba,League of Legends,Mobile,135.38,Poor,2.89,6.0,8.3,4,4.7,4.2,Fair,Sometimes,False,False,False,0.1,Depressed,Often,False,False,False,Low,0,6-9h,Strategy
GD0229,20,Female,Student,10,3.5,Moba,Mobile Legends,Console,48.25,Average,3.22,3.0,8.5,2,10.0,5.0,Poor,Never,False,False,False,1.0,Restless,Often,False,False,False,Low,0,3-6h,Strategy
GD0230,19,Male,Student,6,8.7,Battle royale,Fortnite,Console,362.26,Below Average,3.47,2.0,3.2,5,6.4,3.3,Poor,Rarely,False,False,False,1.6,Normal,Rarely,True,False,False,High,1,6-9h,Action
GD0231,19,Male,Student,6,8.2,Battle royale,PUBG,Multi-platform,18.61,Poor,2.47,7.0,4.0,5,5.4,5.9,Poor,Often,False,True,True,0.9,Depressed,Sometimes,True,False,True,High,2,6-9h,Action
GD0232,19,Female,Student,4,8.7,Rpg,Cyberpunk 2077,Pc,428.62,Poor,1.97,10.0,7.2,6,4.8,4.2,Fair,Always,False,False,False,5.5,Anxious,Daily,False,True,False,High,1,6-9h,Role-playing
GD0233,27,Male,Professional,8,6.0,Moba,Dota 2,Pc,74.07,Below Average,,3.0,5.0,5,5.3,5.7,Good,Often,True,False,True,1.2,Depressed,Daily,False,False,False,Low,0,3-6h,Strategy
GD0234,18,Female,Student,6,5.9,Fps,Overwatch,Mobile,25.16,Average,2.37,,6.1,3,6.2,5.2,Fair,Always,True,True,True,3.1,Euphoric,Often,False,True,False,Moderate,1,3-6h,Action
GD0235,23,Male,Professional,2,5.2,Mobile games,Clash of Clans,Mobile,103.9,Excellent,,2.0,9.6,2,8.4,5.9,Fair,Sometimes,True,False,True,1.5,Excited,Rarely,False,False,False,Low,0,3-6h,Casual
GD0236,21,Male,Student,11,5.5,Mmo,Final Fantasy XIV,Pc,121.44,Excellent,2.35,10.0,5.3,3,8.7,5.3,Good,Rarely,False,False,False,3.9,Restless,Often,False,True,False,Moderate,1,3-6h,Role-playing
GD0237,17,Male,Student,4,7.5,Moba,League of Legends,Mobile,145.06,Below Average,2.62,,4.5,5,7.7,3.4,Very Poor,Rarely,True,False,True,0.2,Anxious,Never,False,False,True,Moderate,1,6-9h,Strategy
GD0238,26,Female,Professional,14,8.8,Mmo,Elder Scrolls Online,Pc,430.82,Average,,9.0,1.6,6,5.9,4.9,Poor,Often,False,True,True,3.5,Euphoric,Rarely,True,True,True,Severe,3,6-9h,Role-playing
GD0239,20,Female,Student,2,5.7,Rpg,Elden Ring,Mobile,60.72,Average,2.25,3.0,8.5,5,8.7,5.5,Fair,Sometimes,False,True,True,0.3,Euphoric,Daily,False,True,False,Moderate,1,3-6h,Role-playing
GD0240,22,Female,Student,7,10.9,Fps,Call of Duty,Pc,247.59,Poor,3.74,9.0,0.0,8,5.2,5.2,Very Poor,Never,True,True,True,3.0,Irritable,Never,True,True,False,Severe,2,9-12h,Action
GD0241,17,Male,Student,4,2.3,Fps,Overwatch,Mobile,35.91,Good,1.39,,12.7,4,7.0,8.7,Good,Often,False,False,False,0.8,Restless,Often,False,False,False,Low,0,0-3h,Action
GD0242,24,Male,Professional,7,0.7,Fps,Valorant,Multi-platform,6.93,Average,,5.0,11.0,1,9.5,8.3,Good,Often,False,False,False,0.3,Normal,Daily,False,False,False,Low,0,0-3h,Action
GD0243,20,Male,Student,9,6.6,Mmo,Elder Scrolls Online,Console,50.22,Poor,3.02,3.0,7.5,3,8.1,3.8,Very Poor,Often,True,True,True,0.1,Angry,Sometimes,True,True,False,High,2,6-9h,Role-playing
GD0244,19,Female,Student,3,9.3,Fps,CS:GO,Multi-platform,195.86,Poor,3.51,5.0,4.6,5,6.1,3.0,Poor,Sometimes,True,False,True,2.3,Irritable,Daily,True,False,False,High,1,9-12h,Action
GD0245,33,Female,Professional,20,2.7,Fps,Overwatch,Mobile,31.35,Good,,6.0,10.7,2,8.3,8.7,Good,Rarely,False,False,False,1.0,Normal,Rarely,False,False,False,Low,0,0-3h,Action
GD0246,14,Male,Student,2,1.0,Mmo,World of Warcraft,Multi-platform,35.39,Below Average,2.33,,13.4,1,10.1,7.2,Fair,Often,False,False,False,0.4,Restless,Sometimes,False,False,False,Low,0,0-3h,Role-playing
GD0247,20,Female,Student,2,8.9,Strategy,Civilization VI,Mobile,131.33,Poor,3.28,1.0,4.7,5,6.9,4.3,Fair,Rarely,True,True,True,3.4,Angry,Rarely,True,False,True,Severe,2,6-9h,Strategy
GD0248,20,Male,Student,2,8.2,Fps,CS:GO,Console,103.72,Failing,2.33,8.0,5.2,5,5.8,3.2,Poor,Never,False,True,True,3.6,Anxious,Rarely,False,False,True,Moderate,1,6-9h,Action
GD0249,18,Male,Student,6,7.8,Mmo,Final Fantasy XIV,Mobile,89.41,Poor,3.65,,6.3,6,5.8,3.7,Very Poor,Sometimes,False,True,True,1.4,Euphoric,Never,True,True,True,Severe,3,6-9h,Role-playing
GD0250,25,Female,Professional,9,3.9,Battle royale,PUBG,Console,17.57,Average,,2.0,12.4,2,8.2,6.3,Poor,Always,False,False,False,0.2,Irritable,Often,False,False,False,Low,0,3-6h,Action
GD0251,16,Male,Student,5,4.6,Battle royale,PUBG,Multi-platform,37.4,Below Average,3.2,,8.9,3,6.9,6.0,Very Poor,Sometimes,True,False,True,1.6,Restless,Often,False,False,False,Low,0,3-6h,Action
GD0252,20,Male,Student,4,8.2,Moba,Dota 2,Pc,66.44,Below Average,2.21,6.0,6.4,6,6.6,5.0,Poor,Often,False,True,True,3.1,Restless,Sometimes,True,False,True,High,2,6-9h,Strategy
GD0253,18,Female,Student,6,7.3,Mobile games,Candy Crush,Mobile,81.74,Excellent,2.27,,5.0,5,6.4,4.7,Very Poor,Always,True,False,True,2.8,Irritable,Never,True,True,False,High,2,6-9h,Casual
GD0254,23,Female,Professional,11,2.0,Moba,Mobile Legends,Console,20.74,Excellent,,10.0,13.7,1,10.6,8.7,Fair,Sometimes,False,False,False,0.5,Excited,Daily,False,False,False,Low,0,0-3h,Strategy
GD0255,19,Male,Student,7,5.5,Rpg,Cyberpunk 2077,Mobile,149.11,Poor,1.05,1.0,9.7,3,7.7,6.1,Fair,Rarely,False,False,False,2.8,Irritable,Daily,False,True,False,Moderate,1,3-6h,Role-playing
GD0256,23,Male,Professional,8,4.4,Mobile games,PUBG Mobile,Pc,14.36,Average,,1.0,9.7,3,8.9,6.3,Fair,Often,False,False,False,0.5,Depressed,Rarely,False,False,False,Low,0,3-6h,Casual
GD0257,20,Male,Student,6,7.9,Fps,Overwatch,Console,89.96,Below Average,1.94,6.0,8.0,5,5.6,4.7,Good,Often,False,True,True,3.9,Withdrawn,Never,True,True,False,High,2,6-9h,Action
GD0258,27,Male,Professional,10,14.2,Strategy,StarCraft II,Multi-platform,73.8,Failing,,7.0,0.0,9,2.9,3.4,Very Poor,Rarely,True,True,True,4.4,Anxious,Rarely,False,False,False,Moderate,0,12h+,Strategy
GD0259,15,Male,Student,2,15.1,Strategy,Age of Empires,Multi-platform,435.38,Poor,3.72,,0.0,9,0.7,5.7,Fair,Sometimes,True,True,True,1.5,Restless,Never,False,False,False,Moderate,0,12h+,Strategy
GD0260,13,Female,Student,3,5.2,Mobile games,PUBG Mobile,Multi-platform,92.86,Average,3.1,,8.8,3,8.9,5.5,Fair,Always,True,False,True,1.3,Normal,Never,False,False,False,Low,0,3-6h,Casual
GD0261,19,Male,Student,1,10.6,Moba,League of Legends,Console,435.3,Failing,3.07,7.0,0.3,5,2.5,5.5,Good,Always,False,False,False,2.2,Anxious,Often,True,True,False,Severe,2,9-12h,Strategy
GD0262,26,Male,Professional,1,3.7,Mobile games,PUBG Mobile,Pc,18.82,Good,,1.0,7.4,3,6.2,5.0,Fair,Always,False,False,False,1.8,Restless,Daily,False,False,False,Low,0,3-6h,Casual
GD0263,26,Female,Professional,14,8.2,Mobile games,Clash of Clans,Multi-platform,134.24,Average,,9.0,8.0,5,7.0,4.1,Very Poor,Often,False,True,True,0.2,Anxious,Daily,False,False,False,Low,0,6-9h,Casual
GD0264,20,Male,Student,7,10.3,Mmo,Elder Scrolls Online,Mobile,266.35,Below Average,1.53,9.0,4.2,7,4.3,3.2,Very Poor,Often,False,True,True,0.1,Euphoric,Sometimes,False,True,False,High,1,9-12h,Role-playing
GD0265,17,Male,Student,4,9.3,Rpg,Elden Ring,Console,366.44,Average,1.6,,4.1,8,6.6,4.8,Very Poor,Often,True,True,True,3.2,Anxious,Rarely,True,False,True,Severe,2,9-12h,Role-playing
GD0266,16,Male,Student,5,11.8,Mobile games,PUBG Mobile,Pc,270.57,Poor,2.69,,1.1,10,4.8,3.3,Very Poor,Rarely,True,False,True,2.7,Restless,Often,True,True,False,Severe,2,9-12h,Casual
GD0267,13,Male,Student,1,9.8,Rpg,Cyberpunk 2077,Console,418.07,Below Average,2.05,,2.7,8,6.2,4.5,Poor,Sometimes,True,True,True,4.6,Restless,Rarely,True,True,False,Severe,2,9-12h,Role-playing
GD0268,20,Female,Student,7,7.5,Mobile games,Candy Crush,Multi-platform,83.3,Poor,1.41,2.0,3.6,4,7.5,4.3,Very Poor,Rarely,True,False,True,5.0,Withdrawn,Daily,True,True,False,High,2,6-9h,Casual
GD0269,32,Female,Professional,6,6.6,Fps,CS:GO,Pc,77.47,Average,,3.0,9.4,6,5.2,3.7,Poor,Rarely,True,True,True,0.9,Irritable,Often,True,True,False,High,2,6-9h,Action
GD0270,20,Female,Student,9,2.8,Fps,Valorant,Console,13.4,Below Average,1.18,4.0,10.0,3,6.5,8.0,Good,Never,False,False,False,1.3,Excited,Daily,False,False,False,Low,0,0-3h,Action
GD0271,25,Female,Professional,3,12.6,Battle royale,Warzone,Pc,438.13,Average,,2.0,0.0,7,4.5,4.8,Very Poor,Sometimes,True,True,True,0.5,Euphoric,Rarely,True,True,True,Severe,3,12h+,Action
GD0272,30,Male,Professional,12,5.0,Moba,Mobile Legends,Multi-platform,106.3,Average,,9.0,10.5,4,7.1,6.9,Fair,Rarely,True,False,True,1.0,Irritable,Sometimes,False,False,False,Low,0,3-6h,Strategy
GD0273,27,Female,Professional,8,5.4,Fps,CS:GO,Multi-platform,106.06,Average,,7.0,11.3,3,9.5,5.3,Good,Sometimes,False,False,False,1.0,Depressed,Often,False,False,False,Low,0,3-6h,Action
GD0274,17,Male,Student,3,5.3,Fps,CS:GO,Mobile,122.21,Average,2.18,,6.5,1,6.1,6.5,Fair,Sometimes,True,False,True,2.0,Euphoric,Never,False,False,False,Low,0,3-6h,Action
GD0275,25,Female,Professional,3,9.4,Rpg,Cyberpunk 2077,Mobile,469.94,Below Average,,9.0,4.4,6,7.4,4.8,Poor,Sometimes,True,True,True,1.7,Depressed,Rarely,False,False,False,Moderate,0,9-12h,Role-playing
GD0276,24,Male,Professional,5,7.8,Mobile games,Clash of Clans,Mobile,93.67,Below Average,,10.0,7.6,5,5.2,4.8,Poor,Always,True,False,True,0.2,Irritable,Daily,False,False,False,Low,0,6-9h,Casual
GD0277,22,Female,Student,1,5.1,Rpg,Skyrim,Console,24.45,Average,2.54,2.0,9.8,3,5.7,6.7,Good,Rarely,True,False,True,0.4,Angry,Often,False,False,False,Low,0,3-6h,Role-playing
GD0278,19,Female,Student,2,1.9,Rpg,Cyberpunk 2077,Mobile,23.64,Good,1.14,8.0,15.3,2,7.4,7.4,Good,Sometimes,False,False,False,0.5,Angry,Never,False,False,False,Low,0,0-3h,Role-playing
GD0279,15,Male,Student,1,8.8,Mobile games,Genshin Impact,Pc,83.42,Below Average,2.6,,7.1,7,7.0,5.4,Fair,Always,False,True,True,0.7,Depressed,Often,True,True,False,Severe,2,6-9h,Casual
GD0280,16,Male,Student,6,1.8,Rpg,Skyrim,Mobile,35.0,Good,2.01,,11.8,1,10.1,8.5,Fair,Always,False,False,False,0.5,Normal,Often,False,False,False,Low,0,0-3h,Role-playing
GD0281,26,Female,Professional,14,2.9,Battle royale,PUBG,Pc,33.83,Good,,6.0,14.3,3,9.7,9.0,Fair,Always,False,False,False,0.8,Normal,Daily,False,False,False,Low,0,0-3h,Action
GD0282,28,Male,Professional,7,3.5,Battle royale,PUBG,Multi-platform,2.01,Average,,10.0,7.7,1,7.6,6.5,Fair,Always,False,False,False,0.7,Withdrawn,Rarely,False,False,False,Low,0,3-6h,Action
GD0283,16,Male,Student,4,9.9,Fps,CS:GO,Pc,257.0,Below Average,3.99,,3.4,5,4.5,3.7,Good,Often,True,False,True,1.9,Withdrawn,Never,False,False,True,High,1,9-12h,Action
GD0284,17,Male,Student,3,6.3,Fps,Call of Duty,Console,33.48,Below Average,3.66,,10.1,6,7.3,5.0,Fair,Rarely,True,False,True,1.8,Angry,Rarely,False,True,False,Moderate,1,3-6h,Action
GD0285,19,Male,Student,8,8.0,Moba,League of Legends,Mobile,18.98,Poor,1.09,6.0,2.9,4,7.1,5.4,Fair,Sometimes,True,True,True,1.0,Withdrawn,Often,True,False,False,Moderate,1,6-9h,Strategy
GD0286,22,Male,Student,8,3.8,Battle royale,Warzone,Console,31.5,Average,1.69,5.0,9.4,3,10.0,5.4,Good,Always,False,False,False,1.0,Depressed,Often,False,False,False,Low,0,3-6h,Action
GD0287,20,Male,Student,8,2.2,Mmo,Elder Scrolls Online,Mobile,0.65,Good,1.15,5.0,12.5,2,8.8,8.1,Good,Never,False,False,False,1.2,Excited,Rarely,False,False,False,Low,0,0-3h,Role-playing
GD0288,17,Male,Student,5,3.6,Fps,Overwatch,Pc,15.92,Good,1.08,,10.2,3,6.4,6.1,Very Poor,Rarely,False,False,False,0.9,Restless,Sometimes,False,False,False,Low,0,3-6h,Action
GD0289,21,Male,Student,3,3.7,Fps,CS:GO,Pc,44.68,Excellent,2.74,4.0,7.5,3,6.1,6.9,Fair,Often,False,False,False,0.3,Euphoric,Often,False,False,False,Low,0,3-6h,Action
GD0290,21,Female,Student,7,1.9,Fps,Valorant,Multi-platform,16.75,Good,3.9,3.0,14.5,1,9.7,8.7,Good,Rarely,False,False,False,0.1,Withdrawn,Never,False,False,False,Low,0,0-3h,Action
GD0291,18,Male,Student,5,6.7,Fps,Call of Duty,Pc,148.22,Poor,1.39,,5.4,4,7.5,3.6,Poor,Never,False,False,False,0.5,Withdrawn,Rarely,False,False,False,Low,0,6-9h,Action
GD0292,19,Male,Student,3,4.1,Battle royale,PUBG,Multi-platform,36.57,Below Average,2.36,5.0,11.5,2,8.1,5.3,Fair,Often,False,False,False,0.4,Irritable,Never,False,False,False,Low,0,3-6h,Action
GD0293,20,Male,Student,2,3.9,Moba,League of Legends,Mobile,42.46,Below Average,3.88,8.0,12.1,3,7.0,6.7,Good,Never,False,False,False,0.1,Irritable,Often,False,False,False,Low,0,3-6h,Strategy
GD0294,34,Male,Professional,16,2.8,Strategy,StarCraft II,Pc,4.35,Excellent,,2.0,13.5,2,9.9,7.1,Good,Sometimes,False,False,False,0.9,Anxious,Rarely,False,False,False,Low,0,0-3h,Strategy
GD0295,20,Male,Student,1,8.4,Mmo,World of Warcraft,Mobile,18.07,Below Average,2.0,4.0,3.0,5,4.1,4.3,Fair,Sometimes,True,True,True,0.9,Angry,Rarely,True,True,False,High,2,6-9h,Role-playing
GD0296,19,Female,Student,7,5.4,Moba,Mobile Legends,Console,144.36,Average,2.94,3.0,11.1,3,6.7,6.4,Fair,Rarely,True,False,True,0.2,Irritable,Never,False,False,False,Low,0,3-6h,Strategy
GD0297,13,Male,Student,3,6.2,Mmo,Elder Scrolls Online,Console,75.94,Average,2.61,,10.4,4,6.6,5.7,Very Poor,Always,True,True,True,1.1,Irritable,Often,False,False,False,Low,0,3-6h,Role-playing
GD0298,21,Male,Student,6,8.6,Moba,Dota 2,Pc,394.83,Below Average,3.75,6.0,4.7,8,6.5,3.2,Very Poor,Sometimes,True,False,True,2.8,Restless,Daily,True,True,True,Severe,3,6-9h,Strategy
GD0299,20,Male,Student,7,7.6,Battle royale,Apex Legends,Mobile,49.2,Poor,1.45,7.0,3.7,7,5.7,5.2,Fair,Rarely,True,False,True,2.1,Depressed,Rarely,True,False,True,High,2,6-9h,Action
GD0300,24,Female,Professional,12,8.6,Rpg,Cyberpunk 2077,Pc,142.09,Good,,7.0,6.9,7,5.0,3.8,Poor,Never,True,True,True,1.7,Irritable,Daily,True,True,False,Severe,2,6-9h,Role-playing
GD0301,22,Female,Student,8,3.8,Rpg,Cyberpunk 2077,Multi-platform,16.03,Average,1.25,8.0,12.9,2,6.4,5.4,Poor,Never,False,False,False,1.5,Irritable,Often,False,False,False,Low,0,3-6h,Role-playing
GD0302,17,Male,Student,5,6.2,Mmo,Final Fantasy XIV,Pc,144.07,Average,3.16,,10.2,5,5.9,6.4,Good,Never,False,True,True,1.5,Anxious,Sometimes,False,True,False,Moderate,1,3-6h,Role-playing
GD0303,18,Male,Student,6,4.9,Strategy,Age of Empires,Mobile,65.41,Good,3.45,,10.3,4,7.8,6.3,Poor,Sometimes,True,False,True,0.3,Irritable,Often,False,False,False,Low,0,3-6h,Strategy
GD0304,20,Female,Student,8,7.0,Strategy,StarCraft II,Console,99.51,Poor,1.73,5.0,4.9,5,6.2,3.7,Insomnia,Rarely,True,False,True,0.5,Anxious,Never,True,True,False,High,2,6-9h,Strategy
GD0305,19,Male,Student,4,6.1,Rpg,Elden Ring,Console,96.25,Below Average,1.15,1.0,5.9,3,8.9,6.6,Fair,Sometimes,True,False,True,0.1,Euphoric,Never,False,True,False,Moderate,1,3-6h,Role-playing
GD0306,22,Male,Student,10,6.0,Battle royale,Warzone,Pc,41.72,Good,3.24,5.0,7.0,4,7.0,7.0,Poor,Sometimes,True,True,True,1.6,Anxious,Never,False,False,False,Low,0,3-6h,Action
GD0307,19,Male,Student,1,7.8,Mmo,World of Warcraft,Multi-platform,58.16,Good,3.5,10.0,7.5,4,5.5,3.5,Poor,Often,False,False,False,1.5,Withdrawn,Rarely,True,False,True,High,2,6-9h,Role-playing
GD0308,19,Male,Student,6,8.2,Rpg,Cyberpunk 2077,Mobile,54.27,Average,3.66,6.0,7.8,5,5.1,4.4,Insomnia,Always,True,True,True,3.2,Irritable,Never,True,True,True,Severe,3,6-9h,Role-playing
GD0309,25,Female,Professional,2,6.6,Mobile games,Candy Crush,Multi-platform,33.83,Poor,,9.0,9.2,4,6.4,5.3,Poor,Often,False,True,True,2.9,Restless,Rarely,True,True,False,High,2,6-9h,Casual
GD0310,16,Male,Student,3,1.9,Mobile games,PUBG Mobile,Console,17.48,Good,3.14,,12.6,1,8.2,7.2,Fair,Always,False,False,False,0.4,Normal,Sometimes,False,False,False,Low,0,0-3h,Casual
GD0311,19,Female,Student,5,4.8,Mmo,World of Warcraft,Pc,111.95,Good,2.02,3.0,7.0,4,7.9,6.5,Very Poor,Never,True,False,True,2.0,Euphoric,Never,False,False,False,Low,0,3-6h,Role-playing
GD0312,19,Male,Student,6,7.1,Moba,Dota 2,Pc,117.05,Failing,3.78,4.0,6.6,3,5.7,3.3,Fair,Rarely,True,False,True,1.8,Irritable,Rarely,True,False,False,Moderate,1,6-9h,Strategy
GD0313,19,Female,Student,9,2.3,Mmo,Final Fantasy XIV,Mobile,13.66,Below Average,1.48,7.0,11.5,1,9.7,8.3,Very Poor,Rarely,False,False,False,0.1,Irritable,Sometimes,False,False,False,Low,0,0-3h,Role-playing
GD0314,30,Male,Professional,4,3.5,Mmo,Elder Scrolls Online,Pc,45.36,Average,,3.0,8.6,3,6.2,5.1,Fair,Sometimes,False,False,False,0.4,Normal,Daily,False,False,False,Low,0,3-6h,Role-playing
GD0315,19,Male,Student,3,6.2,Strategy,Age of Empires,Mobile,36.33,Below Average,1.77,1.0,9.4,3,8.4,6.4,Poor,Often,False,True,True,2.4,Anxious,Rarely,False,False,False,Low,0,3-6h,Strategy
GD0316,15,Female,Student,5,6.8,Moba,Dota 2,Pc,125.63,Below Average,3.27,,6.1,3,6.6,5.3,Good,Sometimes,False,True,True,1.7,Anxious,Never,False,False,False,Low,0,6-9h,Strategy
GD0317,18,Male,Student,8,3.8,Rpg,Elden Ring,Pc,3.71,Good,3.74,,13.0,2,9.4,5.2,Fair,Always,False,False,False,0.9,Anxious,Rarely,False,False,False,Low,0,3-6h,Role-playing
GD0318,21,Male,Student,11,5.3,Mobile games,Clash of Clans,Multi-platform,11.59,Average,2.24,2.0,8.2,3,7.9,6.2,Very Poor,Rarely,True,False,True,1.4,Restless,Daily,False,False,False,Low,0,3-6h,Casual
GD0319,23,Male,Professional,4,9.4,Battle royale,Fortnite,Pc,230.02,Poor,,6.0,3.1,6,6.7,3.5,Fair,Often,True,False,True,4.1,Normal,Rarely,False,True,True,Severe,2,9-12h,Action
GD0320,30,Male,Professional,1,8.3,Moba,Dota 2,Pc,28.19,Average,,1.0,3.1,6,7.0,3.4,Very Poor,Sometimes,True,False,True,1.6,Angry,Daily,False,True,False,Moderate,1,6-9h,Strategy
GD0321,13,Male,Student,1,9.4,Mobile games,Candy Crush,Pc,209.9,Average,3.66,,3.6,7,5.7,5.3,Poor,Sometimes,True,True,True,0.8,Depressed,Sometimes,True,True,False,Severe,2,9-12h,Casual
GD0322,20,Female,Student,2,5.2,Fps,Valorant,Multi-platform,38.79,Below Average,2.76,7.0,6.5,4,7.2,5.3,Good,Often,False,False,False,1.2,Normal,Sometimes,False,False,False,Low,0,3-6h,Action
GD0323,16,Male,Student,4,8.3,Rpg,Elden Ring,Multi-platform,15.74,Poor,1.8,,8.1,3,6.9,5.4,Poor,Never,True,True,True,3.1,Euphoric,Never,True,True,True,Severe,3,6-9h,Role-playing
GD0324,30,Male,Professional,11,4.4,Strategy,Civilization VI,Multi-platform,38.23,Average,,2.0,10.4,2,7.5,6.3,Good,Sometimes,False,False,False,1.6,Anxious,Rarely,False,False,False,Low,0,3-6h,Strategy
GD0325,20,Male,Student,7,10.3,Mmo,Final Fantasy XIV,Mobile,420.51,Poor,1.12,4.0,4.5,6,4.2,5.0,Poor,Never,False,True,True,1.9,Anxious,Rarely,True,True,False,Severe,2,9-12h,Role-playing
GD0326,20,Male,Student,7,9.8,Rpg,Elden Ring,Pc,362.82,Below Average,3.74,4.0,2.9,8,3.6,3.6,Poor,Never,False,False,False,0.6,Irritable,Rarely,True,True,False,Severe,2,9-12h,Role-playing
GD0327,14,Female,Student,2,12.2,Battle royale,PUBG,Console,98.66,Average,3.98,,0.0,7,2.4,4.0,Good,Sometimes,True,True,True,1.3,Depressed,Often,True,False,False,High,1,12h+,Action
GD0328,25,Male,Professional,3,0.5,Strategy,Civilization VI,Multi-platform,34.47,Good,,1.0,14.1,1,8.0,7.7,Fair,Always,False,False,False,0.5,Normal,Daily,False,False,False,Low,0,0-3h,Strategy
GD0329,20,Female,Student,1,5.5,Fps,Call of Duty,Multi-platform,88.16,Poor,3.78,8.0,6.0,3,7.3,6.3,Fair,Sometimes,True,False,True,2.5,Normal,Often,False,False,False,Low,0,3-6h,Action
GD0330,24,Male,Professional,6,6.8,Battle royale,PUBG,Mobile,99.36,Average,,3.0,6.6,6,4.9,3.6,Insomnia,Always,False,False,False,2.1,Irritable,Sometimes,True,True,False,High,2,6-9h,Action
GD0331,27,Female,Professional,12,0.6,Strategy,Age of Empires,Console,43.71,Below Average,,9.0,13.6,1,8.0,7.1,Very Poor,Never,False,False,False,0.2,Euphoric,Rarely,False,False,False,Low,0,0-3h,Strategy
GD0332,20,Female,Student,6,4.4,Mobile games,PUBG Mobile,Mobile,40.73,Below Average,1.76,3.0,8.6,2,6.2,6.2,Fair,Often,False,False,False,1.0,Angry,Often,False,False,False,Low,0,3-6h,Casual
GD0333,15,Male,Student,2,6.6,Battle royale,Warzone,Console,31.87,Failing,3.68,,6.2,5,7.4,5.0,Poor,Never,True,False,True,0.4,Restless,Rarely,True,True,False,High,2,6-9h,Action
GD0334,26,Male,Professional,9,0.8,Mobile games,Genshin Impact,Multi-platform,36.55,Average,,1.0,15.4,1,9.9,7.9,Good,Rarely,False,False,False,0.4,Normal,Often,False,False,False,Low,0,0-3h,Casual
GD0335,18,Female,Student,4,6.5,Strategy,Civilization VI,Pc,143.92,Below Average,1.71,,9.1,5,7.8,5.3,Very Poor,Never,True,False,True,0.7,Anxious,Rarely,False,False,False,Low,0,6-9h,Strategy
GD0336,26,Male,Professional,14,10.4,Rpg,Elden Ring,Mobile,65.47,Poor,,2.0,2.6,7,6.5,4.2,Fair,Always,True,False,True,2.2,Anxious,Never,False,False,True,High,1,9-12h,Role-playing
GD0337,18,Male,Student,2,3.2,Battle royale,PUBG,Multi-platform,34.09,Average,2.45,,13.9,1,10.2,8.2,Good,Never,False,False,False,0.8,Normal,Never,False,False,False,Low,0,0-3h,Action
GD0338,23,Female,Professional,13,7.0,Strategy,StarCraft II,Mobile,134.49,Poor,,4.0,8.8,5,6.1,3.3,Very Poor,Often,True,True,True,0.0,Anxious,Never,False,True,False,Moderate,1,6-9h,Strategy
GD0339,19,Male,Student,5,2.6,Rpg,Skyrim,Console,27.14,Good,2.62,7.0,9.1,2,6.6,8.7,Good,Often,False,False,False,1.1,Euphoric,Rarely,False,False,False,Low,0,0-3h,Role-playing
GD0340,32,Male,Professional,7,7.4,Rpg,Elden Ring,Multi-platform,110.37,Poor,,3.0,4.1,5,7.3,4.7,Poor,Never,True,False,True,1.8,Withdrawn,Often,False,True,False,Moderate,1,6-9h,Role-playing
GD0341,24,Male,Professional,12,4.0,Battle royale,Apex Legends,Multi-platform,1.34,Poor,,5.0,12.6,3,9.1,6.7,Poor,Rarely,False,False,False,1.5,Irritable,Daily,False,False,False,Low,0,3-6h,Action
GD0342,33,Male,Professional,5,4.3,Mmo,Elder Scrolls Online,Mobile,2.87,Average,,10.0,9.6,3,6.1,5.5,Fair,Often,False,False,False,0.2,Angry,Rarely,False,False,False,Low,0,3-6h,Role-playing
GD0343,26,Male,Professional,5,10.7,Battle royale,Fortnite,Multi-platform,129.73,Failing,,7.0,0.6,7,4.3,5.6,Poor,Sometimes,False,False,False,5.6,Restless,Sometimes,True,False,True,Severe,2,9-12h,Action
GD0344,19,Male,Student,6,5.3,Fps,Call of Duty,Multi-platform,116.49,Poor,1.18,10.0,6.0,5,6.3,6.1,Good,Often,True,False,True,1.5,Restless,Never,False,False,False,Low,0,3-6h,Action
GD0345,27,Female,Professional,11,0.6,Rpg,Elden Ring,Mobile,36.67,Excellent,,10.0,11.7,1,9.1,9.0,Fair,Rarely,False,False,False,0.2,Euphoric,Sometimes,False,False,False,Low,0,0-3h,Role-playing
GD0346,25,Male,Professional,10,5.1,Fps,Valorant,Multi-platform,76.51,Below Average,,7.0,11.5,3,9.0,6.0,Very Poor,Sometimes,True,False,True,0.7,Depressed,Often,False,False,False,Low,0,3-6h,Action
GD0347,17,Male,Student,3,4.2,Strategy,Civilization VI,Console,10.39,Average,3.36,,7.6,3,6.7,6.2,Poor,Sometimes,False,False,False,0.9,Normal,Sometimes,False,False,False,Low,0,3-6h,Strategy
GD0348,17,Female,Student,3,10.6,Strategy,Civilization VI,Console,53.97,Poor,2.62,,3.8,6,3.6,3.6,Fair,Rarely,True,False,True,1.5,Depressed,Sometimes,False,False,False,Moderate,0,9-12h,Strategy
GD0349,23,Female,Professional,12,4.4,Fps,CS:GO,Multi-platform,22.6,Below Average,,9.0,9.6,3,9.6,7.0,Very Poor,Always,False,False,False,1.1,Irritable,Never,False,False,False,Low,0,3-6h,Action
GD0350,20,Male,Student,9,5.8,Strategy,Age of Empires,Pc,131.01,Average,3.2,2.0,10.7,4,7.2,6.8,Fair,Rarely,True,False,True,0.9,Anxious,Daily,False,True,False,Moderate,1,3-6h,Strategy
GD0351,30,Male,Professional,6,8.7,Battle royale,Fortnite,Multi-platform,189.93,Below Average,,5.0,3.5,5,4.5,4.6,Fair,Sometimes,False,True,True,2.4,Euphoric,Never,True,True,True,Severe,3,6-9h,Action
GD0352,17,Male,Student,2,4.7,Mobile games,Candy Crush,Pc,21.16,Average,1.47,,10.5,3,8.8,5.9,Fair,Often,False,False,False,2.0,Restless,Sometimes,False,False,False,Low,0,3-6h,Casual
GD0353,19,Male,Student,1,2.1,Fps,Overwatch,Mobile,14.14,Below Average,2.47,9.0,10.0,1,8.8,7.8,Good,Rarely,False,False,False,0.8,Angry,Sometimes,False,False,False,Low,0,0-3h,Action
GD0354,20,Female,Student,5,6.3,Mmo,Final Fantasy XIV,Console,12.48,Average,3.3,3.0,7.6,3,8.5,6.6,Good,Rarely,True,False,True,1.8,Euphoric,Rarely,False,True,False,Moderate,1,3-6h,Role-playing
GD0355,15,Male,Student,4,6.2,Battle royale,Apex Legends,Pc,132.44,Good,1.34,,4.9,3,6.5,6.6,Fair,Rarely,True,False,True,1.1,Normal,Often,False,False,False,Low,0,3-6h,Action
GD0356,19,Female,Student,4,5.0,Battle royale,PUBG,Pc,36.55,Average,2.59,9.0,8.7,2,8.4,5.4,Poor,Rarely,True,False,True,2.0,Irritable,Often,False,False,False,Low,0,3-6h,Action
GD0357,19,Male,Student,4,5.5,Moba,Dota 2,Mobile,100.99,Average,3.78,7.0,6.2,4,7.4,5.2,Poor,Rarely,True,True,True,1.6,Irritable,Sometimes,False,True,False,Moderate,1,3-6h,Strategy
GD0358,21,Male,Student,1,1.7,Rpg,Cyberpunk 2077,Pc,11.94,Excellent,1.28,4.0,10.9,1,9.3,7.9,Good,Often,False,False,False,0.2,Depressed,Sometimes,False,False,False,Low,0,0-3h,Role-playing
GD0359,23,Female,Professional,7,4.6,Mmo,World of Warcraft,Multi-platform,90.9,Failing,,2.0,11.8,5,7.2,5.9,Good,Never,True,False,True,0.6,Depressed,Sometimes,False,False,False,Low,0,3-6h,Role-playing
GD0360,18,Male,Student,3,6.5,Rpg,Cyberpunk 2077,Console,90.46,Failing,2.7,,4.3,4,7.6,3.2,Very Poor,Rarely,False,False,False,0.9,Angry,Rarely,True,False,False,Moderate,1,6-9h,Role-playing
GD0361,19,Male,Student,7,6.6,Moba,Dota 2,Pc,111.93,Average,3.91,3.0,5.3,4,8.3,5.8,Very Poor,Sometimes,True,True,True,0.2,Depressed,Rarely,True,False,False,Moderate,1,6-9h,Strategy
GD0362,22,Male,Student,10,6.6,Moba,League of Legends,Mobile,22.27,Poor,1.74,9.0,6.2,5,7.6,3.9,Poor,Never,True,True,True,3.4,Irritable,Rarely,True,False,False,Moderate,1,6-9h,Strategy
GD0363,26,Male,Professional,12,8.7,Mmo,World of Warcraft,Console,423.75,Poor,,3.0,1.6,7,7.2,3.1,Poor,Often,True,True,True,0.9,Irritable,Sometimes,True,True,False,Severe,2,6-9h,Role-playing
GD0364,20,Male,Student,5,5.8,Battle royale,Warzone,Console,50.13,Average,3.99,9.0,7.4,4,8.2,6.1,Poor,Rarely,True,True,True,2.1,Restless,Often,False,False,False,Low,0,3-6h,Action
GD0365,17,Male,Student,4,9.9,Strategy,StarCraft II,Multi-platform,162.18,Poor,1.4,,3.2,6,6.4,4.7,Poor,Never,True,True,True,0.7,Euphoric,Sometimes,True,False,False,High,1,9-12h,Strategy
GD0366,15,Male,Student,2,10.4,Strategy,Civilization VI,Multi-platform,157.76,Below Average,3.03,,3.0,7,4.9,3.1,Very Poor,Often,True,True,True,2.5,Restless,Daily,True,False,False,High,1,9-12h,Strategy
GD0367,22,Female,Student,1,3.9,Fps,CS:GO,Mobile,7.34,Average,2.05,1.0,7.5,1,7.6,6.7,Poor,Sometimes,False,False,False,1.1,Anxious,Sometimes,False,False,False,Low,0,3-6h,Action
GD0368,14,Female,Student,2,9.4,Moba,Dota 2,Multi-platform,497.21,Failing,3.48,,4.8,5,6.2,4.0,Poor,Often,True,True,True,3.3,Angry,Rarely,True,True,False,Severe,2,9-12h,Strategy
GD0369,19,Male,Student,5,4.7,Rpg,Skyrim,Pc,123.43,Average,2.5,3.0,8.7,2,8.1,6.3,Good,Never,True,False,True,0.1,Restless,Sometimes,False,False,False,Low,0,3-6h,Role-playing
GD0370,21,Female,Student,2,8.4,Battle royale,PUBG,Mobile,21.6,Excellent,3.34,9.0,6.3,4,7.5,4.8,Poor,Rarely,True,False,True,3.1,Depressed,Often,True,False,False,Moderate,1,6-9h,Action
GD0371,20,Female,Student,2,2.1,Strategy,StarCraft II,Pc,5.6,Good,1.85,8.0,13.0,1,9.3,8.5,Good,Never,False,False,False,0.4,Excited,Daily,False,False,False,Low,0,0-3h,Strategy
GD0372,18,Female,Student,3,4.1,Battle royale,PUBG,Pc,9.84,Poor,3.98,,12.5,3,9.6,6.6,Poor,Often,False,False,False,1.0,Depressed,Often,False,False,False,Low,0,3-6h,Action
GD0373,21,Male,Student,1,10.9,Moba,Mobile Legends,Multi-platform,259.23,Poor,3.19,4.0,1.6,7,5.2,4.2,Poor,Rarely,True,True,True,4.3,Normal,Sometimes,True,False,True,Severe,2,9-12h,Strategy
GD0374,21,Female,Student,1,6.8,Battle royale,Fortnite,Console,113.4,Poor,1.49,8.0,5.7,5,4.7,3.6,Fair,Sometimes,True,False,True,0.9,Euphoric,Rarely,True,True,False,High,2,6-9h,Action
GD0375,15,Male,Student,5,2.9,Strategy,StarCraft II,Mobile,34.24,Good,3.68,,13.3,2,9.0,8.5,Fair,Never,False,False,False,0.6,Excited,Never,False,False,False,Low,0,0-3h,Strategy
GD0376,23,Male,Professional,2,7.4,Mobile games,Candy Crush,Mobile,65.5,Below Average,,8.0,6.5,2,5.9,4.3,Insomnia,Often,False,True,True,3.7,Anxious,Rarely,True,False,False,Moderate,1,6-9h,Casual
GD0377,22,Male,Student,2,6.4,Mobile games,Genshin Impact,Console,138.19,Excellent,3.49,2.0,5.3,3,7.2,6.5,Good,Often,False,True,True,0.1,Restless,Rarely,False,True,False,Moderate,1,6-9h,Casual
GD0378,18,Male,Student,4,6.4,Rpg,Elden Ring,Pc,122.38,Average,2.09,,7.5,3,8.1,6.0,Poor,Always,False,False,False,2.1,Euphoric,Often,False,False,False,Low,0,6-9h,Role-playing
GD0379,19,Female,Student,4,5.9,Rpg,Skyrim,Mobile,89.49,Average,3.28,10.0,10.2,3,8.8,6.3,Fair,Rarely,False,True,True,0.5,Normal,Daily,False,False,False,Low,0,3-6h,Role-playing
GD0380,18,Male,Student,8,6.5,Strategy,StarCraft II,Mobile,117.74,Failing,3.7,,8.7,3,8.0,4.6,Poor,Always,True,False,True,3.3,Angry,Sometimes,False,True,False,Moderate,1,6-9h,Strategy
GD0381,17,Male,Student,4,5.2,Fps,CS:GO,Multi-platform,115.04,Excellent,2.22,,9.1,2,7.8,6.4,Fair,Often,True,False,True,0.9,Angry,Sometimes,False,False,False,Low,0,3-6h,Action
GD0382,17,Female,Student,6,8.9,Battle royale,Warzone,Mobile,206.91,Below Average,2.43,,4.6,5,4.7,5.2,Insomnia,Always,True,False,True,0.9,Irritable,Daily,True,True,True,Severe,3,6-9h,Action
GD0383,18,Male,Student,6,7.1,Strategy,Age of Empires,Mobile,70.71,Below Average,3.79,,7.2,5,8.1,4.3,Poor,Often,True,True,True,0.7,Irritable,Daily,True,False,False,Moderate,1,6-9h,Strategy
GD0384,21,Female,Student,6,6.1,Mobile games,PUBG Mobile,Pc,143.21,Good,2.35,8.0,10.7,4,8.2,5.6,Poor,Always,False,True,True,0.9,Normal,Daily,False,True,False,Moderate,1,3-6h,Casual
GD0385,18,Male,Student,6,4.5,Mmo,World of Warcraft,Pc,2.07,Average,2.29,,11.2,1,9.5,5.0,Fair,Always,False,False,False,3.4,Restless,Often,False,False,False,Low,0,3-6h,Role-playing
GD0386,19,Female,Student,7,6.6,Mobile games,Clash of Clans,Console,68.84,Failing,3.2,6.0,7.8,5,8.1,4.0,Poor,Never,False,True,True,1.0,Normal,Daily,True,True,False,High,2,6-9h,Casual
GD0387,19,Female,Student,3,6.8,Battle royale,Apex Legends,Mobile,20.72,Failing,1.87,7.0,7.6,4,5.2,5.0,Very Poor,Rarely,False,True,True,1.1,Angry,Rarely,True,True,False,High,2,6-9h,Action
GD0388,18,Male,Student,5,5.2,Moba,Dota 2,Mobile,67.5,Good,3.09,,11.4,4,7.6,5.7,Fair,Never,False,False,False,0.0,Irritable,Sometimes,False,False,False,Low,0,3-6h,Strategy
GD0389,19,Female,Student,9,5.2,Moba,Dota 2,Console,148.41,Failing,1.45,6.0,10.8,2,6.9,5.1,Very Poor,Often,True,False,True,1.7,Normal,Sometimes,False,False,False,Low,0,3-6h,Strategy
GD0390,22,Female,Student,8,3.8,Fps,CS:GO,Console,48.79,Below Average,3.83,4.0,10.6,1,6.7,6.0,Fair,Sometimes,False,False,False,1.0,Angry,Rarely,False,False,False,Low,0,3-6h,Action
GD0391,14,Female,Student,4,5.8,Strategy,StarCraft II,Pc,86.15,Average,2.4,,9.4,5,8.5,5.9,Poor,Often,False,True,True,2.7,Restless,Sometimes,False,False,False,Low,0,3-6h,Strategy
GD0392,26,Male,Professional,16,7.4,Moba,Mobile Legends,Mobile,61.67,Below Average,,7.0,8.5,3,8.4,4.1,Poor,Sometimes,True,True,True,1.8,Euphoric,Daily,True,True,False,High,2,6-9h,Strategy
GD0393,19,Male,Student,8,9.3,Fps,Overwatch,Multi-platform,232.19,Poor,1.42,8.0,2.4,5,7.2,3.0,Poor,Always,True,True,True,4.5,Depressed,Sometimes,False,False,False,Moderate,0,9-12h,Action
GD0394,19,Female,Student,7,5.9,Battle royale,PUBG,Multi-platform,120.38,Below Average,2.47,7.0,6.5,5,5.3,6.4,Fair,Rarely,True,False,True,0.9,Restless,Often,False,True,False,Moderate,1,3-6h,Action
GD0395,26,Female,Professional,13,13.9,Mobile games,Clash of Clans,Console,247.18,Poor,,5.0,0.0,10,4.9,4.5,Poor,Often,True,False,True,2.9,Irritable,Sometimes,True,True,False,Severe,2,12h+,Casual
GD0396,19,Male,Student,5,5.8,Mobile games,Genshin Impact,Mobile,96.56,Average,2.61,5.0,5.0,4,6.5,5.7,Fair,Always,True,True,True,0.5,Anxious,Sometimes,False,True,False,Moderate,1,3-6h,Casual
GD0397,13,Male,Student,2,6.4,Mmo,World of Warcraft,Multi-platform,65.67,Average,3.75,,5.1,4,5.3,5.5,Good,Sometimes,False,True,True,0.3,Irritable,Often,False,True,False,Moderate,1,6-9h,Role-playing
GD0398,21,Male,Student,10,12.6,Strategy,StarCraft II,Mobile,242.51,Below Average,3.67,1.0,0.0,9,4.1,5.7,Very Poor,Rarely,True,True,True,1.9,Anxious,Rarely,True,False,False,High,1,12h+,Strategy
GD0399,23,Male,Professional,3,8.9,Strategy,StarCraft II,Multi-platform,277.78,Poor,,1.0,6.7,5,6.7,3.5,Poor,Always,False,True,True,0.0,Anxious,Never,False,False,True,High,1,6-9h,Strategy
GD0400,26,Female,Professional,10,8.2,Strategy,Civilization VI,Console,44.07,Average,,1.0,5.5,5,5.2,3.9,Poor,Often,False,True,True,2.9,Normal,Rarely,True,False,False,Moderate,1,6-9h,Strategy
GD0401,20,Male,Student,2,7.7,Moba,League of Legends,Mobile,65.22,Failing,2.46,7.0,3.0,3,4.9,4.7,Very Poor,Always,True,False,True,2.5,Restless,Often,False,True,True,High,2,6-9h,Strategy
GD0402,21,Female,Student,10,1.2,Moba,Dota 2,Mobile,41.12,Excellent,3.52,5.0,15.2,1,11.2,7.2,Good,Never,False,False,False,0.3,Normal,Rarely,False,False,False,Low,0,0-3h,Strategy
GD0403,19,Male,Student,6,4.6,Strategy,Civilization VI,Console,18.38,Good,2.32,9.0,7.6,3,6.3,5.9,Fair,Always,True,False,True,2.4,Euphoric,Never,False,False,False,Low,0,3-6h,Strategy
GD0404,23,Male,Professional,7,6.4,Mmo,World of Warcraft,Pc,22.81,Poor,,4.0,7.9,3,5.5,6.7,Poor,Sometimes,True,True,True,2.7,Irritable,Sometimes,False,False,False,Low,0,6-9h,Role-playing
GD0405,15,Male,Student,5,10.0,Battle royale,Fortnite,Pc,226.85,Average,1.3,,5.9,5,5.7,3.8,Very Poor,Often,True,True,True,3.2,Anxious,Rarely,True,True,False,Severe,2,9-12h,Action
GD0406,20,Male,Student,4,13.3,Mmo,Final Fantasy XIV,Console,434.02,Poor,1.11,2.0,0.6,8,3.8,5.0,Poor,Never,True,True,True,2.8,Irritable,Daily,True,False,False,High,1,12h+,Role-playing
GD0407,18,Male,Student,8,10.4,Rpg,Elden Ring,Mobile,246.69,Below Average,3.15,,0.1,8,6.0,4.7,Very Poor,Often,True,True,True,0.3,Anxious,Never,True,False,True,Severe,2,9-12h,Role-playing
GD0408,31,Female,Professional,5,3.6,Moba,League of Legends,Mobile,23.15,Average,,2.0,12.4,1,8.2,6.3,Good,Rarely,False,False,False,0.3,Depressed,Never,False,False,False,Low,0,3-6h,Strategy
GD0409,17,Female,Student,6,1.6,Battle royale,PUBG,Console,7.58,Excellent,1.48,,11.9,1,7.1,8.3,Good,Rarely,False,False,False,0.1,Anxious,Daily,False,False,False,Low,0,0-3h,Action
GD0410,35,Female,Professional,15,3.1,Battle royale,Warzone,Mobile,45.22,Average,,8.0,9.1,2,7.1,7.1,Fair,Sometimes,False,False,False,1.1,Excited,Rarely,False,False,False,Low,0,0-3h,Action
GD0411,22,Female,Student,8,6.0,Rpg,Cyberpunk 2077,Console,109.8,Poor,2.99,9.0,5.5,3,6.1,6.4,Poor,Rarely,True,False,True,2.5,Normal,Sometimes,False,True,False,Moderate,1,3-6h,Role-playing
GD0412,25,Female,Professional,7,10.3,Battle royale,Apex Legends,Console,348.04,Average,,3.0,5.8,6,3.5,4.8,Poor,Never,False,True,True,0.7,Euphoric,Never,True,True,True,Severe,3,9-12h,Action
GD0413,16,Male,Student,4,4.8,Fps,Call of Duty,Pc,101.85,Below Average,2.17,,11.4,5,6.5,6.8,Fair,Sometimes,False,False,False,2.0,Normal,Daily,False,False,False,Low,0,3-6h,Action
GD0414,19,Female,Student,5,4.6,Fps,CS:GO,Pc,83.38,Average,2.46,1.0,9.5,5,8.5,6.5,Good,Never,True,False,True,1.8,Anxious,Often,False,False,False,Low,0,3-6h,Action
GD0415,18,Female,Student,5,7.3,Mobile games,Clash of Clans,Mobile,31.02,Good,2.13,,7.4,4,6.6,5.8,Poor,Always,False,True,True,3.6,Anxious,Rarely,False,True,False,Moderate,1,6-9h,Casual
GD0416,17,Male,Student,2,7.5,Fps,Valorant,Pc,135.83,Poor,1.24,,6.7,2,6.9,5.0,Poor,Rarely,True,False,True,1.1,Restless,Rarely,False,True,False,Moderate,1,6-9h,Action
GD0417,17,Male,Student,3,6.2,Moba,League of Legends,Multi-platform,145.5,Below Average,1.68,,9.0,4,7.6,5.5,Good,Never,False,True,True,1.7,Depressed,Never,False,False,False,Low,0,3-6h,Strategy
GD0418,16,Male,Student,1,8.3,Moba,Dota 2,Console,14.14,Poor,2.24,,8.0,4,6.9,5.5,Poor,Sometimes,True,True,True,2.0,Anxious,Often,False,True,True,High,2,6-9h,Strategy
GD0419,31,Female,Professional,1,7.7,Rpg,Elden Ring,Multi-platform,38.14,Below Average,,8.0,3.2,5,6.4,3.4,Poor,Rarely,True,False,True,2.8,Anxious,Sometimes,True,True,True,Severe,3,6-9h,Role-playing
GD0420,16,Male,Student,5,4.0,Mmo,World of Warcraft,Multi-platform,37.75,Excellent,2.79,,10.0,3,6.5,6.4,Good,Never,False,False,False,1.7,Euphoric,Often,False,False,False,Low,0,3-6h,Role-playing
GD0421,19,Male,Student,5,1.3,Strategy,Age of Empires,Pc,18.98,Excellent,2.8,2.0,15.9,1,9.4,8.2,Fair,Never,False,False,False,0.1,Withdrawn,Often,False,False,False,Low,0,0-3h,Strategy
GD0422,23,Male,Professional,9,8.6,Mobile games,PUBG Mobile,Multi-platform,96.61,Average,,5.0,3.4,5,7.2,5.7,Poor,Never,True,False,True,4.9,Angry,Never,True,False,True,Severe,2,6-9h,Casual
GD0423,21,Other,Student,2,5.2,Mmo,World of Warcraft,Mobile,144.76,Below Average,1.46,6.0,8.7,3,7.0,6.9,Fair,Always,True,False,True,0.3,Restless,Never,False,False,False,Low,0,3-6h,Role-playing
GD0424,16,Female,Student,1,4.7,Moba,Mobile Legends,Multi-platform,36.45,Poor,1.93,,10.1,3,9.3,5.7,Fair,Rarely,True,False,True,0.9,Irritable,Rarely,False,False,False,Low,0,3-6h,Strategy
GD0425,20,Male,Student,2,7.3,Mmo,Elder Scrolls Online,Multi-platform,30.38,Poor,3.71,6.0,4.9,4,5.5,3.1,Very Poor,Sometimes,True,False,True,0.7,Irritable,Daily,False,True,False,Moderate,1,6-9h,Role-playing
GD0426,17,Female,Student,1,10.2,Moba,League of Legends,Mobile,263.64,Poor,3.91,,2.3,5,3.6,5.3,Good,Sometimes,False,False,False,3.0,Restless,Rarely,False,True,True,Severe,2,9-12h,Strategy
GD0427,29,Male,Professional,8,4.2,Fps,Call of Duty,Console,28.17,Good,,3.0,7.5,1,8.6,6.6,Good,Often,False,False,False,0.7,Depressed,Never,False,False,False,Low,0,3-6h,Action
GD0428,22,Male,Student,12,2.5,Moba,League of Legends,Pc,40.43,Excellent,1.17,1.0,12.8,3,10.4,7.4,Good,Never,False,False,False,2.0,Euphoric,Often,False,False,False,Low,0,0-3h,Strategy
GD0429,26,Female,Professional,8,5.1,Mmo,World of Warcraft,Mobile,33.99,Average,,6.0,7.1,2,6.9,5.9,Very Poor,Always,True,False,True,0.4,Normal,Daily,False,False,False,Low,0,3-6h,Role-playing
GD0430,29,Male,Professional,16,6.0,Mobile games,Genshin Impact,Pc,109.61,Below Average,,1.0,5.8,1,6.0,6.5,Good,Never,True,False,True,0.5,Euphoric,Often,False,False,False,Low,0,3-6h,Casual
GD0431,22,Male,Student,5,5.0,Mobile games,Genshin Impact,Console,89.73,Average,3.16,4.0,9.0,4,6.0,5.8,Fair,Never,False,False,False,0.1,Restless,Rarely,False,False,False,Low,0,3-6h,Casual
GD0432,20,Female,Student,7,3.9,Mobile games,Candy Crush,Console,49.48,Average,3.17,7.0,10.8,2,7.4,5.3,Good,Rarely,False,False,False,0.4,Depressed,Often,False,False,False,Low,0,3-6h,Casual
GD0433,20,Male,Student,6,4.5,Fps,CS:GO,Pc,135.01,Excellent,3.73,9.0,6.3,5,7.2,5.8,Fair,Often,True,False,True,0.8,Normal,Daily,False,False,False,Low,0,3-6h,Action
GD0434,18,Male,Student,6,3.8,Mobile games,Clash of Clans,Mobile,21.62,Average,3.04,,8.0,2,9.9,5.2,Fair,Often,False,False,False,1.1,Restless,Daily,False,False,False,Low,0,3-6h,Casual
GD0435,17,Male,Student,4,7.8,Mobile games,PUBG Mobile,Mobile,147.2,Below Average,2.53,,4.5,6,6.2,5.7,Insomnia,Never,True,True,True,0.9,Normal,Often,True,False,True,High,2,6-9h,Casual
GD0436,20,Male,Student,7,5.3,Fps,Overwatch,Mobile,97.04,Good,3.49,5.0,9.6,3,5.6,6.9,Fair,Never,True,False,True,1.7,Normal,Sometimes,False,False,False,Low,0,3-6h,Action
GD0437,23,Male,Professional,7,4.6,Moba,League of Legends,Multi-platform,74.83,Good,,5.0,9.7,4,9.0,5.4,Fair,Never,True,False,True,6.5,Restless,Never,False,False,False,Low,0,3-6h,Strategy
GD0438,22,Male,Student,2,3.7,Battle royale,PUBG,Pc,13.27,Average,2.31,9.0,12.2,1,7.1,5.3,Good,Always,False,False,False,2.5,Anxious,Sometimes,False,False,False,Low,0,3-6h,Action
GD0439,17,Female,Student,7,3.9,Battle royale,Fortnite,Pc,34.03,Good,1.67,,12.5,2,6.1,6.0,Fair,Never,False,False,False,0.1,Restless,Daily,False,False,False,Low,0,3-6h,Action
GD0440,32,Female,Professional,3,1.0,Fps,CS:GO,Mobile,49.46,Below Average,,9.0,14.3,1,8.0,7.4,Good,Sometimes,False,False,False,0.2,Normal,Daily,False,False,False,Low,0,0-3h,Action
GD0441,18,Female,Student,2,4.6,Strategy,StarCraft II,Multi-platform,100.04,Average,1.05,,6.2,2,8.2,6.9,Fair,Sometimes,False,False,False,0.4,Angry,Never,False,False,False,Low,0,3-6h,Strategy
GD0442,17,Female,Student,5,5.8,Battle royale,PUBG,Pc,87.25,Good,3.6,,7.0,4,6.4,6.4,Fair,Always,True,False,True,3.6,Angry,Often,False,False,False,Low,0,3-6h,Action
GD0443,14,Male,Student,3,11.4,Fps,Call of Duty,Multi-platform,237.13,Failing,2.61,,3.2,6,3.2,4.8,Very Poor,Sometimes,True,True,True,5.3,Euphoric,Daily,False,True,False,High,1,9-12h,Action
GD0444,17,Male,Student,6,2.5,Fps,Overwatch,Mobile,14.02,Excellent,2.61,,9.9,1,8.7,8.4,Fair,Rarely,False,False,False,0.5,Normal,Often,False,False,False,Low,0,0-3h,Action
GD0445,25,Female,Professional,1,5.2,Battle royale,Fortnite,Mobile,54.39,Excellent,,4.0,10.4,3,8.1,6.0,Fair,Always,True,False,True,1.5,Angry,Never,False,False,False,Low,0,3-6h,Action
GD0446,18,Male,Student,6,8.1,Mobile games,Genshin Impact,Multi-platform,67.44,Below Average,3.21,,6.1,4,4.8,4.2,Poor,Always,False,False,False,0.8,Angry,Daily,True,True,False,High,2,6-9h,Casual
GD0447,18,Female,Student,8,1.6,Rpg,Elden Ring,Mobile,9.19,Average,3.63,,13.0,1,9.5,7.0,Good,Often,False,False,False,0.1,Normal,Often,False,False,False,Low,0,0-3h,Role-playing
GD0448,19,Female,Student,5,2.1,Mmo,Elder Scrolls Online,Pc,33.11,Good,1.32,10.0,14.5,2,7.6,8.9,Good,Always,False,False,False,0.1,Normal,Rarely,False,False,False,Low,0,0-3h,Role-playing
GD0449,21,Male,Student,11,9.1,Strategy,Age of Empires,Multi-platform,493.27,Poor,1.88,4.0,7.1,4,3.8,5.3,Very Poor,Never,True,True,True,1.5,Anxious,Daily,False,True,True,Severe,2,6-9h,Strategy
GD0450,20,Female,Student,2,4.1,Moba,Mobile Legends,Pc,38.82,Excellent,2.52,4.0,7.8,2,8.5,6.9,Poor,Always,False,False,False,0.0,Euphoric,Often,False,False,False,Low,0,3-6h,Strategy
GD0451,15,Female,Student,1,9.5,Mmo,Final Fantasy XIV,Multi-platform,229.59,Below Average,3.53,,5.8,5,3.7,3.8,Very Poor,Rarely,True,True,True,1.5,Angry,Rarely,False,True,True,Severe,2,9-12h,Role-playing
GD0452,21,Male,Student,1,5.0,Strategy,Age of Empires,Pc,25.71,Good,1.65,8.0,6.8,3,8.8,6.6,Good,Rarely,False,False,False,1.4,Depressed,Never,False,False,False,Low,0,3-6h,Strategy
GD0453,15,Male,Student,1,3.7,Moba,League of Legends,Pc,19.24,Good,1.51,,10.3,2,7.1,6.6,Very Poor,Rarely,False,False,False,0.2,Restless,Often,False,False,False,Low,0,3-6h,Strategy
GD0454,20,Female,Student,3,6.2,Mobile games,Clash of Clans,Console,47.33,Good,1.95,10.0,7.8,4,8.4,5.3,Poor,Often,True,True,True,1.1,Euphoric,Sometimes,False,True,False,Moderate,1,3-6h,Casual
GD0455,26,Male,Professional,12,5.4,Rpg,Elden Ring,Console,118.39,Average,,2.0,11.4,3,9.1,5.7,Poor,Rarely,False,False,False,0.6,Restless,Often,False,False,False,Low,0,3-6h,Role-playing
GD0456,15,Male,Student,5,6.8,Moba,Dota 2,Pc,25.24,Poor,1.93,,8.5,4,6.3,4.5,Poor,Often,True,False,True,1.4,Irritable,Often,False,False,False,Low,0,6-9h,Strategy
GD0457,20,Male,Student,3,4.1,Strategy,Age of Empires,Multi-platform,39.06,Average,1.04,2.0,9.1,1,7.2,5.3,Fair,Rarely,False,False,False,2.0,Angry,Daily,False,False,False,Low,0,3-6h,Strategy
GD0458,30,Male,Professional,8,5.9,Mobile games,PUBG Mobile,Pc,32.6,Average,,1.0,9.5,4,6.1,5.3,Good,Always,True,False,True,0.3,Irritable,Never,False,False,False,Low,0,3-6h,Casual
GD0459,16,Male,Student,3,8.5,Battle royale,Fortnite,Mobile,97.89,Average,1.52,,7.4,5,5.8,3.3,Poor,Never,True,True,True,0.9,Angry,Sometimes,False,False,True,Moderate,1,6-9h,Action
GD0460,21,Male,Student,8,7.7,Rpg,Elden Ring,Pc,93.4,Below Average,2.28,9.0,3.3,5,4.4,3.3,Very Poor,Often,True,True,True,1.2,Anxious,Often,True,True,False,High,2,6-9h,Role-playing
GD0461,16,Male,Student,4,6.0,Rpg,Elden Ring,Pc,35.94,Average,3.61,,8.7,3,6.0,6.6,Good,Rarely,True,True,True,1.6,Restless,Sometimes,False,False,False,Low,0,3-6h,Role-playing
GD0462,21,Male,Student,2,5.5,Mmo,Final Fantasy XIV,Console,96.1,Poor,1.07,3.0,7.8,3,6.7,5.5,Good,Always,True,False,True,2.4,Restless,Sometimes,False,True,False,Moderate,1,3-6h,Role-playing
GD0463,21,Female,Student,7,6.0,Mmo,World of Warcraft,Mobile,27.43,Good,1.82,1.0,5.0,5,7.3,5.3,Poor,Never,True,False,True,0.9,Angry,Never,False,True,False,Moderate,1,3-6h,Role-playing
GD0464,25,Female,Professional,1,12.5,Moba,Mobile Legends,Mobile,120.1,Failing,,6.0,0.0,10,3.8,3.5,Fair,Never,True,False,True,1.1,Restless,Daily,True,False,False,High,1,12h+,Strategy
GD0465,14,Female,Student,4,11.7,Mmo,Elder Scrolls Online,Multi-platform,339.9,Failing,3.22,,0.0,7,2.5,4.3,Poor,Sometimes,True,True,True,1.5,Depressed,Never,False,True,True,Severe,2,9-12h,Role-playing
GD0466,18,Male,Student,4,5.7,Strategy,StarCraft II,Mobile,30.5,Below Average,1.87,,6.4,4,7.1,6.9,Fair,Always,True,True,True,0.7,Irritable,Sometimes,False,True,False,Moderate,1,3-6h,Strategy
GD0467,17,Female,Student,2,6.0,Moba,Dota 2,Multi-platform,32.23,Average,1.28,,7.4,2,5.5,5.2,Very Poor,Sometimes,True,True,True,1.0,Restless,Daily,False,True,False,Moderate,1,3-6h,Strategy
GD0468,14,Male,Student,4,2.9,Moba,Mobile Legends,Mobile,36.59,Good,3.59,,11.7,1,8.9,8.8,Poor,Sometimes,False,False,False,1.0,Normal,Daily,False,False,False,Low,0,0-3h,Strategy
GD0469,14,Male,Student,3,9.7,Mobile games,Candy Crush,Multi-platform,302.88,Poor,3.53,,2.8,6,5.4,3.6,Very Poor,Rarely,True,True,True,1.4,Irritable,Sometimes,False,False,False,Moderate,0,9-12h,Casual
GD0470,16,Male,Student,6,1.9,Rpg,Elden Ring,Console,28.1,Excellent,3.01,,11.5,1,7.0,7.5,Good,Rarely,False,False,False,0.1,Normal,Sometimes,False,False,False,Low,0,0-3h,Role-playing
GD0471,27,Female,Professional,12,0.7,Mmo,Final Fantasy XIV,Mobile,16.4,Good,,10.0,16.5,1,8.3,8.4,Poor,Always,False,False,False,0.3,Euphoric,Daily,False,False,False,Low,0,0-3h,Role-playing
GD0472,14,Male,Student,2,5.5,Battle royale,Warzone,Mobile,57.54,Average,2.44,,7.5,4,7.0,5.4,Fair,Rarely,True,False,True,2.4,Anxious,Never,False,True,False,Moderate,1,3-6h,Action
GD0473,26,Male,Professional,8,1.0,Rpg,Cyberpunk 2077,Mobile,1.31,Good,,8.0,13.8,1,8.3,8.9,Good,Sometimes,False,False,False,0.3,Normal,Never,False,False,False,Low,0,0-3h,Role-playing
GD0474,20,Male,Student,1,9.3,Moba,Dota 2,Multi-platform,323.47,Poor,1.8,10.0,1.9,6,5.9,5.3,Insomnia,Always,True,False,True,4.1,Restless,Often,True,True,True,Severe,3,9-12h,Strategy
GD0475,30,Male,Professional,10,11.6,Mmo,Elder Scrolls Online,Pc,317.18,Average,,3.0,2.5,7,2.6,4.5,Insomnia,Sometimes,True,False,True,5.4,Anxious,Daily,True,True,False,Severe,2,9-12h,Role-playing
GD0476,21,Female,Student,4,4.8,Moba,Dota 2,Multi-platform,46.29,Good,1.4,4.0,8.2,3,9.0,5.1,Poor,Sometimes,True,False,True,2.5,Euphoric,Daily,False,False,False,Low,0,3-6h,Strategy
GD0477,25,Male,Professional,4,1.1,Mmo,Elder Scrolls Online,Multi-platform,47.51,Excellent,,6.0,12.2,1,7.7,8.0,Good,Never,False,False,False,0.2,Excited,Sometimes,False,False,False,Low,0,0-3h,Role-playing
GD0478,19,Male,Student,7,4.0,Mmo,World of Warcraft,Mobile,8.23,Average,2.89,10.0,10.5,2,7.0,6.7,Fair,Sometimes,False,False,False,0.2,Anxious,Daily,False,False,False,Low,0,3-6h,Role-playing
GD0479,23,Male,Professional,7,4.0,Fps,Valorant,Mobile,41.19,Good,,5.0,12.3,2,7.1,5.6,Poor,Never,False,False,False,1.6,Euphoric,Sometimes,False,False,False,Low,0,3-6h,Action
GD0480,17,Female,Student,7,7.3,Moba,League of Legends,Pc,95.15,Average,3.36,,4.6,2,5.5,3.4,Very Poor,Never,True,True,True,1.5,Restless,Rarely,True,True,False,High,2,6-9h,Strategy
GD0481,22,Female,Student,6,9.9,Rpg,Skyrim,Mobile,426.59,Below Average,1.67,6.0,5.9,6,4.6,3.7,Poor,Sometimes,True,True,True,0.6,Irritable,Sometimes,True,False,True,Severe,2,9-12h,Role-playing
GD0482,24,Male,Professional,9,2.1,Moba,Mobile Legends,Pc,48.98,Good,,10.0,12.0,1,7.4,9.0,Fair,Often,False,False,False,0.5,Irritable,Sometimes,False,False,False,Low,0,0-3h,Strategy
GD0483,22,Male,Student,7,1.8,Rpg,Cyberpunk 2077,Multi-platform,15.91,Good,3.3,10.0,15.0,1,9.4,7.5,Fair,Never,False,False,False,0.1,Normal,Often,False,False,False,Low,0,0-3h,Role-playing
GD0484,22,Male,Student,10,8.1,Fps,Call of Duty,Multi-platform,121.33,Below Average,3.18,4.0,5.8,5,4.8,5.5,Fair,Never,True,True,True,1.0,Angry,Never,False,True,False,Moderate,1,6-9h,Action
GD0485,15,Male,Student,5,11.2,Battle royale,Fortnite,Console,352.98,Below Average,3.62,,1.1,6,3.6,3.9,Poor,Never,True,True,True,1.1,Restless,Never,True,True,True,Severe,3,9-12h,Action
GD0486,21,Male,Student,3,11.6,Mmo,Final Fantasy XIV,Mobile,426.48,Poor,2.57,3.0,0.0,10,3.8,5.4,Very Poor,Always,False,False,False,3.5,Anxious,Never,True,False,False,High,1,9-12h,Role-playing
GD0487,30,Male,Professional,3,12.4,Strategy,Civilization VI,Console,238.32,Average,,4.0,0.0,9,4.7,5.3,Very Poor,Rarely,False,True,True,2.1,Restless,Sometimes,True,True,False,Severe,2,12h+,Strategy
GD0488,14,Female,Student,2,3.9,Mmo,Final Fantasy XIV,Multi-platform,38.56,Good,3.55,,8.0,5,9.3,5.2,Poor,Rarely,False,False,False,1.3,Anxious,Never,False,False,False,Low,0,3-6h,Role-playing
GD0489,16,Female,Student,4,5.5,Battle royale,PUBG,Multi-platform,128.87,Average,3.16,,5.3,3,7.3,6.6,Poor,Never,True,True,True,2.4,Depressed,Daily,False,True,False,Moderate,1,3-6h,Action
GD0490,28,Male,Professional,8,0.9,Battle royale,Fortnite,Multi-platform,7.57,Average,,2.0,12.0,1,7.9,8.4,Good,Rarely,False,False,False,0.6,Euphoric,Often,False,False,False,Low,0,0-3h,Action
GD0491,20,Female,Student,8,5.7,Battle royale,Fortnite,Mobile,75.19,Good,1.53,5.0,4.9,5,5.4,5.5,Good,Always,False,True,True,1.9,Angry,Rarely,False,False,False,Low,0,3-6h,Action
GD0492,24,Male,Professional,14,14.1,Battle royale,Fortnite,Multi-platform,394.74,Below Average,,2.0,0.0,10,4.8,3.9,Insomnia,Often,True,True,True,2.2,Anxious,Often,True,True,True,Severe,3,12h+,Action
GD0493,19,Female,Student,2,5.8,Moba,League of Legends,Pc,70.73,Average,2.43,6.0,10.4,4,6.9,6.8,Good,Never,False,False,False,2.6,Euphoric,Daily,False,True,False,Moderate,1,3-6h,Strategy
GD0494,20,Male,Student,10,6.0,Fps,CS:GO,Console,95.85,Below Average,3.43,9.0,10.7,5,6.4,6.5,Very Poor,Often,True,False,True,1.2,Angry,Rarely,False,True,False,Moderate,1,3-6h,Action
GD0495,20,Female,Student,1,3.8,Battle royale,PUBG,Console,9.48,Excellent,3.16,2.0,8.7,4,9.2,6.0,Fair,Sometimes,False,False,False,2.2,Irritable,Often,False,False,False,Low,0,3-6h,Action
GD0496,16,Male,Student,4,7.9,Mmo,World of Warcraft,Pc,136.26,Average,3.47,,5.5,5,7.8,5.1,Fair,Often,False,True,True,3.0,Irritable,Rarely,False,True,False,Moderate,1,6-9h,Role-playing
GD0497,27,Male,Professional,5,9.1,Mmo,Final Fantasy XIV,Pc,224.46,Failing,,8.0,5.1,6,6.4,5.9,Very Poor,Never,True,True,True,0.2,Anxious,Rarely,True,False,False,High,1,6-9h,Role-playing
GD0498,22,Male,Student,4,9.5,Battle royale,Fortnite,Pc,207.65,Average,1.14,4.0,3.3,6,5.7,3.7,Fair,Always,True,True,True,2.2,Angry,Rarely,False,True,False,High,1,9-12h,Action
GD0499,20,Male,Student,6,5.9,Battle royale,PUBG,Multi-platform,131.7,Average,2.14,8.0,10.7,3,5.4,6.7,Good,Always,False,True,True,0.3,Restless,Often,False,False,False,Low,0,3-6h,Action
GD0500,20,Female,Student,3,7.1,Battle royale,Fortnite,Console,142.02,Below Average,1.02,3.0,5.0,3,5.5,4.7,Poor,Sometimes,True,True,True,3.6,Irritable,Sometimes,True,True,False,High,2,6-9h,Action
GD0501,18,Male,Student,4,9.6,Battle royale,Apex Legends,Multi-platform,82.52,Poor,3.97,,2.3,6,5.6,3.7,Very Poor,Always,True,True,True,6.7,Restless,Rarely,False,False,False,Moderate,0,9-12h,Action
GD0502,23,Female,Professional,8,4.1,Rpg,Skyrim,Mobile,34.53,Below Average,,1.0,11.9,2,6.6,5.6,Poor,Rarely,False,False,False,2.5,Normal,Rarely,False,False,False,Low,0,3-6h,Role-playing
GD0503,19,Male,Student,5,7.5,Rpg,Skyrim,Pc,70.7,Average,1.78,4.0,7.3,5,8.0,3.3,Insomnia,Sometimes,False,False,False,1.0,Depressed,Daily,False,False,False,Low,0,6-9h,Role-playing
GD0504,14,Male,Student,2,3.5,Mmo,Elder Scrolls Online,Multi-platform,10.74,Good,2.45,,11.2,3,7.9,7.9,Poor,Never,False,False,False,1.1,Restless,Rarely,False,False,False,Low,0,3-6h,Role-playing
GD0505,27,Female,Professional,17,0.8,Rpg,Cyberpunk 2077,Multi-platform,27.33,Good,,6.0,14.3,1,10.5,8.2,Good,Often,False,False,False,0.2,Anxious,Often,False,False,False,Low,0,0-3h,Role-playing
GD0506,18,Female,Student,2,9.4,Mmo,Elder Scrolls Online,Mobile,470.19,Below Average,3.04,,5.3,4,7.1,3.6,Very Poor,Rarely,False,False,False,4.7,Irritable,Daily,False,False,True,High,1,9-12h,Role-playing
GD0507,21,Male,Student,11,5.5,Fps,Valorant,Multi-platform,91.49,Below Average,3.86,4.0,6.0,3,9.1,6.3,Fair,Sometimes,True,False,True,1.6,Irritable,Often,False,False,False,Low,0,3-6h,Action
GD0508,18,Male,Student,7,4.6,Fps,Overwatch,Pc,96.69,Poor,3.77,,7.1,2,8.5,6.8,Good,Always,True,False,True,2.4,Angry,Sometimes,False,False,False,Low,0,3-6h,Action
GD0509,18,Male,Student,6,3.5,Fps,Overwatch,Multi-platform,38.67,Good,3.76,,12.8,1,10.0,8.4,Good,Never,False,False,False,1.0,Excited,Rarely,False,False,False,Low,0,3-6h,Action
GD0510,19,Male,Student,6,5.7,Battle royale,Warzone,Pc,89.3,Below Average,2.06,7.0,10.0,6,6.6,6.4,Good,Always,True,True,True,4.3,Euphoric,Daily,False,True,False,Moderate,1,3-6h,Action
GD0511,22,Male,Student,6,1.0,Strategy,Age of Empires,Console,7.33,Good,3.87,9.0,14.9,1,11.3,8.0,Fair,Sometimes,False,False,False,0.1,Anxious,Daily,False,False,False,Low,0,0-3h,Strategy
GD0512,19,Female,Student,5,6.7,Mobile games,PUBG Mobile,Console,103.77,Below Average,2.79,9.0,5.0,2,8.2,3.1,Fair,Never,False,True,True,1.2,Euphoric,Never,False,False,False,Low,0,6-9h,Casual
GD0513,14,Male,Student,3,2.1,Moba,Dota 2,Console,41.89,Excellent,3.63,,12.1,3,8.2,7.3,Fair,Sometimes,False,False,False,0.5,Normal,Daily,False,False,False,Low,0,0-3h,Strategy
GD0514,24,Female,Professional,3,3.7,Strategy,Civilization VI,Mobile,7.4,Good,,1.0,10.8,3,6.1,6.1,Good,Often,False,False,False,2.1,Restless,Never,False,False,False,Low,0,3-6h,Strategy
GD0515,15,Male,Student,5,11.2,Strategy,StarCraft II,Multi-platform,436.35,Below Average,2.41,,0.6,8,4.6,3.4,Very Poor,Sometimes,False,False,False,3.0,Irritable,Never,True,False,False,High,1,9-12h,Strategy
GD0516,17,Male,Student,3,6.3,Battle royale,Warzone,Multi-platform,85.83,Average,2.2,,9.9,4,7.1,6.2,Poor,Often,False,True,True,0.1,Normal,Rarely,False,True,False,Moderate,1,3-6h,Action
GD0517,20,Male,Student,8,12.2,Battle royale,Apex Legends,Console,343.9,Below Average,3.3,9.0,0.5,7,4.1,5.3,Very Poor,Rarely,True,True,True,1.2,Irritable,Daily,True,False,False,High,1,12h+,Action
GD0518,20,Male,Student,9,5.4,Mmo,Final Fantasy XIV,Mobile,114.75,Poor,1.63,10.0,9.9,3,6.9,5.9,Very Poor,Often,True,False,True,0.2,Anxious,Never,False,False,False,Low,0,3-6h,Role-playing
GD0519,16,Male,Student,2,7.8,Moba,Mobile Legends,Mobile,50.64,Good,1.33,,6.0,5,4.5,3.1,Fair,Never,True,True,True,0.5,Irritable,Often,True,False,True,High,2,6-9h,Strategy
GD0520,21,Male,Student,8,3.1,Mobile games,Clash of Clans,Console,1.5,Average,3.87,1.0,11.2,1,7.0,8.7,Poor,Often,False,False,False,0.5,Normal,Daily,False,False,False,Low,0,0-3h,Casual
GD0521,24,Male,Professional,2,8.2,Strategy,StarCraft II,Multi-platform,29.0,Poor,,10.0,5.9,6,4.1,3.6,Fair,Sometimes,True,True,True,2.1,Angry,Rarely,False,False,True,Moderate,1,6-9h,Strategy
GD0522,20,Male,Student,6,6.6,Mmo,Final Fantasy XIV,Console,35.07,Below Average,2.86,1.0,6.9,5,6.8,4.9,Poor,Always,True,False,True,2.5,Normal,Rarely,True,True,False,High,2,6-9h,Role-playing
GD0523,21,Female,Student,7,9.1,Moba,League of Legends,Mobile,479.29,Poor,3.33,5.0,4.1,6,4.3,4.7,Poor,Never,False,True,True,0.3,Anxious,Often,False,False,True,High,1,6-9h,Strategy
GD0524,17,Male,Student,4,4.6,Fps,Valorant,Multi-platform,40.53,Average,1.61,,8.6,6,9.1,6.2,Good,Sometimes,False,False,False,2.5,Restless,Never,False,False,False,Low,0,3-6h,Action
GD0525,19,Male,Student,4,7.3,Strategy,Civilization VI,Console,84.52,Poor,3.31,3.0,7.1,4,5.3,3.2,Fair,Rarely,True,True,True,1.4,Anxious,Daily,True,True,False,High,2,6-9h,Strategy
GD0526,16,Male,Student,4,1.7,Fps,Valorant,Multi-platform,12.32,Excellent,3.03,,9.7,1,7.6,8.2,Poor,Sometimes,False,False,False,0.8,Excited,Rarely,False,False,False,Low,0,0-3h,Action
GD0527,18,Male,Student,5,4.3,Fps,Overwatch,Console,32.71,Below Average,3.2,,9.0,4,9.5,6.9,Fair,Sometimes,False,False,False,0.0,Euphoric,Sometimes,False,False,False,Low,0,3-6h,Action
GD0528,21,Male,Student,11,1.3,Fps,Overwatch,Multi-platform,44.99,Average,3.92,8.0,12.2,1,9.2,8.5,Fair,Often,False,False,False,0.1,Excited,Never,False,False,False,Low,0,0-3h,Action
GD0529,25,Male,Professional,11,10.4,Mmo,World of Warcraft,Console,61.9,Poor,,3.0,0.6,5,6.4,4.3,Fair,Often,True,False,True,5.0,Restless,Sometimes,True,True,False,Severe,2,9-12h,Role-playing
GD0530,20,Female,Student,6,10.1,Moba,Dota 2,Mobile,350.42,Below Average,2.09,1.0,5.2,8,3.6,5.7,Very Poor,Always,True,True,True,8.9,Depressed,Often,True,True,True,Severe,3,9-12h,Strategy
GD0531,20,Female,Student,7,5.8,Mobile games,Genshin Impact,Console,124.29,Average,1.63,3.0,7.8,5,8.8,6.3,Very Poor,Rarely,False,False,False,2.4,Euphoric,Daily,False,False,False,Low,0,3-6h,Casual
GD0532,18,Male,Student,5,2.5,Mobile games,Clash of Clans,Mobile,30.97,Average,1.57,,12.3,1,10.4,8.9,Good,Often,False,False,False,0.5,Normal,Daily,False,False,False,Low,0,0-3h,Casual
GD0533,18,Male,Student,7,2.6,Mmo,Final Fantasy XIV,Mobile,26.71,Excellent,2.58,,12.4,2,10.1,8.8,Good,Never,False,False,False,0.2,Normal,Never,False,False,False,Low,0,0-3h,Role-playing
GD0534,19,Male,Student,1,10.2,Moba,League of Legends,Pc,207.43,Failing,3.44,10.0,3.0,7,6.9,3.3,Very Poor,Rarely,False,False,False,0.8,Euphoric,Daily,True,False,False,High,1,9-12h,Strategy
GD0535,14,Male,Student,1,5.8,Fps,CS:GO,Console,88.33,Poor,2.69,,9.4,4,7.1,6.2,Fair,Never,True,True,True,0.4,Restless,Never,False,True,False,Moderate,1,3-6h,Action
GD0536,17,Female,Student,6,1.9,Mmo,Final Fantasy XIV,Pc,23.78,Average,1.78,,11.5,1,10.9,7.1,Good,Always,False,False,False,0.1,Withdrawn,Rarely,False,False,False,Low,0,0-3h,Role-playing
GD0537,18,Male,Student,4,8.0,Rpg,Elden Ring,Pc,85.28,Poor,3.81,,5.3,5,7.7,5.0,Poor,Never,True,True,True,0.1,Angry,Rarely,False,True,True,High,2,6-9h,Role-playing
GD0538,18,Male,Student,4,3.4,Mmo,Elder Scrolls Online,Multi-platform,30.22,Average,2.15,,9.6,1,9.0,7.4,Poor,Never,False,False,False,0.3,Normal,Daily,False,False,False,Low,0,0-3h,Role-playing
GD0539,24,Male,Professional,10,1.2,Strategy,Age of Empires,Pc,32.34,Average,,1.0,14.2,1,8.6,7.6,Fair,Often,False,False,False,0.3,Irritable,Sometimes,False,False,False,Low,0,0-3h,Strategy
GD0540,19,Male,Student,4,4.3,Mmo,Elder Scrolls Online,Pc,43.72,Below Average,2.46,10.0,11.9,3,9.2,6.3,Good,Rarely,False,False,False,0.7,Restless,Sometimes,False,False,False,Low,0,3-6h,Role-playing
GD0541,18,Male,Student,1,10.7,Battle royale,Apex Legends,Mobile,115.6,Below Average,3.11,,4.3,7,4.3,5.3,Fair,Never,True,True,True,4.8,Depressed,Sometimes,True,True,True,Severe,3,9-12h,Action
GD0542,27,Male,Professional,15,3.3,Battle royale,PUBG,Console,11.66,Below Average,,6.0,9.0,3,9.3,8.9,Poor,Often,False,False,False,0.4,Anxious,Sometimes,False,False,False,Low,0,0-3h,Action
GD0543,31,Male,Professional,7,10.4,Strategy,Civilization VI,Console,339.48,Average,,10.0,1.8,7,7.0,3.2,Poor,Sometimes,False,False,False,4.1,Normal,Often,False,True,True,Severe,2,9-12h,Strategy
GD0544,22,Female,Student,4,6.7,Mobile games,Candy Crush,Pc,37.0,Poor,1.18,5.0,6.5,5,6.5,4.6,Poor,Rarely,True,True,True,1.4,Angry,Sometimes,True,True,False,High,2,6-9h,Casual
GD0545,16,Male,Student,4,6.3,Mmo,Elder Scrolls Online,Mobile,33.58,Excellent,1.91,,4.8,3,7.7,5.1,Poor,Sometimes,False,False,False,0.8,Irritable,Daily,False,False,False,Low,0,3-6h,Role-playing
GD0546,19,Male,Student,6,6.2,Mmo,World of Warcraft,Mobile,138.86,Average,3.56,6.0,7.4,3,5.9,6.7,Fair,Often,True,False,True,3.6,Depressed,Rarely,False,True,False,Moderate,1,3-6h,Role-playing
GD0547,22,Male,Student,3,3.2,Mmo,World of Warcraft,Multi-platform,42.64,Average,3.82,6.0,8.7,4,8.4,8.7,Poor,Sometimes,False,False,False,0.6,Withdrawn,Sometimes,False,False,False,Low,0,0-3h,Role-playing
GD0548,24,Male,Professional,13,7.1,Fps,Call of Duty,Console,96.9,Below Average,,8.0,4.9,5,6.0,3.8,Good,Never,False,False,False,2.2,Depressed,Daily,True,True,False,High,2,6-9h,Action
GD0549,18,Male,Student,1,8.4,Moba,Dota 2,Mobile,73.02,Poor,3.2,,7.2,5,4.7,5.2,Poor,Rarely,True,True,True,0.7,Restless,Sometimes,False,False,False,Low,0,6-9h,Strategy
GD0550,21,Female,Student,9,7.2,Battle royale,Fortnite,Pc,99.01,Excellent,1.41,2.0,5.0,4,6.2,5.9,Fair,Never,True,True,True,0.6,Irritable,Sometimes,True,False,False,Moderate,1,6-9h,Action
GD0551,19,Male,Student,6,9.5,Strategy,Age of Empires,Multi-platform,90.31,Excellent,1.94,5.0,2.4,6,4.6,3.2,Poor,Always,True,False,True,0.6,Irritable,Daily,True,True,True,Severe,3,9-12h,Strategy
GD0552,19,Male,Student,6,6.0,Mobile games,PUBG Mobile,Console,35.25,Average,1.42,9.0,10.2,4,5.4,5.3,Fair,Rarely,False,False,False,3.5,Restless,Daily,False,False,False,Low,0,3-6h,Casual
GD0553,19,Female,Student,5,2.3,Moba,Mobile Legends,Console,39.46,Good,3.61,10.0,14.5,2,9.8,8.9,Good,Often,False,False,False,0.6,Normal,Never,False,False,False,Low,0,0-3h,Strategy
GD0554,27,Male,Professional,5,4.2,Strategy,Age of Empires,Pc,18.36,Excellent,,2.0,12.6,3,8.9,5.9,Good,Always,False,False,False,1.3,Euphoric,Sometimes,False,False,False,Low,0,3-6h,Strategy
GD0555,19,Female,Student,5,4.6,Rpg,Cyberpunk 2077,Console,70.56,Average,3.24,2.0,11.3,5,7.3,6.1,Good,Always,True,False,True,1.3,Angry,Rarely,False,False,False,Low,0,3-6h,Role-playing
GD0556,19,Male,Student,6,4.8,Strategy,Age of Empires,Console,97.99,Poor,2.78,1.0,8.6,2,8.1,7.0,Poor,Often,True,False,True,3.2,Euphoric,Daily,False,False,False,Low,0,3-6h,Strategy
GD0557,20,Male,Student,3,11.7,Mobile games,PUBG Mobile,Console,360.29,Average,2.69,7.0,0.2,7,5.4,5.5,Very Poor,Always,True,False,True,0.1,Euphoric,Daily,True,True,True,Severe,3,9-12h,Casual
GD0558,26,Male,Professional,11,2.5,Moba,Dota 2,Pc,0.43,Good,,4.0,13.5,1,8.8,7.6,Good,Always,False,False,False,0.5,Anxious,Daily,False,False,False,Low,0,0-3h,Strategy
GD0559,33,Male,Professional,19,5.2,Moba,Mobile Legends,Console,102.88,Excellent,,10.0,9.2,2,8.2,5.3,Good,Rarely,True,False,True,0.7,Irritable,Sometimes,False,False,False,Low,0,3-6h,Strategy
GD0560,19,Male,Student,7,4.6,Moba,Mobile Legends,Multi-platform,37.92,Average,1.85,9.0,11.2,1,5.5,5.4,Fair,Rarely,False,False,False,0.2,Restless,Never,False,False,False,Low,0,3-6h,Strategy
GD0561,18,Male,Student,4,4.0,Moba,Mobile Legends,Multi-platform,26.29,Excellent,3.29,,13.2,3,8.7,5.8,Poor,Always,False,False,False,0.1,Normal,Sometimes,False,False,False,Low,0,3-6h,Strategy
GD0562,20,Female,Student,3,1.7,Mobile games,Clash of Clans,Console,2.01,Excellent,3.88,7.0,10.4,1,7.6,8.7,Good,Rarely,False,False,False,0.1,Normal,Daily,False,False,False,Low,0,0-3h,Casual
GD0563,16,Male,Student,1,7.6,Fps,Valorant,Mobile,42.16,Poor,1.73,,4.1,3,6.9,3.3,Insomnia,Always,False,True,True,4.6,Withdrawn,Daily,True,False,False,Moderate,1,6-9h,Action
GD0564,22,Male,Student,8,4.5,Mmo,Final Fantasy XIV,Mobile,92.49,Below Average,1.54,10.0,11.8,2,7.1,6.9,Poor,Sometimes,True,False,True,2.7,Euphoric,Sometimes,False,False,False,Low,0,3-6h,Role-playing
GD0565,23,Other,Professional,11,4.6,Mmo,World of Warcraft,Mobile,134.52,Below Average,,6.0,10.9,4,6.8,6.3,Fair,Often,False,False,False,0.8,Normal,Never,False,False,False,Low,0,3-6h,Role-playing
GD0566,18,Male,Student,2,2.3,Strategy,Civilization VI,Console,35.89,Average,1.63,,13.1,1,9.8,7.3,Good,Sometimes,False,False,False,0.4,Normal,Rarely,False,False,False,Low,0,0-3h,Strategy
GD0567,25,Female,Professional,6,5.3,Moba,Mobile Legends,Mobile,123.9,Below Average,,3.0,6.3,2,8.8,6.0,Poor,Never,True,False,True,0.6,Depressed,Daily,False,False,False,Low,0,3-6h,Strategy
GD0568,20,Male,Student,3,8.0,Moba,Dota 2,Multi-platform,42.42,Below Average,2.75,6.0,6.2,5,4.7,5.8,Poor,Rarely,False,True,True,1.2,Euphoric,Often,True,True,True,Severe,3,6-9h,Strategy
GD0569,13,Male,Student,1,2.3,Moba,League of Legends,Mobile,13.49,Below Average,2.99,,10.7,1,10.6,8.2,Fair,Always,False,False,False,0.1,Normal,Sometimes,False,False,False,Low,0,0-3h,Strategy
GD0570,34,Male,Professional,17,3.9,Moba,Dota 2,Pc,23.55,Excellent,,2.0,8.8,2,6.5,5.1,Fair,Sometimes,False,False,False,0.1,Irritable,Sometimes,False,False,False,Low,0,3-6h,Strategy
GD0571,28,Female,Professional,14,7.8,Battle royale,Warzone,Mobile,88.65,Poor,,1.0,2.7,6,4.0,4.7,Fair,Rarely,True,True,True,0.8,Anxious,Rarely,True,True,True,Severe,3,6-9h,Action
GD0572,17,Male,Student,1,8.4,Mmo,World of Warcraft,Console,76.72,Average,3.69,,2.7,3,7.9,3.4,Poor,Always,False,False,False,2.7,Angry,Sometimes,True,False,True,High,2,6-9h,Role-playing
GD0573,20,Male,Student,5,5.3,Strategy,Civilization VI,Multi-platform,140.81,Poor,2.34,6.0,8.7,4,8.5,5.5,Very Poor,Sometimes,True,False,True,1.3,Irritable,Sometimes,False,False,False,Low,0,3-6h,Strategy
GD0574,23,Male,Professional,2,3.5,Battle royale,Warzone,Multi-platform,11.59,Below Average,,2.0,12.1,3,9.4,6.9,Very Poor,Often,False,False,False,0.4,Restless,Often,False,False,False,Low,0,3-6h,Action
GD0575,23,Male,Professional,6,4.3,Rpg,Elden Ring,Pc,6.68,Average,,1.0,12.6,1,6.4,5.5,Poor,Often,False,False,False,2.4,Depressed,Often,False,False,False,Low,0,3-6h,Role-playing
GD0576,21,Male,Student,4,6.5,Rpg,Skyrim,Mobile,132.29,Failing,1.76,7.0,5.4,4,6.2,5.7,Poor,Sometimes,True,True,True,1.0,Anxious,Sometimes,True,True,False,High,2,6-9h,Role-playing
GD0577,19,Female,Student,5,1.3,Rpg,Skyrim,Console,25.35,Excellent,3.45,10.0,11.5,1,11.3,9.0,Good,Never,False,False,False,0.1,Excited,Sometimes,False,False,False,Low,0,0-3h,Role-playing
GD0578,17,Female,Student,5,7.1,Battle royale,Warzone,Pc,86.64,Below Average,3.36,,9.2,5,4.5,5.2,Very Poor,Sometimes,False,True,True,2.8,Irritable,Often,True,False,False,Moderate,1,6-9h,Action
GD0579,21,Female,Student,3,2.7,Mobile games,Clash of Clans,Console,34.35,Excellent,3.63,9.0,13.2,2,10.0,8.2,Good,Always,False,False,False,0.4,Normal,Often,False,False,False,Low,0,0-3h,Casual
GD0580,21,Male,Student,8,5.9,Strategy,StarCraft II,Console,57.6,Poor,2.78,7.0,6.4,2,5.7,5.1,Poor,Sometimes,True,True,True,2.2,Normal,Never,False,False,False,Low,0,3-6h,Strategy
GD0581,18,Female,Student,4,6.4,Battle royale,Fortnite,Mobile,34.21,Below Average,1.23,,10.7,4,5.9,6.2,Very Poor,Often,True,True,True,0.9,Anxious,Daily,False,True,False,Moderate,1,6-9h,Action
GD0582,17,Female,Student,5,8.3,Fps,Call of Duty,Console,40.05,Good,3.97,,6.7,6,4.0,3.7,Poor,Often,True,True,True,0.2,Angry,Rarely,True,True,True,Severe,3,6-9h,Action
GD0583,18,Male,Student,3,9.5,Rpg,Cyberpunk 2077,Console,327.63,Average,3.66,,3.8,4,7.0,4.6,Poor,Always,True,True,True,0.5,Anxious,Rarely,False,False,False,Moderate,0,9-12h,Role-playing
GD0584,17,Female,Student,4,7.8,Rpg,Skyrim,Mobile,80.16,Average,2.75,,5.7,4,5.5,5.7,Poor,Never,True,False,True,2.2,Angry,Rarely,True,True,False,High,2,6-9h,Role-playing
GD0585,21,Male,Student,7,8.3,Mmo,Elder Scrolls Online,Pc,76.85,Poor,1.36,4.0,4.9,5,7.9,3.8,Fair,Often,False,False,False,2.8,Angry,Never,True,True,True,Severe,3,6-9h,Role-playing
GD0586,16,Male,Student,6,1.0,Rpg,Skyrim,Multi-platform,4.9,Excellent,2.61,,13.7,1,7.6,7.4,Good,Often,False,False,False,0.2,Excited,Rarely,False,False,False,Low,0,0-3h,Role-playing
GD0587,19,Female,Student,9,8.4,Rpg,Skyrim,Pc,94.45,Poor,1.69,7.0,2.6,6,5.4,3.8,Poor,Sometimes,True,True,True,1.9,Restless,Often,False,True,False,Moderate,1,6-9h,Role-playing
GD0588,16,Male,Student,2,6.9,Mmo,Elder Scrolls Online,Multi-platform,11.92,Below Average,2.13,,8.4,4,8.2,4.7,Poor,Always,False,True,True,0.2,Angry,Daily,False,False,False,Low,0,6-9h,Role-playing
GD0589,24,Female,Professional,14,8.4,Battle royale,Fortnite,Console,144.35,Poor,,4.0,4.5,5,5.5,5.2,Very Poor,Rarely,False,True,True,0.7,Irritable,Rarely,True,True,False,High,2,6-9h,Action
GD0590,22,Male,Student,11,1.7,Mmo,Elder Scrolls Online,Mobile,42.67,Average,1.77,7.0,11.1,1,7.6,7.1,Good,Sometimes,False,False,False,0.1,Normal,Rarely,False,False,False,Low,0,0-3h,Role-playing
GD0591,18,Female,Student,3,6.3,Mmo,World of Warcraft,Pc,29.37,Good,1.96,,7.4,3,6.5,5.2,Fair,Rarely,True,True,True,1.8,Excited,Daily,False,True,False,Moderate,1,3-6h,Role-playing
GD0592,20,Male,Student,4,5.8,Rpg,Elden Ring,Multi-platform,125.21,Below Average,1.5,3.0,8.3,4,5.1,5.4,Good,Never,True,False,True,0.2,Euphoric,Sometimes,False,False,False,Low,0,3-6h,Role-playing
GD0593,17,Female,Student,2,1.5,Mmo,Elder Scrolls Online,Pc,4.91,Good,3.35,,12.2,1,8.0,9.0,Good,Always,False,False,False,0.3,Restless,Sometimes,False,False,False,Low,0,0-3h,Role-playing
GD0594,21,Male,Student,1,8.6,Strategy,StarCraft II,Pc,314.32,Below Average,2.71,3.0,1.6,5,6.0,5.0,Fair,Sometimes,True,True,True,4.0,Anxious,Daily,True,False,True,Severe,2,6-9h,Strategy
GD0595,21,Female,Student,2,6.5,Mmo,World of Warcraft,Multi-platform,119.21,Below Average,1.4,9.0,9.9,3,5.9,6.9,Fair,Never,True,True,True,1.3,Irritable,Often,False,True,False,Moderate,1,6-9h,Role-playing
GD0596,27,Female,Professional,15,3.9,Moba,Mobile Legends,Multi-platform,37.27,Below Average,,2.0,10.7,2,8.8,5.6,Fair,Rarely,False,False,False,1.1,Anxious,Never,False,False,False,Low,0,3-6h,Strategy
GD0597,22,Male,Student,3,6.0,Mobile games,Candy Crush,Pc,114.69,Average,3.21,7.0,8.0,4,8.3,7.0,Fair,Never,True,False,True,3.1,Depressed,Daily,False,True,False,Moderate,1,3-6h,Casual
GD0598,16,Female,Student,6,9.3,Strategy,Civilization VI,Multi-platform,69.4,Below Average,3.22,,6.7,5,6.9,4.7,Poor,Often,True,False,True,3.0,Normal,Daily,False,True,True,Severe,2,9-12h,Strategy
GD0599,19,Male,Student,4,7.5,Rpg,Cyberpunk 2077,Console,128.77,Failing,1.89,1.0,6.0,7,6.9,3.2,Poor,Sometimes,True,True,True,0.9,Depressed,Rarely,True,True,True,Severe,3,6-9h,Role-playing
GD0600,21,Female,Student,7,5.8,Battle royale,Fortnite,Mobile,88.08,Average,3.36,3.0,7.4,4,6.9,5.3,Fair,Often,False,True,True,0.8,Euphoric,Never,False,False,False,Low,0,3-6h,Action
GD0601,20,Male,Student,7,1.1,Rpg,Elden Ring,Pc,44.51,Excellent,2.65,10.0,15.4,1,9.4,8.4,Poor,Rarely,False,False,False,0.2,Normal,Rarely,False,False,False,Low,0,0-3h,Role-playing
GD0602,16,Male,Student,2,4.2,Strategy,Civilization VI,Console,34.04,Below Average,2.21,,12.0,2,6.6,5.8,Good,Always,False,False,False,1.3,Depressed,Daily,False,False,False,Low,0,3-6h,Strategy
GD0603,14,Female,Student,3,7.4,Strategy,Civilization VI,Mobile,87.18,Below Average,2.18,,8.7,4,7.1,3.4,Very Poor,Always,True,True,True,0.0,Withdrawn,Often,False,True,False,Moderate,1,6-9h,Strategy
GD0604,21,Male,Student,10,4.8,Mobile games,Candy Crush,Pc,29.12,Below Average,2.28,5.0,6.4,4,6.4,6.9,Fair,Often,True,False,True,1.0,Euphoric,Daily,False,False,False,Low,0,3-6h,Casual
GD0605,19,Male,Student,6,7.4,Moba,League of Legends,Mobile,130.69,Good,3.54,5.0,6.6,5,7.1,5.8,Very Poor,Never,True,True,True,3.2,Restless,Rarely,True,False,False,Moderate,1,6-9h,Strategy
GD0606,22,Female,Student,11,11.4,Battle royale,Warzone,Multi-platform,90.88,Poor,1.95,5.0,3.7,6,4.5,4.3,Poor,Never,False,True,True,2.1,Restless,Daily,True,True,False,Severe,2,9-12h,Action
GD0607,15,Male,Student,2,13.2,Rpg,Cyberpunk 2077,Multi-platform,475.36,Poor,3.63,,0.0,8,5.5,4.2,Insomnia,Rarely,False,False,False,6.5,Irritable,Rarely,True,False,False,High,1,12h+,Role-playing
GD0608,16,Male,Student,5,4.6,Mmo,World of Warcraft,Console,70.11,Good,1.25,,6.0,5,6.5,6.5,Fair,Always,True,False,True,0.8,Euphoric,Daily,False,False,False,Low,0,3-6h,Role-playing
GD0609,17,Male,Student,3,8.7,Battle royale,PUBG,Console,119.98,Average,3.48,,1.8,6,6.6,4.7,Poor,Often,True,False,True,1.9,Excited,Never,False,False,False,Moderate,0,6-9h,Action
GD0610,26,Female,Professional,13,4.8,Battle royale,Apex Legends,Multi-platform,75.94,Below Average,,2.0,9.3,3,8.1,6.7,Good,Sometimes,True,False,True,2.7,Anxious,Rarely,False,False,False,Low,0,3-6h,Action
GD0611,20,Male,Student,6,6.4,Fps,Call of Duty,Console,80.75,Average,1.28,6.0,7.2,2,5.9,5.4,Poor,Never,True,True,True,3.9,Normal,Never,False,False,False,Low,0,6-9h,Action
GD0612,20,Male,Student,4,5.4,Mmo,Final Fantasy XIV,Mobile,98.4,Excellent,2.81,6.0,10.2,3,6.7,6.0,Poor,Always,True,False,True,1.1,Normal,Sometimes,False,False,False,Low,0,3-6h,Role-playing
GD0613,19,Male,Student,7,2.6,Battle royale,PUBG,Mobile,19.48,Poor,2.48,1.0,11.2,2,8.2,8.6,Fair,Always,False,False,False,0.9,Anxious,Daily,False,False,False,Low,0,0-3h,Action
GD0614,17,Male,Student,5,1.3,Moba,Mobile Legends,Pc,1.18,Average,3.15,,16.1,1,11.1,8.4,Good,Rarely,False,False,False,0.2,Normal,Never,False,False,False,Low,0,0-3h,Strategy
GD0615,18,Female,Student,6,3.7,Fps,Overwatch,Multi-platform,46.28,Below Average,3.55,,11.5,2,9.4,5.0,Poor,Often,False,False,False,2.0,Euphoric,Sometimes,False,False,False,Low,0,3-6h,Action
GD0616,18,Female,Student,4,4.7,Battle royale,Warzone,Mobile,127.9,Average,2.82,,6.6,2,6.6,6.0,Good,Always,True,False,True,0.1,Restless,Often,False,False,False,Low,0,3-6h,Action
GD0617,24,Male,Professional,7,8.4,Mmo,Final Fantasy XIV,Multi-platform,111.33,Failing,,8.0,7.8,4,5.5,4.2,Insomnia,Often,True,True,True,1.8,Anxious,Never,False,False,True,Moderate,1,6-9h,Role-playing
GD0618,30,Male,Professional,12,7.2,Moba,Mobile Legends,Mobile,74.44,Below Average,,3.0,6.3,5,6.3,4.0,Poor,Sometimes,False,True,True,1.8,Irritable,Sometimes,True,True,False,High,2,6-9h,Strategy
GD0619,21,Male,Student,4,6.4,Mobile games,PUBG Mobile,Multi-platform,112.63,Excellent,2.43,5.0,8.9,4,7.6,5.6,Good,Never,True,True,True,1.2,Restless,Often,False,True,False,Moderate,1,6-9h,Casual
GD0620,15,Male,Student,3,2.6,Mobile games,Genshin Impact,Multi-platform,32.91,Good,2.19,,9.7,1,6.6,7.8,Good,Always,False,False,False,0.7,Normal,Rarely,False,False,False,Low,0,0-3h,Casual
GD0621,27,Male,Professional,12,3.4,Fps,Overwatch,Multi-platform,29.73,Excellent,,2.0,12.2,1,8.5,8.4,Good,Never,False,False,False,1.1,Normal,Sometimes,False,False,False,Low,0,0-3h,Action
GD0622,15,Female,Student,5,7.0,Mobile games,Clash of Clans,Multi-platform,54.93,Poor,3.52,,7.6,6,5.9,4.7,Poor,Often,True,False,True,0.8,Anxious,Daily,False,False,False,Low,0,6-9h,Casual
GD0623,27,Female,Professional,11,1.6,Fps,Call of Duty,Multi-platform,24.49,Average,,9.0,15.5,2,9.0,7.5,Fair,Never,False,False,False,0.2,Normal,Never,False,False,False,Low,0,0-3h,Action
GD0624,19,Male,Student,6,7.7,Moba,Dota 2,Multi-platform,33.95,Average,1.1,6.0,6.0,6,7.8,3.5,Very Poor,Sometimes,True,False,True,3.6,Irritable,Often,False,True,False,Moderate,1,6-9h,Strategy
GD0625,20,Male,Student,2,4.8,Moba,Dota 2,Mobile,94.88,Average,2.5,2.0,6.8,4,8.8,5.5,Poor,Always,True,False,True,0.8,Depressed,Sometimes,False,False,False,Low,0,3-6h,Strategy
GD0626,35,Male,Professional,7,6.9,Strategy,StarCraft II,Mobile,105.61,Failing,,8.0,5.7,5,7.8,5.2,Very Poor,Often,True,False,True,2.3,Normal,Never,True,True,False,High,2,6-9h,Strategy
GD0627,22,Female,Student,12,4.8,Strategy,Age of Empires,Multi-platform,19.11,Good,1.74,8.0,7.9,4,7.5,6.0,Fair,Rarely,True,False,True,0.9,Irritable,Often,False,False,False,Low,0,3-6h,Strategy
GD0628,16,Male,Student,2,4.5,Mmo,Final Fantasy XIV,Pc,77.9,Below Average,2.23,,8.9,3,7.0,5.6,Poor,Sometimes,False,False,False,2.0,Anxious,Often,False,False,False,Low,0,3-6h,Role-playing
GD0629,21,Female,Student,11,3.6,Fps,Overwatch,Mobile,40.97,Good,3.09,3.0,8.0,3,6.1,5.4,Good,Often,False,False,False,1.9,Withdrawn,Never,False,False,False,Low,0,3-6h,Action
GD0630,27,Female,Professional,16,12.0,Battle royale,Apex Legends,Console,348.26,Average,,4.0,0.0,9,4.9,5.2,Very Poor,Always,True,True,True,3.2,Restless,Sometimes,True,False,True,Severe,2,9-12h,Action
GD0631,16,Female,Student,4,5.4,Fps,CS:GO,Console,34.87,Poor,2.81,,6.0,2,8.3,5.8,Poor,Always,False,False,False,0.4,Irritable,Daily,False,False,False,Low,0,3-6h,Action
GD0632,23,Male,Professional,5,7.0,Mobile games,Clash of Clans,Pc,128.77,Average,,9.0,9.5,5,4.8,3.8,Poor,Never,True,False,True,6.2,Depressed,Often,True,True,False,High,2,6-9h,Casual
GD0633,25,Male,Professional,4,6.2,Strategy,Age of Empires,Console,30.42,Below Average,,8.0,10.2,6,8.0,5.9,Fair,Often,False,True,True,0.0,Restless,Daily,False,True,False,Moderate,1,3-6h,Strategy
GD0634,24,Male,Professional,5,5.7,Mmo,Elder Scrolls Online,Mobile,76.37,Good,,1.0,8.6,3,6.5,5.7,Poor,Sometimes,True,False,True,0.1,Anxious,Rarely,False,True,False,Moderate,1,3-6h,Role-playing
GD0635,16,Female,Student,2,6.2,Moba,Mobile Legends,Multi-platform,57.17,Good,3.53,,8.7,4,5.4,5.8,Poor,Sometimes,False,True,True,1.2,Restless,Rarely,False,True,False,Moderate,1,3-6h,Strategy
GD0636,19,Male,Student,8,9.6,Rpg,Elden Ring,Console,451.73,Good,2.57,8.0,0.5,7,7.0,3.6,Poor,Sometimes,False,True,True,4.7,Restless,Sometimes,False,True,False,High,1,9-12h,Role-playing
GD0637,19,Male,Student,8,11.1,Mmo,Elder Scrolls Online,Multi-platform,80.87,Excellent,1.58,9.0,0.8,8,3.8,5.9,Fair,Rarely,False,True,True,5.3,Angry,Sometimes,False,True,False,High,1,9-12h,Role-playing
GD0638,24,Male,Professional,10,7.8,Mobile games,Clash of Clans,Console,143.11,Poor,,6.0,8.0,3,7.0,5.9,Insomnia,Often,True,True,True,0.0,Angry,Daily,False,True,True,High,2,6-9h,Casual
GD0639,20,Male,Student,4,6.0,Battle royale,PUBG,Console,33.26,Failing,3.88,8.0,10.7,6,6.0,5.5,Good,Often,True,True,True,0.2,Restless,Never,False,True,False,Moderate,1,3-6h,Action
GD0640,14,Female,Student,1,3.1,Moba,Dota 2,Mobile,37.55,Excellent,2.8,,13.4,1,8.4,7.0,Good,Often,False,False,False,1.5,Normal,Daily,False,False,False,Low,0,0-3h,Strategy
GD0641,25,Female,Professional,5,7.2,Strategy,Civilization VI,Console,135.46,Below Average,,1.0,6.8,4,7.3,4.4,Fair,Always,True,False,True,1.4,Irritable,Never,True,True,False,High,2,6-9h,Strategy
GD0642,22,Male,Student,11,6.9,Mobile games,Genshin Impact,Mobile,140.64,Below Average,3.05,8.0,5.0,4,7.7,6.0,Fair,Rarely,True,True,True,0.2,Euphoric,Sometimes,True,False,False,Moderate,1,6-9h,Casual
GD0643,22,Male,Student,3,2.5,Fps,Valorant,Mobile,28.41,Below Average,3.54,2.0,10.5,3,8.7,8.1,Fair,Always,False,False,False,0.0,Normal,Never,False,False,False,Low,0,0-3h,Action
GD0644,28,Female,Professional,5,5.9,Rpg,Skyrim,Mobile,97.31,Excellent,,3.0,10.3,3,5.6,6.6,Good,Rarely,True,False,True,0.0,Anxious,Rarely,False,True,False,Moderate,1,3-6h,Role-playing
GD0645,26,Male,Professional,9,5.9,Rpg,Skyrim,Pc,112.85,Good,,6.0,10.6,3,7.3,6.3,Fair,Never,False,False,False,1.7,Restless,Rarely,False,False,False,Low,0,3-6h,Role-playing
GD0646,19,Male,Student,7,4.8,Strategy,Age of Empires,Multi-platform,115.72,Good,1.51,9.0,8.2,4,5.5,5.9,Poor,Often,True,False,True,3.7,Normal,Rarely,False,False,False,Low,0,3-6h,Strategy
GD0647,17,Female,Student,6,4.6,Moba,Dota 2,Multi-platform,20.94,Average,2.23,,10.5,4,8.1,6.0,Fair,Rarely,True,False,True,1.3,Irritable,Rarely,False,False,False,Low,0,3-6h,Strategy
GD0648,16,Female,Student,5,5.2,Strategy,StarCraft II,Pc,10.52,Good,2.22,,9.1,2,8.9,6.3,Fair,Often,True,False,True,3.2,Irritable,Sometimes,False,False,False,Low,0,3-6h,Strategy
GD0649,30,Female,Professional,18,5.2,Mmo,Final Fantasy XIV,Pc,126.54,Good,,9.0,8.3,4,8.5,6.5,Good,Often,True,False,True,1.8,Irritable,Sometimes,False,False,False,Low,0,3-6h,Role-playing
GD0650,22,Male,Student,4,5.6,Mmo,World of Warcraft,Mobile,130.0,Average,3.42,2.0,10.2,4,5.9,6.3,Poor,Rarely,True,False,True,0.3,Anxious,Often,False,True,False,Moderate,1,3-6h,Role-playing
GD0651,16,Female,Student,4,5.0,Mmo,World of Warcraft,Console,145.08,Poor,2.26,,10.4,3,5.5,5.9,Poor,Never,True,False,True,2.1,Normal,Sometimes,False,False,False,Low,0,3-6h,Role-playing
GD0652,21,Male,Student,3,7.0,Moba,League of Legends,Mobile,142.25,Poor,3.57,4.0,5.1,3,8.2,4.8,Very Poor,Often,True,True,True,1.0,Angry,Rarely,False,True,False,Moderate,1,6-9h,Strategy
GD0653,19,Male,Student,2,1.7,Rpg,Cyberpunk 2077,Console,36.8,Excellent,2.23,10.0,9.8,2,10.4,8.7,Good,Often,False,False,False,0.4,Depressed,Often,False,False,False,Low,0,0-3h,Role-playing
GD0654,22,Female,Student,1,6.4,Battle royale,Warzone,Multi-platform,145.93,Average,3.24,4.0,9.5,2,6.1,5.4,Poor,Rarely,True,False,True,0.3,Irritable,Never,False,True,False,Moderate,1,6-9h,Action
GD0655,20,Female,Student,6,3.3,Mobile games,PUBG Mobile,Mobile,13.68,Excellent,2.74,3.0,10.7,1,9.1,8.3,Good,Sometimes,False,False,False,1.2,Normal,Daily,False,False,False,Low,0,0-3h,Casual
GD0656,16,Female,Student,4,9.3,Strategy,StarCraft II,Multi-platform,90.17,Below Average,1.82,,4.5,6,3.7,3.1,Fair,Always,False,True,True,0.5,Irritable,Sometimes,False,True,True,Severe,2,9-12h,Strategy
GD0657,20,Female,Student,6,6.3,Mmo,Final Fantasy XIV,Mobile,80.72,Average,2.54,5.0,9.5,6,8.5,6.2,Poor,Rarely,False,True,True,3.1,Normal,Rarely,False,False,False,Low,0,3-6h,Role-playing
GD0658,24,Male,Professional,14,13.4,Mmo,Final Fantasy XIV,Pc,64.52,Below Average,,3.0,1.6,9,5.2,3.9,Very Poor,Never,True,False,True,6.3,Depressed,Daily,False,True,False,High,1,12h+,Role-playing
GD0659,18,Male,Student,4,6.6,Battle royale,Apex Legends,Mobile,80.91,Poor,2.34,,7.0,5,5.6,5.4,Insomnia,Often,True,True,True,0.8,Restless,Often,False,False,False,Low,0,6-9h,Action
GD0660,20,Female,Student,8,5.3,Mmo,World of Warcraft,Console,128.13,Poor,3.93,2.0,7.1,2,9.0,6.8,Fair,Never,True,False,True,0.4,Irritable,Daily,False,False,False,Low,0,3-6h,Role-playing
GD0661,16,Male,Student,4,7.4,Rpg,Elden Ring,Console,67.44,Below Average,3.68,,8.7,3,5.8,5.2,Fair,Sometimes,True,True,True,2.1,Irritable,Often,True,True,False,High,2,6-9h,Role-playing
GD0662,22,Female,Student,6,1.8,Strategy,Age of Empires,Multi-platform,40.78,Excellent,3.17,10.0,14.2,2,8.9,8.0,Good,Rarely,False,False,False,0.2,Restless,Often,False,False,False,Low,0,0-3h,Strategy
GD0663,20,Male,Student,9,4.4,Rpg,Elden Ring,Multi-platform,38.47,Good,1.51,2.0,8.7,4,7.6,6.3,Fair,Rarely,False,False,False,0.3,Euphoric,Daily,False,False,False,Low,0,3-6h,Role-playing
GD0664,16,Male,Student,6,4.5,Fps,Valorant,Console,104.97,Average,3.45,,6.2,4,7.0,5.1,Poor,Never,False,False,False,0.4,Depressed,Sometimes,False,False,False,Low,0,3-6h,Action
GD0665,33,Female,Professional,14,3.7,Battle royale,Fortnite,Console,23.14,Average,,10.0,11.5,3,9.3,6.5,Poor,Never,False,False,False,0.1,Depressed,Sometimes,False,False,False,Low,0,3-6h,Action
GD0666,18,Female,Student,7,1.5,Rpg,Elden Ring,Pc,0.1,Good,1.91,,11.9,1,8.1,7.1,Fair,Rarely,False,False,False,0.7,Withdrawn,Rarely,False,False,False,Low,0,0-3h,Role-playing
GD0667,19,Male,Student,8,6.7,Battle royale,Apex Legends,Mobile,117.79,Below Average,3.61,5.0,7.5,2,6.6,3.8,Very Poor,Sometimes,True,False,True,0.4,Withdrawn,Daily,True,True,False,High,2,6-9h,Action
GD0668,15,Male,Student,1,6.5,Mmo,World of Warcraft,Mobile,109.59,Good,3.57,,6.9,2,5.0,4.7,Very Poor,Always,True,False,True,4.2,Anxious,Sometimes,True,False,False,Moderate,1,6-9h,Role-playing
GD0669,31,Male,Professional,3,1.4,Rpg,Skyrim,Console,24.22,Poor,,1.0,14.6,1,10.5,8.8,Good,Always,False,False,False,0.3,Irritable,Never,False,False,False,Low,0,0-3h,Role-playing
GD0670,14,Male,Student,4,8.3,Mobile games,Genshin Impact,Multi-platform,37.2,Poor,1.19,,8.2,6,5.5,6.0,Very Poor,Always,False,False,False,4.4,Restless,Rarely,True,False,False,Moderate,1,6-9h,Casual
GD0671,24,Male,Professional,12,9.3,Strategy,Age of Empires,Multi-platform,170.31,Poor,,8.0,3.2,6,6.6,4.0,Fair,Never,True,False,True,4.3,Anxious,Daily,True,True,True,Severe,3,9-12h,Strategy
GD0672,19,Male,Student,9,4.0,Rpg,Skyrim,Console,29.01,Excellent,3.33,3.0,11.4,1,9.1,6.9,Poor,Always,False,False,False,1.1,Irritable,Daily,False,False,False,Low,0,3-6h,Role-playing
GD0673,15,Male,Student,4,8.0,Mmo,World of Warcraft,Multi-platform,80.45,Poor,2.83,,7.3,5,6.3,5.4,Very Poor,Often,True,True,True,4.0,Depressed,Rarely,True,False,True,High,2,6-9h,Role-playing
GD0674,26,Male,Professional,14,6.0,Strategy,Civilization VI,Pc,24.29,Poor,,7.0,7.9,4,6.2,6.0,Poor,Always,True,True,True,1.6,Anxious,Never,False,True,False,Moderate,1,3-6h,Strategy
GD0675,33,Male,Professional,18,4.2,Mmo,World of Warcraft,Pc,17.42,Excellent,,7.0,10.5,2,6.2,5.9,Fair,Sometimes,False,False,False,0.0,Normal,Rarely,False,False,False,Low,0,3-6h,Role-playing
GD0676,14,Male,Student,3,4.0,Mobile games,Genshin Impact,Mobile,15.49,Good,1.44,,9.6,2,7.8,6.8,Poor,Sometimes,False,False,False,1.5,Depressed,Sometimes,False,False,False,Low,0,3-6h,Casual
GD0677,16,Female,Student,2,6.5,Mobile games,PUBG Mobile,Pc,83.36,Below Average,1.86,,5.9,4,7.1,5.6,Insomnia,Always,True,True,True,2.3,Euphoric,Never,True,False,False,Moderate,1,6-9h,Casual
GD0678,18,Female,Student,7,8.0,Rpg,Cyberpunk 2077,Mobile,41.3,Below Average,3.11,,3.6,6,5.9,3.2,Poor,Often,True,False,True,4.8,Withdrawn,Daily,True,True,False,High,2,6-9h,Role-playing
GD0679,18,Male,Student,5,3.5,Strategy,Civilization VI,Mobile,24.33,Below Average,2.01,,11.2,1,7.5,8.8,Fair,Sometimes,False,False,False,0.4,Anxious,Daily,False,False,False,Low,0,3-6h,Strategy
GD0680,15,Female,Student,2,6.4,Mobile games,Clash of Clans,Pc,84.7,Average,1.46,,5.5,5,5.1,5.7,Poor,Often,False,True,True,0.9,Restless,Daily,False,False,False,Low,0,6-9h,Casual
GD0681,19,Male,Student,1,8.2,Fps,Valorant,Mobile,41.81,Below Average,1.1,4.0,4.5,4,5.2,4.0,Poor,Sometimes,False,True,True,1.1,Euphoric,Often,False,False,True,Moderate,1,6-9h,Action
GD0682,15,Male,Student,2,0.7,Moba,Dota 2,Pc,15.58,Good,3.68,,16.5,1,10.6,7.5,Good,Often,False,False,False,0.0,Normal,Sometimes,False,False,False,Low,0,0-3h,Strategy
GD0683,17,Female,Student,1,3.7,Rpg,Skyrim,Pc,23.73,Average,1.27,,10.9,3,9.7,5.6,Very Poor,Often,False,False,False,0.7,Angry,Often,False,False,False,Low,0,3-6h,Role-playing
GD0684,20,Female,Student,10,2.0,Moba,Dota 2,Mobile,10.61,Average,3.82,4.0,12.2,2,10.4,7.9,Good,Always,False,False,False,0.7,Normal,Rarely,False,False,False,Low,0,0-3h,Strategy
GD0685,23,Female,Professional,11,9.7,Fps,Call of Duty,Multi-platform,118.63,Below Average,,3.0,3.1,6,3.2,5.7,Very Poor,Always,True,False,True,1.0,Normal,Sometimes,False,False,True,High,1,9-12h,Action
GD0686,15,Female,Student,2,4.3,Mobile games,Clash of Clans,Multi-platform,8.15,Poor,3.12,,8.6,4,7.6,5.0,Poor,Never,False,False,False,0.4,Angry,Rarely,False,False,False,Low,0,3-6h,Casual
GD0687,22,Male,Student,3,3.5,Fps,CS:GO,Console,44.2,Average,2.17,8.0,8.6,1,8.1,8.9,Good,Always,False,False,False,0.2,Normal,Daily,False,False,False,Low,0,3-6h,Action
GD0688,19,Female,Student,9,12.3,Fps,Valorant,Pc,413.29,Poor,2.55,2.0,1.6,9,4.4,3.5,Fair,Sometimes,False,True,True,1.6,Restless,Never,True,True,False,Severe,2,12h+,Action
GD0689,16,Male,Student,4,3.8,Fps,CS:GO,Mobile,34.33,Good,1.68,,9.8,2,9.2,5.0,Poor,Rarely,False,False,False,0.4,Excited,Sometimes,False,False,False,Low,0,3-6h,Action
GD0690,16,Male,Student,2,10.9,Rpg,Cyberpunk 2077,Console,52.19,Below Average,1.71,,0.0,9,5.9,5.3,Poor,Never,False,True,True,5.0,Depressed,Often,True,True,False,Severe,2,9-12h,Role-playing
GD0691,26,Male,Professional,3,4.8,Fps,Valorant,Multi-platform,107.55,Average,,10.0,6.6,4,9.2,6.3,Good,Rarely,True,False,True,2.3,Anxious,Sometimes,False,False,False,Low,0,3-6h,Action
GD0692,23,Male,Professional,10,3.8,Rpg,Skyrim,Pc,32.76,Failing,,1.0,10.6,3,7.5,5.5,Poor,Rarely,False,False,False,0.9,Excited,Sometimes,False,False,False,Low,0,3-6h,Role-playing
GD0693,19,Male,Student,6,12.5,Fps,CS:GO,Multi-platform,376.05,Average,1.55,3.0,0.0,9,2.4,5.7,Insomnia,Rarely,True,True,True,1.3,Irritable,Daily,False,False,False,Moderate,0,12h+,Action
GD0694,22,Other,Student,4,4.4,Battle royale,Warzone,Console,17.3,Below Average,1.66,9.0,10.2,2,6.4,6.6,Poor,Often,False,False,False,0.1,Angry,Daily,False,False,False,Low,0,3-6h,Action
GD0695,16,Male,Student,4,11.4,Strategy,Age of Empires,Console,233.11,Poor,1.49,,2.3,7,3.9,3.3,Poor,Often,True,False,True,2.9,Euphoric,Rarely,False,True,False,High,1,9-12h,Strategy
GD0696,27,Male,Professional,1,8.9,Rpg,Elden Ring,Mobile,258.94,Poor,,9.0,3.3,6,5.8,4.4,Poor,Never,True,False,True,1.5,Anxious,Sometimes,False,False,False,Moderate,0,6-9h,Role-playing
GD0697,24,Male,Professional,2,2.3,Battle royale,Apex Legends,Console,6.27,Good,,5.0,14.1,1,9.5,8.5,Fair,Never,False,False,False,0.2,Normal,Often,False,False,False,Low,0,0-3h,Action
GD0698,16,Other,Student,1,4.7,Mmo,World of Warcraft,Console,24.44,Excellent,3.71,,7.1,2,9.2,6.2,Fair,Never,False,False,False,0.1,Angry,Daily,False,False,False,Low,0,3-6h,Role-playing
GD0699,15,Female,Student,2,5.0,Strategy,Civilization VI,Pc,10.19,Good,1.54,,11.5,2,5.8,6.4,Good,Always,True,False,True,0.3,Normal,Often,False,False,False,Low,0,3-6h,Strategy
GD0700,17,Male,Student,1,3.0,Fps,CS:GO,Mobile,30.68,Average,1.99,,12.2,1,9.1,8.4,Poor,Sometimes,False,False,False,3.4,Normal,Often,False,False,False,Low,0,0-3h,Action
GD0701,17,Male,Student,4,7.1,Rpg,Cyberpunk 2077,Console,49.26,Failing,2.91,,5.4,6,6.4,5.0,Poor,Never,True,True,True,0.6,Anxious,Sometimes,False,False,False,Low,0,6-9h,Role-playing
GD0702,19,Female,Student,6,8.5,Moba,Dota 2,Mobile,354.28,Excellent,1.77,8.0,3.8,5,4.7,3.3,Poor,Sometimes,True,True,True,1.2,Depressed,Never,True,True,False,Severe,2,6-9h,Strategy
GD0703,25,Female,Professional,13,4.8,Moba,Mobile Legends,Mobile,35.97,Below Average,,3.0,9.7,2,9.2,6.0,Fair,Rarely,True,False,True,1.5,Irritable,Sometimes,False,False,False,Low,0,3-6h,Strategy
GD0704,27,Male,Professional,14,1.7,Rpg,Cyberpunk 2077,Console,15.3,Excellent,,6.0,10.9,1,7.0,7.7,Fair,Rarely,False,False,False,0.1,Normal,Rarely,False,False,False,Low,0,0-3h,Role-playing
GD0705,20,Male,Student,2,8.3,Moba,Mobile Legends,Multi-platform,69.71,Excellent,1.09,10.0,3.6,6,4.0,5.9,Very Poor,Often,False,False,False,1.1,Depressed,Often,False,False,False,Low,0,6-9h,Strategy
GD0706,17,Male,Student,4,12.1,Mobile games,Genshin Impact,Pc,380.39,Below Average,1.75,,2.6,8,3.0,5.6,Insomnia,Rarely,True,True,True,6.0,Normal,Rarely,True,False,True,Severe,2,9-12h,Casual
GD0707,17,Female,Student,3,5.8,Battle royale,Warzone,Multi-platform,123.39,Below Average,2.7,,9.5,3,5.2,6.8,Very Poor,Always,True,False,True,0.3,Angry,Rarely,False,True,False,Moderate,1,3-6h,Action
GD0708,17,Female,Student,4,8.5,Mobile games,PUBG Mobile,Multi-platform,200.6,Poor,1.42,,3.8,8,3.6,3.9,Poor,Always,False,False,False,1.5,Restless,Daily,True,True,False,Severe,2,6-9h,Casual
GD0709,19,Male,Student,5,3.9,Battle royale,Warzone,Mobile,27.46,Good,1.56,1.0,9.5,1,7.9,5.3,Very Poor,Never,False,False,False,0.2,Depressed,Daily,False,False,False,Low,0,3-6h,Action
GD0710,24,Female,Professional,7,3.7,Moba,Mobile Legends,Mobile,30.53,Good,,9.0,9.7,1,7.7,5.5,Fair,Always,False,False,False,1.0,Normal,Daily,False,False,False,Low,0,3-6h,Strategy
GD0711,21,Male,Student,4,10.4,Moba,Dota 2,Multi-platform,380.83,Failing,2.21,10.0,5.8,6,3.9,5.7,Very Poor,Never,True,True,True,1.1,Depressed,Never,True,True,False,Severe,2,9-12h,Strategy
GD0712,28,Female,Professional,3,6.4,Rpg,Cyberpunk 2077,Mobile,86.39,Below Average,,1.0,8.9,4,8.2,6.5,Very Poor,Sometimes,False,True,True,1.5,Irritable,Daily,False,True,False,Moderate,1,6-9h,Role-playing
GD0713,19,Male,Student,6,10.0,Rpg,Elden Ring,Multi-platform,270.84,Failing,3.7,9.0,3.9,5,5.8,5.4,Good,Rarely,True,False,True,1.0,Anxious,Daily,False,False,True,High,1,9-12h,Role-playing
GD0714,20,Male,Student,4,11.1,Fps,Valorant,Mobile,396.0,Poor,1.98,6.0,2.0,6,5.8,5.6,Fair,Rarely,False,True,True,0.4,Restless,Sometimes,True,True,True,Severe,3,9-12h,Action
GD0715,19,Male,Student,5,6.7,Mobile games,Candy Crush,Console,56.05,Good,3.55,4.0,8.2,5,6.4,4.9,Fair,Often,True,True,True,3.4,Anxious,Rarely,True,False,False,Moderate,1,6-9h,Casual
GD0716,24,Male,Professional,14,5.9,Fps,CS:GO,Pc,37.44,Average,,3.0,6.7,4,6.6,6.8,Good,Rarely,False,False,False,0.5,Normal,Rarely,False,False,False,Low,0,3-6h,Action
GD0717,30,Male,Professional,11,3.0,Rpg,Cyberpunk 2077,Multi-platform,13.32,Good,,6.0,12.2,1,7.4,8.3,Good,Always,False,False,False,1.0,Excited,Sometimes,False,False,False,Low,0,0-3h,Role-playing
GD0718,17,Male,Student,3,6.6,Moba,Dota 2,Console,17.0,Average,3.92,,5.2,3,6.8,4.8,Fair,Never,True,False,True,0.3,Angry,Daily,True,True,False,High,2,6-9h,Strategy
GD0719,21,Male,Student,1,11.7,Fps,Overwatch,Mobile,303.54,Poor,3.05,5.0,0.0,7,5.1,6.0,Very Poor,Never,True,True,True,0.8,Depressed,Often,False,True,False,High,1,9-12h,Action
GD0720,23,Female,Professional,6,13.0,Rpg,Elden Ring,Console,239.25,Below Average,,7.0,0.0,8,5.1,5.2,Insomnia,Sometimes,True,False,True,6.4,Anxious,Daily,True,True,False,Severe,2,12h+,Role-playing
GD0721,14,Male,Student,3,4.3,Mobile games,Candy Crush,Mobile,27.9,Average,2.63,,9.7,2,6.6,5.6,Fair,Rarely,False,False,False,0.0,Depressed,Often,False,False,False,Low,0,3-6h,Casual
GD0722,21,Male,Student,10,4.8,Moba,Dota 2,Multi-platform,110.49,Poor,2.42,3.0,7.7,2,6.0,7.0,Poor,Often,True,False,True,2.7,Angry,Never,False,False,False,Low,0,3-6h,Strategy
GD0723,23,Male,Professional,5,3.9,Strategy,Civilization VI,Multi-platform,29.56,Poor,,8.0,10.4,2,7.2,6.7,Poor,Always,False,False,False,0.3,Angry,Never,False,False,False,Low,0,3-6h,Strategy
GD0724,17,Female,Student,6,5.1,Mobile games,Clash of Clans,Pc,97.92,Below Average,3.96,,10.6,1,5.8,7.0,Good,Often,True,False,True,0.3,Normal,Sometimes,False,False,False,Low,0,3-6h,Casual
GD0725,19,Male,Student,2,7.8,Moba,Mobile Legends,Mobile,106.73,Poor,1.74,4.0,7.1,6,7.2,4.1,Very Poor,Sometimes,False,True,True,1.5,Anxious,Daily,True,True,True,Severe,3,6-9h,Strategy
GD0726,18,Female,Student,5,2.1,Battle royale,Fortnite,Multi-platform,49.39,Average,1.86,,9.8,1,9.3,8.6,Good,Sometimes,False,False,False,0.7,Normal,Daily,False,False,False,Low,0,0-3h,Action
GD0727,17,Female,Student,6,6.2,Mobile games,Genshin Impact,Mobile,37.0,Below Average,2.22,,5.2,4,5.2,5.7,Fair,Sometimes,True,True,True,2.2,Angry,Often,False,True,False,Moderate,1,3-6h,Casual
GD0728,17,Male,Student,2,6.3,Moba,Mobile Legends,Console,147.26,Average,3.01,,8.6,2,6.9,6.6,Fair,Often,True,True,True,2.0,Anxious,Never,False,True,False,Moderate,1,3-6h,Strategy
GD0729,21,Male,Student,8,8.4,Fps,Valorant,Multi-platform,73.12,Below Average,2.38,10.0,2.8,6,5.8,5.1,Poor,Never,False,True,True,1.8,Anxious,Rarely,True,True,True,Severe,3,6-9h,Action
GD0730,22,Male,Student,11,10.3,Strategy,Age of Empires,Pc,446.66,Poor,2.9,10.0,2.9,6,4.1,5.8,Poor,Sometimes,True,True,True,3.9,Irritable,Rarely,True,True,False,Severe,2,9-12h,Strategy
GD0731,17,Female,Student,3,3.2,Battle royale,Fortnite,Pc,12.37,Poor,3.6,,13.8,1,7.9,7.2,Good,Never,False,False,False,0.9,Euphoric,Sometimes,False,False,False,Low,0,0-3h,Action
GD0732,28,Female,Professional,9,8.6,Moba,League of Legends,Multi-platform,309.02,Average,,2.0,4.8,6,5.3,4.2,Fair,Rarely,False,True,True,3.7,Anxious,Sometimes,False,True,True,Severe,2,6-9h,Strategy
GD0733,19,Female,Student,4,4.3,Battle royale,Fortnite,Console,18.74,Below Average,1.96,1.0,8.1,3,8.2,5.5,Fair,Often,False,False,False,1.0,Depressed,Sometimes,False,False,False,Low,0,3-6h,Action
GD0734,23,Male,Professional,10,5.4,Battle royale,Warzone,Multi-platform,101.27,Average,,9.0,12.0,3,7.2,6.7,Good,Often,True,False,True,0.0,Normal,Never,False,False,False,Low,0,3-6h,Action
GD0735,17,Female,Student,5,4.4,Fps,Overwatch,Mobile,35.72,Poor,1.03,,8.1,2,9.5,6.1,Fair,Never,False,False,False,0.3,Normal,Sometimes,False,False,False,Low,0,3-6h,Action
GD0736,18,Male,Student,5,11.4,Battle royale,Fortnite,Mobile,151.46,Below Average,1.61,,0.2,8,5.1,4.6,Very Poor,Sometimes,False,True,True,2.5,Anxious,Often,True,False,False,High,1,9-12h,Action
GD0737,17,Male,Student,7,8.6,Rpg,Skyrim,Multi-platform,123.19,Poor,2.95,,3.8,5,5.6,4.9,Poor,Never,True,True,True,2.6,Irritable,Often,True,True,True,Severe,3,6-9h,Role-playing
GD0738,15,Female,Student,5,7.0,Strategy,Civilization VI,Pc,65.22,Failing,1.93,,3.7,4,8.4,4.0,Poor,Rarely,True,True,True,0.1,Anxious,Often,True,False,False,Moderate,1,6-9h,Strategy
GD0739,29,Male,Professional,4,5.8,Mmo,World of Warcraft,Console,27.31,Poor,,1.0,9.5,4,7.7,6.6,Good,Rarely,False,True,True,0.5,Normal,Rarely,False,True,False,Moderate,1,3-6h,Role-playing
GD0740,17,Male,Student,7,6.2,Strategy,Civilization VI,Pc,115.5,Average,3.01,,6.2,5,7.0,5.4,Poor,Rarely,True,False,True,2.2,Anxious,Never,False,False,False,Low,0,3-6h,Strategy
GD0741,17,Male,Student,7,6.3,Mmo,Elder Scrolls Online,Pc,35.84,Good,2.75,,7.5,3,7.9,6.2,Very Poor,Often,True,True,True,0.8,Restless,Sometimes,False,False,False,Low,0,3-6h,Role-playing
GD0742,22,Male,Student,8,13.5,Fps,Overwatch,Mobile,52.68,Poor,1.93,10.0,0.0,10,2.0,4.3,Very Poor,Never,True,False,True,0.8,Restless,Often,False,True,False,High,1,12h+,Action
GD0743,26,Male,Professional,2,7.4,Mobile games,Genshin Impact,Pc,75.3,Poor,,3.0,5.0,4,7.7,3.0,Fair,Often,True,False,True,0.8,Euphoric,Daily,True,True,False,High,2,6-9h,Casual
GD0744,20,Male,Student,1,1.2,Moba,Dota 2,Multi-platform,39.28,Average,1.86,10.0,15.1,1,9.7,8.2,Fair,Rarely,False,False,False,0.3,Restless,Rarely,False,False,False,Low,0,0-3h,Strategy
GD0745,18,Male,Student,6,2.3,Strategy,Age of Empires,Mobile,35.69,Excellent,1.76,,12.9,2,10.2,7.4,Fair,Often,False,False,False,0.6,Normal,Often,False,False,False,Low,0,0-3h,Strategy
GD0746,22,Female,Student,11,4.6,Moba,League of Legends,Console,46.89,Excellent,1.71,2.0,9.0,3,7.5,6.0,Fair,Never,True,False,True,0.5,Euphoric,Sometimes,False,False,False,Low,0,3-6h,Strategy
GD0747,29,Male,Professional,15,0.7,Moba,Mobile Legends,Multi-platform,46.38,Below Average,,4.0,11.8,1,8.5,7.3,Fair,Sometimes,False,False,False,0.3,Restless,Daily,False,False,False,Low,0,0-3h,Strategy
GD0748,18,Male,Student,8,0.6,Mobile games,Candy Crush,Console,36.92,Good,1.46,,13.5,1,10.8,8.1,Fair,Often,False,False,False,0.2,Normal,Daily,False,False,False,Low,0,0-3h,Casual
GD0749,19,Male,Student,4,4.8,Mobile games,Genshin Impact,Pc,47.78,Average,3.46,6.0,11.1,3,8.4,6.8,Poor,Often,True,False,True,1.3,Euphoric,Rarely,False,False,False,Low,0,3-6h,Casual
GD0750,23,Male,Professional,8,5.5,Mmo,World of Warcraft,Console,51.25,Poor,,6.0,7.6,4,6.6,6.3,Poor,Never,True,True,True,1.7,Excited,Rarely,False,False,False,Low,0,3-6h,Role-playing
GD0751,18,Male,Student,5,6.3,Rpg,Skyrim,Multi-platform,10.47,Good,1.02,,10.8,4,5.8,5.6,Good,Never,True,False,True,0.7,Irritable,Often,False,True,False,Moderate,1,3-6h,Role-playing
GD0752,21,Male,Student,10,11.9,Strategy,StarCraft II,Console,374.32,Poor,3.34,3.0,2.6,8,4.1,4.2,Poor,Always,True,True,True,2.6,Anxious,Never,True,True,True,Severe,3,9-12h,Strategy
GD0753,21,Male,Student,2,4.1,Rpg,Elden Ring,Pc,45.63,Good,2.63,9.0,11.2,3,8.7,5.2,Fair,Always,False,False,False,1.3,Euphoric,Often,False,False,False,Low,0,3-6h,Role-playing
GD0754,19,Female,Student,3,0.8,Fps,Call of Duty,Pc,35.12,Good,1.43,2.0,11.8,1,8.8,7.4,Fair,Sometimes,False,False,False,0.1,Normal,Sometimes,False,False,False,Low,0,0-3h,Action
GD0755,17,Female,Student,7,3.7,Strategy,StarCraft II,Pc,22.33,Average,1.86,,11.0,1,6.3,5.5,Fair,Rarely,False,False,False,0.1,Euphoric,Daily,False,False,False,Low,0,3-6h,Strategy
GD0756,23,Male,Professional,8,11.0,Moba,League of Legends,Multi-platform,144.47,Poor,,6.0,0.0,7,4.5,3.4,Very Poor,Always,True,True,True,2.5,Restless,Sometimes,True,True,False,Severe,2,9-12h,Strategy
GD0757,27,Male,Professional,12,1.5,Fps,Valorant,Mobile,10.08,Average,,3.0,12.0,1,10.4,9.0,Good,Sometimes,False,False,False,0.5,Euphoric,Often,False,False,False,Low,0,0-3h,Action
GD0758,17,Male,Student,7,6.6,Mobile games,Clash of Clans,Pc,29.91,Below Average,1.5,,5.3,6,5.5,3.7,Poor,Always,True,True,True,1.2,Angry,Rarely,True,True,False,High,2,6-9h,Casual
GD0759,16,Female,Student,2,5.9,Rpg,Skyrim,Console,19.38,Below Average,1.77,,6.5,3,5.9,6.6,Fair,Always,True,True,True,0.2,Anxious,Sometimes,False,True,False,Moderate,1,3-6h,Role-playing
GD0760,33,Female,Professional,6,5.5,Moba,League of Legends,Pc,82.37,Below Average,,5.0,6.4,3,8.1,6.1,Good,Never,False,False,False,1.4,Normal,Never,False,True,False,Moderate,1,3-6h,Strategy
GD0761,16,Male,Student,2,11.4,Moba,League of Legends,Console,73.87,Below Average,3.91,,3.1,7,5.6,3.0,Poor,Always,False,True,True,1.5,Anxious,Sometimes,True,False,True,Severe,2,9-12h,Strategy
GD0762,18,Female,Student,3,2.7,Mmo,Elder Scrolls Online,Multi-platform,42.45,Excellent,3.85,,9.7,1,6.9,8.6,Good,Often,False,False,False,0.1,Normal,Often,False,False,False,Low,0,0-3h,Role-playing
GD0763,22,Male,Student,10,5.5,Fps,Valorant,Console,91.34,Average,1.06,1.0,9.6,3,8.8,6.0,Insomnia,Often,True,False,True,0.8,Normal,Never,False,False,False,Low,0,3-6h,Action
GD0764,15,Male,Student,1,7.3,Moba,Mobile Legends,Mobile,115.77,Average,2.89,,6.0,5,4.9,4.5,Very Poor,Never,True,True,True,1.6,Anxious,Daily,True,True,False,High,2,6-9h,Strategy
GD0765,24,Male,Professional,7,7.7,Mmo,World of Warcraft,Mobile,30.64,Failing,,8.0,4.0,3,5.7,3.2,Poor,Often,True,True,True,1.0,Euphoric,Sometimes,True,True,False,High,2,6-9h,Role-playing
GD0766,19,Female,Student,4,8.3,Battle royale,Apex Legends,Console,10.32,Average,1.44,10.0,8.2,5,4.4,5.5,Poor,Always,False,True,True,1.4,Restless,Sometimes,True,True,True,Severe,3,6-9h,Action
GD0767,19,Male,Student,7,9.5,Mmo,Elder Scrolls Online,Multi-platform,336.84,Below Average,3.65,1.0,6.9,6,3.7,4.6,Very Poor,Often,False,True,True,3.4,Normal,Daily,True,False,False,High,1,9-12h,Role-playing
GD0768,20,Female,Student,4,10.0,Battle royale,PUBG,Multi-platform,386.2,Below Average,2.71,7.0,2.0,5,6.9,5.3,Very Poor,Never,False,True,True,5.7,Irritable,Never,True,False,False,High,1,9-12h,Action
GD0769,27,Male,Professional,14,2.8,Battle royale,Fortnite,Console,16.42,Average,,7.0,11.2,1,9.3,7.3,Good,Often,False,False,False,2.2,Normal,Never,False,False,False,Low,0,0-3h,Action
GD0770,21,Male,Student,2,8.6,Moba,League of Legends,Multi-platform,471.04,Poor,2.67,4.0,1.7,5,6.9,4.0,Fair,Sometimes,True,True,True,1.6,Anxious,Rarely,True,True,False,Severe,2,6-9h,Strategy
GD0771,16,Female,Student,2,4.9,Strategy,StarCraft II,Pc,89.56,Average,3.44,,9.8,3,9.2,5.1,Poor,Always,True,False,True,0.8,Euphoric,Often,False,False,False,Low,0,3-6h,Strategy
GD0772,17,Male,Student,5,3.4,Rpg,Skyrim,Pc,13.73,Good,2.86,,9.5,1,8.5,8.8,Good,Sometimes,False,False,False,0.8,Normal,Never,False,False,False,Low,0,0-3h,Role-playing
GD0773,19,Male,Student,3,2.2,Fps,Valorant,Console,38.09,Good,1.03,10.0,14.0,1,9.0,8.9,Good,Always,False,False,False,0.1,Excited,Daily,False,False,False,Low,0,0-3h,Action
GD0774,20,Female,Student,1,4.2,Rpg,Elden Ring,Console,22.92,Below Average,2.77,2.0,10.9,3,7.8,6.1,Fair,Often,False,False,False,1.2,Normal,Sometimes,False,False,False,Low,0,3-6h,Role-playing
GD0775,18,Male,Student,5,5.0,Strategy,Age of Empires,Pc,130.46,Below Average,2.76,,8.8,3,5.7,6.4,Fair,Often,False,False,False,1.8,Restless,Sometimes,False,False,False,Low,0,3-6h,Strategy
GD0776,21,Other,Student,9,7.9,Strategy,StarCraft II,Pc,70.68,Poor,1.63,6.0,6.3,4,5.8,5.1,Poor,Rarely,False,False,False,1.6,Anxious,Sometimes,False,True,False,Moderate,1,6-9h,Strategy
GD0777,21,Female,Student,2,10.7,Mobile games,PUBG Mobile,Console,394.92,Average,1.13,6.0,0.7,8,5.7,3.7,Very Poor,Often,True,True,True,0.1,Depressed,Sometimes,True,False,False,High,1,9-12h,Casual
GD0778,25,Male,Professional,5,8.6,Battle royale,Fortnite,Pc,141.47,Below Average,,9.0,5.5,6,6.6,5.1,Poor,Often,False,True,True,2.8,Anxious,Daily,False,False,True,High,1,6-9h,Action
GD0779,28,Female,Professional,5,8.8,Moba,League of Legends,Console,442.42,Failing,,5.0,2.5,6,7.4,4.8,Poor,Rarely,False,True,True,4.2,Irritable,Sometimes,False,False,True,High,1,6-9h,Strategy
GD0780,23,Male,Professional,9,3.4,Battle royale,Fortnite,Mobile,36.34,Good,,6.0,13.9,1,8.9,7.5,Good,Sometimes,False,False,False,0.4,Irritable,Never,False,False,False,Low,0,0-3h,Action
GD0781,21,Female,Student,11,6.3,Fps,Valorant,Pc,120.62,Poor,1.67,4.0,9.6,2,5.1,6.1,Good,Never,True,True,True,4.1,Normal,Rarely,False,True,False,Moderate,1,3-6h,Action
GD0782,18,Male,Student,3,2.1,Fps,Valorant,Pc,39.9,Excellent,1.79,,11.1,2,10.6,7.4,Good,Never,False,False,False,0.3,Normal,Sometimes,False,False,False,Low,0,0-3h,Action
GD0783,17,Male,Student,3,4.6,Rpg,Cyberpunk 2077,Multi-platform,15.54,Below Average,1.44,,10.6,3,6.1,5.1,Fair,Never,False,False,False,2.0,Euphoric,Sometimes,False,False,False,Low,0,3-6h,Role-playing
GD0784,25,Female,Professional,10,9.8,Mobile games,Clash of Clans,Console,63.25,Poor,,7.0,2.2,6,3.2,5.2,Fair,Always,False,False,False,8.1,Euphoric,Often,True,True,True,Severe,3,9-12h,Casual
GD0785,20,Male,Student,1,3.0,Battle royale,Fortnite,Mobile,34.88,Excellent,3.26,1.0,8.9,1,9.7,8.1,Good,Never,False,False,False,0.7,Excited,Rarely,False,False,False,Low,0,0-3h,Action
GD0786,14,Female,Student,4,2.9,Mobile games,Candy Crush,Mobile,0.78,Excellent,1.86,,12.3,1,9.2,8.7,Good,Always,False,False,False,0.9,Angry,Sometimes,False,False,False,Low,0,0-3h,Casual
GD0787,15,Male,Student,5,5.8,Mmo,Elder Scrolls Online,Multi-platform,10.87,Good,1.45,,7.5,4,7.6,6.6,Fair,Often,False,False,False,0.5,Euphoric,Sometimes,False,False,False,Low,0,3-6h,Role-playing
GD0788,22,Male,Student,9,5.7,Rpg,Elden Ring,Pc,44.8,Good,3.89,6.0,6.5,3,6.1,6.8,Fair,Always,False,False,False,1.9,Depressed,Often,False,False,False,Low,0,3-6h,Role-playing
GD0789,19,Male,Student,8,7.0,Strategy,Civilization VI,Console,61.59,Excellent,3.08,1.0,9.2,2,7.0,3.8,Fair,Always,False,True,True,3.3,Euphoric,Never,True,True,False,High,2,6-9h,Strategy
GD0790,15,Female,Student,4,7.9,Rpg,Skyrim,Multi-platform,80.06,Poor,3.4,,4.6,5,7.3,4.3,Good,Often,True,True,True,0.7,Euphoric,Often,False,False,False,Low,0,6-9h,Role-playing
GD0791,20,Male,Student,3,7.0,Strategy,Civilization VI,Pc,23.82,Poor,1.4,3.0,7.2,5,7.6,3.6,Very Poor,Never,True,True,True,4.0,Angry,Often,False,True,False,Moderate,1,6-9h,Strategy
GD0792,34,Male,Professional,16,1.4,Mobile games,PUBG Mobile,Multi-platform,48.31,Good,,9.0,13.5,1,10.4,8.3,Good,Often,False,False,False,0.3,Restless,Never,False,False,False,Low,0,0-3h,Casual
GD0793,18,Female,Student,1,8.7,Mmo,Final Fantasy XIV,Console,486.6,Below Average,2.87,,2.6,5,6.6,6.0,Very Poor,Often,True,True,True,6.7,Depressed,Sometimes,True,True,False,Severe,2,6-9h,Role-playing
GD0794,16,Female,Student,5,6.0,Battle royale,Fortnite,Console,134.04,Good,1.35,,5.5,3,6.0,6.0,Fair,Always,False,True,True,0.5,Anxious,Never,False,True,False,Moderate,1,3-6h,Action
GD0795,17,Female,Student,7,4.7,Strategy,Civilization VI,Pc,22.32,Good,3.27,,10.2,3,7.9,5.0,Good,Never,True,False,True,3.1,Irritable,Often,False,False,False,Low,0,3-6h,Strategy
GD0796,20,Female,Student,6,3.9,Strategy,StarCraft II,Pc,28.45,Below Average,1.16,1.0,8.6,3,8.9,6.0,Good,Often,False,False,False,1.3,Normal,Rarely,False,False,False,Low,0,3-6h,Strategy
GD0797,18,Male,Student,2,7.1,Battle royale,Apex Legends,Multi-platform,94.86,Below Average,1.49,,6.8,4,6.3,4.4,Very Poor,Always,True,True,True,0.4,Anxious,Rarely,True,True,False,High,2,6-9h,Action
GD0798,20,Male,Student,8,2.9,Mmo,Elder Scrolls Online,Mobile,41.86,Excellent,2.13,7.0,8.9,1,8.7,7.7,Good,Sometimes,False,False,False,0.6,Euphoric,Never,False,False,False,Low,0,0-3h,Role-playing
GD0799,22,Female,Student,11,6.7,Rpg,Cyberpunk 2077,Multi-platform,59.16,Below Average,3.55,4.0,8.1,4,4.6,4.0,Poor,Sometimes,True,True,True,3.0,Anxious,Daily,True,False,False,Moderate,1,6-9h,Role-playing
GD0800,27,Male,Professional,15,7.6,Mmo,World of Warcraft,Mobile,114.21,Good,,5.0,2.8,4,4.6,3.3,Poor,Often,True,True,True,2.2,Withdrawn,Often,True,False,False,Moderate,1,6-9h,Role-playing
GD0801,17,Male,Student,4,6.6,Mmo,World of Warcraft,Mobile,59.22,Below Average,3.68,,6.4,5,5.3,5.8,Very Poor,Never,True,True,True,0.3,Anxious,Often,True,False,False,Moderate,1,6-9h,Role-playing
GD0802,19,Male,Student,6,5.3,Rpg,Cyberpunk 2077,Pc,112.89,Average,2.26,2.0,9.2,3,5.6,5.5,Poor,Never,False,False,False,0.2,Angry,Rarely,False,False,False,Low,0,3-6h,Role-playing
GD0803,17,Other,Student,5,5.6,Rpg,Skyrim,Multi-platform,148.83,Excellent,1.82,,9.9,3,7.3,6.3,Very Poor,Often,True,False,True,2.5,Depressed,Often,False,True,False,Moderate,1,3-6h,Role-playing
GD0804,15,Male,Student,4,3.4,Moba,Mobile Legends,Console,28.03,Below Average,3.17,,11.9,3,7.2,8.4,Good,Sometimes,False,False,False,1.0,Normal,Rarely,False,False,False,Low,0,0-3h,Strategy
GD0805,15,Male,Student,1,8.2,Strategy,StarCraft II,Mobile,88.12,Below Average,2.36,,4.6,5,5.8,5.3,Poor,Always,True,False,True,1.6,Anxious,Often,False,False,False,Low,0,6-9h,Strategy
GD0806,22,Male,Student,11,10.5,Fps,Overwatch,Console,443.88,Poor,1.41,6.0,0.1,6,4.9,4.8,Very Poor,Always,True,False,True,3.1,Irritable,Often,True,True,True,Severe,3,9-12h,Action
GD0807,22,Male,Student,6,7.4,Rpg,Cyberpunk 2077,Pc,20.41,Below Average,2.8,5.0,4.6,4,8.2,3.2,Very Poor,Always,True,False,True,2.6,Angry,Often,False,True,False,Moderate,1,6-9h,Role-playing
GD0808,27,Male,Professional,6,4.7,Battle royale,PUBG,Mobile,121.89,Below Average,,6.0,11.6,1,5.9,5.9,Poor,Never,True,False,True,1.5,Depressed,Rarely,False,False,False,Low,0,3-6h,Action
GD0809,16,Male,Student,2,5.0,Mobile games,PUBG Mobile,Pc,90.52,Below Average,3.18,,9.7,2,8.8,6.1,Fair,Sometimes,True,False,True,1.5,Anxious,Rarely,False,False,False,Low,0,3-6h,Casual
GD0810,22,Male,Student,6,4.9,Strategy,StarCraft II,Mobile,40.15,Below Average,3.98,9.0,8.9,5,8.9,5.3,Poor,Often,True,False,True,0.4,Angry,Often,False,False,False,Low,0,3-6h,Strategy
GD0811,14,Male,Student,3,8.7,Rpg,Cyberpunk 2077,Pc,259.52,Below Average,2.07,,5.2,6,7.2,5.1,Poor,Always,True,True,True,1.5,Euphoric,Sometimes,False,True,True,Severe,2,6-9h,Role-playing
GD0812,19,Male,Student,5,1.7,Rpg,Cyberpunk 2077,Multi-platform,16.37,Good,2.27,3.0,11.2,1,9.3,7.4,Poor,Sometimes,False,False,False,0.5,Normal,Rarely,False,False,False,Low,0,0-3h,Role-playing
GD0813,18,Male,Student,7,6.8,Mobile games,Genshin Impact,Pc,26.83,Failing,3.29,,7.9,6,6.8,5.2,Insomnia,Always,False,True,True,0.2,Anxious,Often,True,False,False,Moderate,1,6-9h,Casual
GD0814,24,Male,Professional,5,8.9,Mmo,Final Fantasy XIV,Pc,391.6,Good,,4.0,2.8,7,4.3,4.7,Very Poor,Never,True,True,True,5.0,Restless,Often,True,True,False,Severe,2,6-9h,Role-playing
GD0815,25,Male,Professional,13,4.2,Rpg,Elden Ring,Console,48.39,Excellent,,5.0,12.8,2,8.5,5.3,Good,Often,False,False,False,1.1,Restless,Often,False,False,False,Low,0,3-6h,Role-playing
GD0816,18,Male,Student,7,6.9,Strategy,Civilization VI,Console,146.82,Below Average,3.77,,9.4,3,7.5,5.7,Poor,Often,False,False,False,3.6,Restless,Sometimes,True,True,False,High,2,6-9h,Strategy
GD0817,27,Male,Professional,10,6.0,Moba,Dota 2,Multi-platform,107.64,Excellent,,10.0,9.4,3,5.6,6.3,Very Poor,Rarely,True,True,True,1.1,Euphoric,Daily,False,True,False,Moderate,1,3-6h,Strategy
GD0818,19,Male,Student,1,11.0,Mobile games,Clash of Clans,Console,341.34,Failing,1.88,9.0,0.0,6,4.7,5.3,Insomnia,Sometimes,True,False,True,1.4,Euphoric,Often,False,False,False,Moderate,0,9-12h,Casual
GD0819,18,Male,Student,8,11.9,Moba,Dota 2,Multi-platform,97.11,Average,1.03,,1.7,7,3.6,5.7,Good,Always,True,False,True,0.7,Restless,Daily,True,True,False,Severe,2,9-12h,Strategy
GD0820,18,Male,Student,5,6.3,Rpg,Skyrim,Multi-platform,147.18,Average,3.41,,5.8,3,6.2,6.0,Fair,Often,True,False,True,0.2,Irritable,Rarely,False,True,False,Moderate,1,3-6h,Role-playing
GD0821,21,Male,Student,5,2.2,Mobile games,Candy Crush,Console,0.44,Excellent,3.16,1.0,14.8,1,9.8,7.7,Fair,Often,False,False,False,0.0,Euphoric,Often,False,False,False,Low,0,0-3h,Casual
GD0822,23,Female,Professional,5,6.2,Moba,Dota 2,Mobile,130.71,Good,,10.0,5.9,3,8.6,5.3,Good,Sometimes,False,False,False,2.7,Anxious,Daily,False,True,False,Moderate,1,3-6h,Strategy
GD0823,22,Female,Student,1,9.3,Fps,Call of Duty,Multi-platform,377.17,Poor,3.56,10.0,4.0,6,3.7,5.4,Very Poor,Often,True,True,True,1.5,Restless,Often,True,True,True,Severe,3,9-12h,Action
GD0824,20,Male,Student,1,5.6,Moba,Mobile Legends,Multi-platform,141.67,Poor,3.33,9.0,9.0,4,8.0,5.9,Fair,Never,True,True,True,1.9,Anxious,Rarely,False,True,False,Moderate,1,3-6h,Strategy
GD0825,20,Male,Student,6,6.2,Battle royale,Fortnite,Pc,142.95,Good,2.19,3.0,10.0,3,8.5,5.6,Good,Always,True,True,True,0.2,Euphoric,Daily,False,True,False,Moderate,1,3-6h,Action
GD0826,19,Female,Student,6,7.1,Moba,Mobile Legends,Mobile,83.29,Average,1.38,6.0,9.6,3,5.2,5.1,Very Poor,Never,True,True,True,1.0,Anxious,Daily,True,False,False,Moderate,1,6-9h,Strategy
GD0827,30,Male,Professional,5,7.0,Battle royale,PUBG,Console,44.15,Below Average,,1.0,6.8,4,8.5,3.7,Fair,Often,False,True,True,4.7,Anxious,Daily,True,True,False,High,2,6-9h,Action
GD0828,16,Male,Student,4,3.7,Strategy,Age of Empires,Multi-platform,6.16,Good,2.89,,12.8,3,9.2,6.6,Good,Always,False,False,False,0.4,Euphoric,Rarely,False,False,False,Low,0,3-6h,Strategy
GD0829,23,Male,Professional,6,3.3,Battle royale,PUBG,Console,44.8,Excellent,,3.0,8.8,1,6.8,7.4,Fair,Often,False,False,False,0.6,Normal,Often,False,False,False,Low,0,0-3h,Action
GD0830,21,Male,Student,2,7.6,Mobile games,PUBG Mobile,Console,80.72,Good,3.53,6.0,7.1,3,6.4,5.7,Poor,Rarely,True,False,True,0.8,Anxious,Often,False,True,False,Moderate,1,6-9h,Casual
GD0831,22,Female,Student,5,6.4,Battle royale,Warzone,Multi-platform,18.13,Average,2.18,2.0,10.3,4,7.3,5.4,Very Poor,Sometimes,True,False,True,1.6,Excited,Sometimes,False,True,False,Moderate,1,6-9h,Action
GD0832,24,Male,Professional,2,5.0,Battle royale,Warzone,Console,120.77,Below Average,,7.0,11.4,4,8.4,5.1,Poor,Never,True,False,True,0.0,Restless,Often,False,False,False,Low,0,3-6h,Action
GD0833,19,Female,Student,5,4.2,Strategy,Age of Empires,Pc,28.98,Average,3.38,8.0,8.3,1,7.5,5.3,Very Poor,Never,False,False,False,0.8,Euphoric,Sometimes,False,False,False,Low,0,3-6h,Strategy
GD0834,23,Female,Professional,9,10.2,Strategy,Civilization VI,Mobile,307.08,Below Average,,5.0,0.7,8,3.1,5.1,Very Poor,Never,True,True,True,1.0,Anxious,Sometimes,True,False,True,Severe,2,9-12h,Strategy
GD0835,19,Male,Student,7,5.1,Moba,Mobile Legends,Console,111.43,Below Average,2.29,3.0,9.3,3,7.1,6.5,Fair,Often,True,False,True,1.4,Normal,Never,False,False,False,Low,0,3-6h,Strategy
GD0836,20,Female,Student,7,8.1,Battle royale,Fortnite,Console,47.01,Poor,1.79,5.0,7.9,6,7.8,5.7,Very Poor,Never,False,True,True,0.8,Euphoric,Never,True,True,True,Severe,3,6-9h,Action
GD0837,19,Male,Student,7,6.9,Mobile games,Clash of Clans,Pc,127.17,Poor,2.07,2.0,7.6,3,5.2,3.5,Very Poor,Sometimes,True,False,True,4.3,Restless,Sometimes,True,True,False,High,2,6-9h,Casual
GD0838,24,Male,Professional,3,4.5,Mobile games,Genshin Impact,Multi-platform,145.25,Average,,5.0,6.3,2,8.5,6.6,Fair,Sometimes,True,False,True,2.2,Normal,Often,False,False,False,Low,0,3-6h,Casual
GD0839,18,Female,Student,4,6.1,Rpg,Elden Ring,Multi-platform,31.46,Excellent,3.87,,6.9,4,7.4,6.6,Fair,Rarely,True,False,True,2.2,Normal,Often,False,True,False,Moderate,1,3-6h,Role-playing
GD0840,27,Other,Professional,7,8.8,Fps,Call of Duty,Console,66.85,Average,,10.0,5.2,6,6.0,3.4,Very Poor,Rarely,False,True,True,0.5,Irritable,Daily,True,True,True,Severe,3,6-9h,Action
GD0841,19,Female,Student,2,5.3,Mmo,World of Warcraft,Multi-platform,36.25,Below Average,1.54,9.0,6.6,5,5.7,5.7,Fair,Often,True,False,True,1.9,Restless,Never,False,False,False,Low,0,3-6h,Role-playing
GD0842,16,Male,Student,5,9.0,Fps,Call of Duty,Multi-platform,315.72,Poor,2.8,,3.8,6,7.0,5.8,Poor,Rarely,False,True,True,0.3,Irritable,Rarely,True,True,True,Severe,3,6-9h,Action
GD0843,23,Male,Professional,10,8.3,Strategy,StarCraft II,Pc,14.06,Failing,,4.0,3.1,5,7.6,3.8,Very Poor,Always,True,False,True,7.6,Restless,Sometimes,False,False,False,Low,0,6-9h,Strategy
GD0844,20,Male,Student,2,0.7,Fps,CS:GO,Mobile,16.79,Good,2.36,5.0,14.2,1,8.3,7.0,Good,Always,False,False,False,0.4,Euphoric,Rarely,False,False,False,Low,0,0-3h,Action
GD0845,19,Male,Student,8,10.9,Strategy,StarCraft II,Console,486.86,Good,2.39,5.0,0.0,7,4.6,5.7,Very Poor,Always,True,True,True,3.7,Anxious,Never,True,False,True,Severe,2,9-12h,Strategy
GD0846,21,Female,Student,9,10.1,Strategy,Civilization VI,Pc,216.97,Below Average,3.04,2.0,0.8,8,5.2,4.1,Poor,Always,True,True,True,2.4,Anxious,Rarely,False,False,True,High,1,9-12h,Strategy
GD0847,20,Female,Student,4,5.7,Mmo,Elder Scrolls Online,Mobile,45.63,Below Average,3.04,9.0,6.2,4,5.0,6.1,Fair,Rarely,True,True,True,0.7,Depressed,Sometimes,False,False,False,Low,0,3-6h,Role-playing
GD0848,21,Male,Student,11,7.0,Mmo,World of Warcraft,Console,100.91,Failing,3.46,6.0,6.1,5,5.6,5.9,Insomnia,Rarely,True,True,True,1.4,Restless,Often,True,True,False,High,2,6-9h,Role-playing
GD0849,23,Male,Professional,9,7.3,Moba,League of Legends,Multi-platform,29.85,Poor,,4.0,5.2,3,8.5,5.6,Very Poor,Often,False,True,True,0.4,Restless,Sometimes,False,False,False,Low,0,6-9h,Strategy
GD0850,21,Female,Student,11,6.1,Strategy,Civilization VI,Pc,102.56,Poor,3.62,8.0,9.4,4,5.1,6.4,Very Poor,Never,False,True,True,1.9,Irritable,Often,False,True,False,Moderate,1,3-6h,Strategy
GD0851,23,Male,Professional,5,7.1,Moba,League of Legends,Multi-platform,89.72,Average,,5.0,4.5,4,6.4,3.7,Good,Never,True,False,True,0.6,Euphoric,Never,True,True,False,High,2,6-9h,Strategy
GD0852,15,Female,Student,1,4.1,Rpg,Skyrim,Multi-platform,47.0,Excellent,2.62,,9.5,3,9.6,6.2,Fair,Rarely,False,False,False,1.0,Anxious,Never,False,False,False,Low,0,3-6h,Role-playing
GD0853,23,Female,Professional,12,4.5,Mmo,Final Fantasy XIV,Console,40.72,Average,,9.0,7.4,3,7.1,5.7,Very Poor,Often,True,False,True,0.4,Restless,Sometimes,False,False,False,Low,0,3-6h,Role-playing
GD0854,21,Other,Student,3,5.2,Rpg,Cyberpunk 2077,Multi-platform,27.48,Average,3.62,6.0,8.5,3,6.8,5.9,Poor,Rarely,True,False,True,1.3,Anxious,Daily,False,False,False,Low,0,3-6h,Role-playing
GD0855,18,Male,Student,2,2.3,Strategy,StarCraft II,Multi-platform,40.47,Excellent,3.38,,13.8,1,10.8,7.9,Good,Rarely,False,False,False,0.6,Euphoric,Daily,False,False,False,Low,0,0-3h,Strategy
GD0856,26,Other,Professional,9,9.1,Moba,Dota 2,Mobile,413.14,Below Average,,9.0,3.2,6,6.7,5.7,Poor,Never,True,False,True,0.9,Depressed,Never,False,False,False,Moderate,0,6-9h,Strategy
GD0857,18,Male,Student,3,8.2,Mmo,World of Warcraft,Console,75.11,Below Average,3.83,,2.6,8,6.1,5.2,Very Poor,Never,True,False,True,0.7,Irritable,Rarely,False,True,True,High,2,6-9h,Role-playing
GD0858,20,Male,Student,1,4.5,Mmo,Final Fantasy XIV,Console,25.62,Good,2.23,6.0,10.6,4,6.2,6.6,Fair,Often,True,False,True,0.1,Restless,Often,False,False,False,Low,0,3-6h,Role-playing
GD0859,30,Male,Professional,16,6.3,Battle royale,Fortnite,Console,90.63,Excellent,,1.0,8.8,3,5.1,6.5,Good,Rarely,True,False,True,0.3,Angry,Sometimes,False,True,False,Moderate,1,3-6h,Action
GD0860,24,Female,Professional,10,6.1,Mmo,Elder Scrolls Online,Pc,49.79,Below Average,,1.0,10.4,4,5.4,5.9,Fair,Sometimes,True,False,True,2.7,Depressed,Often,False,False,False,Low,0,3-6h,Role-playing
GD0861,20,Male,Student,8,8.1,Mobile games,Clash of Clans,Console,84.8,Failing,3.11,3.0,8.0,6,6.2,3.3,Fair,Always,False,False,False,0.3,Euphoric,Sometimes,True,True,True,Severe,3,6-9h,Casual
GD0862,23,Female,Professional,13,5.6,Mobile games,PUBG Mobile,Console,98.62,Below Average,,5.0,9.9,4,5.2,5.2,Fair,Never,False,True,True,1.7,Normal,Never,False,True,False,Moderate,1,3-6h,Casual
GD0863,19,Male,Student,3,0.6,Moba,Mobile Legends,Console,20.33,Average,3.18,1.0,13.2,2,8.9,7.8,Fair,Always,False,False,False,0.0,Restless,Sometimes,False,False,False,Low,0,0-3h,Strategy
GD0864,19,Male,Student,4,6.6,Moba,League of Legends,Pc,60.38,Below Average,2.36,3.0,6.9,5,6.7,6.0,Very Poor,Sometimes,True,False,True,1.8,Normal,Rarely,True,False,False,Moderate,1,6-9h,Strategy
GD0865,18,Male,Student,8,8.0,Mobile games,PUBG Mobile,Mobile,14.54,Below Average,3.0,,3.5,5,5.3,4.5,Fair,Often,True,True,True,3.1,Irritable,Sometimes,True,True,False,High,2,6-9h,Casual
GD0866,19,Male,Student,1,14.7,Mobile games,Genshin Impact,Multi-platform,178.29,Below Average,2.28,5.0,0.0,10,1.3,3.5,Poor,Never,True,True,True,2.1,Withdrawn,Often,False,True,False,High,1,12h+,Casual
GD0867,23,Female,Professional,8,8.2,Battle royale,Apex Legends,Console,140.71,Below Average,,5.0,8.4,5,5.7,5.0,Fair,Often,True,False,True,2.7,Restless,Rarely,True,True,True,Severe,3,6-9h,Action
GD0868,19,Female,Student,5,4.3,Mobile games,Candy Crush,Console,24.27,Below Average,3.87,3.0,8.3,2,8.5,6.3,Fair,Rarely,False,False,False,0.2,Irritable,Daily,False,False,False,Low,0,3-6h,Casual
GD0869,14,Male,Student,4,3.8,Fps,CS:GO,Console,26.0,Below Average,1.12,,8.9,2,9.3,6.3,Poor,Sometimes,False,False,False,0.6,Angry,Never,False,False,False,Low,0,3-6h,Action
GD0870,17,Male,Student,6,5.8,Mobile games,Genshin Impact,Multi-platform,10.29,Average,1.49,,5.8,4,6.8,6.4,Good,Always,True,True,True,3.1,Euphoric,Often,False,False,False,Low,0,3-6h,Casual
GD0871,13,Male,Student,3,2.9,Moba,Mobile Legends,Multi-platform,36.0,Good,2.27,,9.8,2,9.1,8.5,Fair,Sometimes,False,False,False,0.7,Euphoric,Daily,False,False,False,Low,0,0-3h,Strategy
GD0872,14,Male,Student,4,4.9,Battle royale,Warzone,Mobile,128.35,Excellent,1.78,,7.9,3,7.1,6.1,Poor,Often,True,False,True,0.4,Normal,Sometimes,False,False,False,Low,0,3-6h,Action
GD0873,17,Male,Student,3,6.7,Battle royale,PUBG,Pc,10.6,Below Average,2.99,,6.2,4,7.5,3.4,Good,Rarely,True,False,True,2.7,Withdrawn,Never,True,False,False,Moderate,1,6-9h,Action
GD0874,25,Female,Professional,13,9.5,Battle royale,Fortnite,Pc,204.58,Below Average,,1.0,1.9,7,5.5,4.7,Poor,Sometimes,False,False,False,1.1,Angry,Daily,True,False,True,Severe,2,9-12h,Action
GD0875,15,Male,Student,2,5.7,Mmo,World of Warcraft,Pc,30.98,Below Average,2.59,,7.1,4,6.5,6.0,Poor,Often,False,True,True,1.6,Withdrawn,Never,False,False,False,Low,0,3-6h,Role-playing
GD0876,20,Male,Student,2,7.1,Fps,Overwatch,Mobile,78.44,Failing,2.85,7.0,6.6,4,6.6,4.2,Fair,Always,False,True,True,1.1,Depressed,Daily,True,True,False,High,2,6-9h,Action
GD0877,27,Female,Professional,12,7.5,Mobile games,PUBG Mobile,Multi-platform,143.89,Average,,3.0,4.4,5,6.4,3.4,Poor,Often,True,True,True,0.2,Irritable,Sometimes,False,True,False,Moderate,1,6-9h,Casual
GD0878,22,Female,Student,1,4.9,Rpg,Elden Ring,Multi-platform,85.49,Average,1.42,3.0,11.6,2,9.0,6.9,Fair,Rarely,True,False,True,1.0,Normal,Sometimes,False,False,False,Low,0,3-6h,Role-playing
GD0879,20,Female,Student,6,5.0,Battle royale,Fortnite,Pc,48.66,Average,1.85,1.0,9.3,3,8.2,5.9,Poor,Never,True,False,True,0.7,Anxious,Daily,False,False,False,Low,0,3-6h,Action
GD0880,18,Female,Student,5,2.0,Mobile games,Candy Crush,Pc,14.51,Good,3.34,,13.0,1,8.2,8.5,Fair,Sometimes,False,False,False,0.6,Euphoric,Often,False,False,False,Low,0,0-3h,Casual
GD0881,17,Male,Student,7,5.8,Mmo,World of Warcraft,Mobile,40.86,Average,2.9,,8.0,5,7.5,5.8,Fair,Rarely,True,True,True,0.7,Restless,Daily,False,True,False,Moderate,1,3-6h,Role-playing
GD0882,19,Male,Student,3,4.9,Mmo,World of Warcraft,Pc,104.88,Average,1.5,1.0,8.8,5,7.2,6.6,Fair,Often,True,False,True,1.1,Euphoric,Sometimes,False,False,False,Low,0,3-6h,Role-playing
GD0883,25,Female,Professional,1,1.9,Strategy,StarCraft II,Multi-platform,19.61,Good,,3.0,13.4,1,7.5,8.5,Good,Always,False,False,False,1.2,Depressed,Never,False,False,False,Low,0,0-3h,Strategy
GD0884,25,Female,Professional,1,4.9,Moba,Dota 2,Console,109.21,Good,,10.0,7.5,5,6.3,6.9,Poor,Always,False,False,False,2.1,Angry,Sometimes,False,False,False,Low,0,3-6h,Strategy
GD0885,21,Male,Student,8,2.6,Mmo,Elder Scrolls Online,Multi-platform,35.73,Good,2.22,4.0,13.6,1,7.8,7.2,Fair,Often,False,False,False,1.4,Normal,Rarely,False,False,False,Low,0,0-3h,Role-playing
GD0886,17,Male,Student,6,1.0,Strategy,Civilization VI,Pc,42.85,Poor,3.18,,15.7,1,11.3,8.2,Good,Sometimes,False,False,False,0.4,Excited,Rarely,False,False,False,Low,0,0-3h,Strategy
GD0887,19,Female,Student,1,3.9,Mobile games,Genshin Impact,Pc,29.14,Below Average,3.15,7.0,9.4,1,6.3,5.9,Poor,Always,False,False,False,0.1,Depressed,Daily,False,False,False,Low,0,3-6h,Casual
GD0888,19,Male,Student,7,6.4,Mmo,World of Warcraft,Console,126.52,Average,1.88,10.0,8.0,4,6.0,5.6,Fair,Never,True,True,True,1.3,Depressed,Often,False,True,False,Moderate,1,6-9h,Role-playing
GD0889,15,Female,Student,5,9.5,Strategy,Civilization VI,Console,133.69,Good,1.61,,2.9,6,4.7,4.4,Poor,Rarely,True,True,True,2.9,Irritable,Never,False,False,False,Moderate,0,9-12h,Strategy
GD0890,20,Other,Student,9,7.4,Strategy,Civilization VI,Console,101.34,Below Average,2.55,1.0,5.2,4,6.8,5.6,Insomnia,Never,True,True,True,1.1,Angry,Sometimes,True,True,False,High,2,6-9h,Strategy
GD0891,25,Female,Professional,4,6.1,Battle royale,Apex Legends,Pc,67.49,Excellent,,7.0,8.1,5,5.6,6.4,Fair,Rarely,True,False,True,3.3,Restless,Often,False,False,False,Low,0,3-6h,Action
GD0892,28,Male,Professional,18,5.4,Strategy,Age of Empires,Mobile,49.34,Good,,2.0,11.2,6,8.3,6.4,Poor,Rarely,False,False,False,1.2,Irritable,Never,False,False,False,Low,0,3-6h,Strategy
GD0893,17,Male,Student,4,7.2,Strategy,Civilization VI,Pc,59.25,Poor,1.4,,4.4,3,6.2,4.6,Very Poor,Rarely,False,False,False,3.1,Anxious,Often,True,False,False,Moderate,1,6-9h,Strategy
GD0894,21,Male,Student,9,1.7,Mmo,World of Warcraft,Mobile,0.8,Below Average,1.44,9.0,13.7,1,8.8,8.3,Poor,Rarely,False,False,False,0.1,Normal,Rarely,False,False,False,Low,0,0-3h,Role-playing
GD0895,20,Male,Student,7,9.5,Fps,Call of Duty,Pc,72.16,Poor,2.79,2.0,2.5,6,7.5,5.4,Poor,Always,True,False,True,2.3,Anxious,Daily,False,True,True,Severe,2,9-12h,Action
GD0896,30,Male,Professional,19,14.7,Fps,Call of Duty,Console,380.97,Failing,,5.0,0.0,10,2.4,4.2,Poor,Sometimes,False,True,True,5.0,Angry,Daily,False,True,True,Severe,2,12h+,Action
GD0897,22,Other,Student,3,5.8,Moba,Mobile Legends,Console,114.03,Good,1.13,9.0,9.7,4,7.7,6.5,Fair,Never,True,False,True,1.2,Withdrawn,Sometimes,False,True,False,Moderate,1,3-6h,Strategy
GD0898,24,Male,Professional,12,1.9,Strategy,Civilization VI,Mobile,5.62,Good,,6.0,13.5,2,10.9,7.2,Good,Often,False,False,False,0.1,Normal,Rarely,False,False,False,Low,0,0-3h,Strategy
GD0899,22,Male,Student,5,4.3,Mobile games,Candy Crush,Multi-platform,33.26,Excellent,2.47,9.0,12.5,1,7.9,5.2,Good,Sometimes,False,False,False,1.2,Normal,Daily,False,False,False,Low,0,3-6h,Casual
GD0900,15,Male,Student,5,6.6,Rpg,Elden Ring,Console,92.99,Failing,1.3,,7.6,4,5.9,4.1,Poor,Never,True,False,True,3.7,Anxious,Sometimes,False,True,False,Moderate,1,6-9h,Role-playing
GD0901,21,Male,Student,5,6.3,Mmo,Final Fantasy XIV,Pc,14.97,Good,2.01,6.0,5.3,3,7.0,5.1,Poor,Always,True,True,True,1.6,Irritable,Sometimes,False,True,False,Moderate,1,3-6h,Role-playing
GD0902,17,Male,Student,5,2.8,Mobile games,Genshin Impact,Pc,49.53,Good,3.36,,10.5,2,10.2,7.2,Good,Rarely,False,False,False,0.6,Euphoric,Sometimes,False,False,False,Low,0,0-3h,Casual
GD0903,15,Male,Student,3,8.1,Moba,Dota 2,Multi-platform,60.41,Average,2.72,,6.6,4,6.4,4.9,Very Poor,Often,True,False,True,1.2,Angry,Daily,False,True,True,High,2,6-9h,Strategy
GD0904,27,Male,Professional,2,6.6,Mobile games,Candy Crush,Console,59.86,Poor,,6.0,3.8,5,6.1,5.1,Poor,Sometimes,True,False,True,2.5,Anxious,Rarely,True,False,False,Moderate,1,6-9h,Casual
GD0905,21,Female,Student,10,5.8,Moba,League of Legends,Multi-platform,107.95,Average,3.39,9.0,6.2,3,5.8,6.2,Good,Rarely,True,True,True,4.4,Depressed,Often,False,True,False,Moderate,1,3-6h,Strategy
GD0906,19,Male,Student,4,1.9,Fps,Call of Duty,Multi-platform,16.99,Excellent,1.69,9.0,10.2,2,10.5,7.6,Good,Sometimes,False,False,False,0.5,Normal,Rarely,False,False,False,Low,0,0-3h,Action
GD0907,24,Female,Professional,13,4.3,Moba,Dota 2,Console,33.21,Excellent,,6.0,9.7,1,6.1,6.9,Good,Always,False,False,False,0.9,Anxious,Daily,False,False,False,Low,0,3-6h,Strategy
GD0908,20,Male,Student,7,5.4,Mmo,Elder Scrolls Online,Pc,69.06,Excellent,2.08,8.0,8.9,3,8.6,6.9,Very Poor,Sometimes,True,False,True,0.1,Euphoric,Sometimes,False,False,False,Low,0,3-6h,Role-playing
GD0909,18,Male,Student,3,12.0,Mobile games,PUBG Mobile,Multi-platform,405.19,Poor,3.02,,2.2,7,2.4,5.8,Very Poor,Rarely,True,False,True,2.2,Restless,Daily,False,True,True,Severe,2,9-12h,Casual
GD0910,19,Male,Student,9,8.8,Mmo,Final Fantasy XIV,Pc,456.77,Below Average,3.73,10.0,1.6,6,6.5,3.5,Insomnia,Sometimes,True,False,True,2.1,Irritable,Sometimes,True,False,True,Severe,2,6-9h,Role-playing
GD0911,20,Other,Student,8,3.9,Rpg,Elden Ring,Multi-platform,45.92,Average,3.63,1.0,11.6,2,6.5,6.8,Poor,Sometimes,False,False,False,0.9,Irritable,Rarely,False,False,False,Low,0,3-6h,Role-playing
GD0912,21,Male,Student,9,11.6,Rpg,Cyberpunk 2077,Multi-platform,131.29,Failing,2.96,8.0,3.1,8,4.1,3.7,Poor,Never,True,False,True,3.2,Angry,Sometimes,False,True,False,High,1,9-12h,Role-playing
GD0913,28,Male,Professional,18,5.2,Fps,Call of Duty,Pc,12.79,Good,,2.0,9.8,3,8.2,5.3,Good,Often,True,False,True,2.7,Irritable,Daily,False,False,False,Low,0,3-6h,Action
GD0914,19,Male,Student,3,4.1,Fps,CS:GO,Mobile,1.99,Good,3.98,9.0,7.7,3,6.1,5.2,Fair,Sometimes,False,False,False,2.8,Anxious,Never,False,False,False,Low,0,3-6h,Action
GD0915,30,Male,Professional,18,9.3,Moba,Mobile Legends,Pc,458.97,Poor,,6.0,6.9,4,4.0,4.4,Very Poor,Sometimes,True,False,True,4.4,Anxious,Sometimes,True,True,True,Severe,3,9-12h,Strategy
GD0916,19,Male,Student,5,2.5,Battle royale,Warzone,Pc,45.05,Average,1.5,9.0,14.4,3,9.7,7.4,Fair,Never,False,False,False,0.3,Excited,Daily,False,False,False,Low,0,0-3h,Action
GD0917,22,Male,Student,1,3.6,Battle royale,Warzone,Multi-platform,1.38,Below Average,1.76,10.0,11.6,1,8.3,5.6,Poor,Never,False,False,False,0.3,Irritable,Never,False,False,False,Low,0,3-6h,Action
GD0918,19,Female,Student,7,8.9,Strategy,StarCraft II,Console,190.37,Failing,2.44,5.0,2.6,5,5.6,5.9,Very Poor,Sometimes,True,False,True,0.8,Withdrawn,Rarely,True,True,False,Severe,2,6-9h,Strategy
GD0919,20,Male,Student,9,4.7,Moba,Mobile Legends,Pc,79.06,Average,3.63,8.0,9.6,4,8.2,5.9,Fair,Sometimes,True,False,True,0.4,Anxious,Rarely,False,False,False,Low,0,3-6h,Strategy
GD0920,22,Female,Student,4,6.3,Fps,Call of Duty,Pc,50.08,Average,2.05,2.0,6.3,5,7.8,6.8,Poor,Rarely,True,True,True,0.4,Angry,Never,False,True,False,Moderate,1,3-6h,Action
GD0921,20,Female,Student,9,1.8,Moba,League of Legends,Mobile,47.37,Good,3.8,7.0,10.2,1,7.8,8.8,Good,Rarely,False,False,False,0.2,Excited,Sometimes,False,False,False,Low,0,0-3h,Strategy
GD0922,27,Male,Professional,2,12.4,Mobile games,Clash of Clans,Pc,331.29,Good,,7.0,0.0,8,2.9,5.1,Poor,Rarely,False,False,False,1.4,Depressed,Rarely,True,True,True,Severe,3,12h+,Casual
GD0923,17,Male,Student,1,4.1,Mobile games,Genshin Impact,Mobile,12.42,Average,1.12,,11.2,2,6.8,6.4,Good,Sometimes,False,False,False,0.7,Anxious,Daily,False,False,False,Low,0,3-6h,Casual
GD0924,18,Male,Student,7,8.1,Rpg,Elden Ring,Mobile,82.51,Below Average,3.42,,8.2,6,5.0,4.5,Poor,Always,True,False,True,2.6,Anxious,Often,True,True,False,High,2,6-9h,Role-playing
GD0925,20,Male,Student,9,11.2,Strategy,StarCraft II,Mobile,339.42,Below Average,1.12,2.0,2.3,6,5.7,5.0,Poor,Always,True,True,True,5.5,Anxious,Often,True,True,False,Severe,2,9-12h,Strategy
GD0926,26,Male,Professional,3,11.3,Moba,Dota 2,Multi-platform,334.36,Poor,,7.0,1.2,7,6.2,3.2,Very Poor,Sometimes,True,True,True,2.1,Restless,Sometimes,True,False,True,Severe,2,9-12h,Strategy
GD0927,20,Male,Student,9,4.7,Strategy,StarCraft II,Mobile,74.39,Excellent,2.63,8.0,7.7,1,7.3,5.7,Good,Never,True,False,True,1.8,Normal,Often,False,False,False,Low,0,3-6h,Strategy
GD0928,17,Male,Student,3,5.6,Strategy,StarCraft II,Console,36.12,Average,3.11,,5.6,3,8.6,6.2,Very Poor,Rarely,True,False,True,2.4,Irritable,Sometimes,False,True,False,Moderate,1,3-6h,Strategy
GD0929,20,Male,Student,1,5.6,Moba,League of Legends,Pc,68.45,Below Average,3.24,3.0,5.0,3,8.4,5.4,Good,Sometimes,True,True,True,0.7,Depressed,Rarely,False,False,False,Low,0,3-6h,Strategy
GD0930,28,Male,Professional,5,7.7,Fps,Overwatch,Pc,129.71,Poor,,3.0,7.8,5,7.2,3.1,Good,Never,True,True,True,1.8,Irritable,Never,True,False,False,Moderate,1,6-9h,Action
GD0931,15,Male,Student,2,5.0,Rpg,Elden Ring,Multi-platform,36.8,Average,3.43,,11.1,4,7.7,5.6,Fair,Always,True,False,True,1.5,Anxious,Daily,False,False,False,Low,0,3-6h,Role-playing
GD0932,20,Other,Student,8,10.2,Strategy,Civilization VI,Console,312.2,Below Average,3.81,8.0,5.7,5,3.9,4.8,Very Poor,Never,False,False,False,1.7,Euphoric,Daily,True,True,False,Severe,2,9-12h,Strategy
GD0933,15,Male,Student,2,11.4,Rpg,Elden Ring,Mobile,367.71,Average,2.48,,2.9,9,5.9,3.9,Very Poor,Never,False,False,False,8.7,Irritable,Daily,True,True,False,Severe,2,9-12h,Role-playing
GD0934,28,Female,Professional,15,10.1,Rpg,Cyberpunk 2077,Console,154.85,Failing,,7.0,2.8,9,4.4,3.2,Good,Rarely,True,False,True,2.7,Restless,Often,False,False,True,High,1,9-12h,Role-playing
GD0935,20,Female,Student,2,6.1,Battle royale,Warzone,Console,135.6,Good,3.58,6.0,7.8,3,8.4,6.3,Fair,Rarely,True,True,True,0.2,Anxious,Daily,False,True,False,Moderate,1,3-6h,Action
GD0936,20,Male,Student,6,9.8,Strategy,Civilization VI,Console,444.67,Poor,2.02,6.0,2.0,6,5.2,6.0,Fair,Always,True,True,True,1.7,Anxious,Rarely,True,False,True,Severe,2,9-12h,Strategy
GD0937,27,Male,Professional,14,4.9,Fps,Valorant,Console,36.17,Average,,8.0,6.4,2,6.7,6.1,Good,Sometimes,False,False,False,2.2,Depressed,Never,False,False,False,Low,0,3-6h,Action
GD0938,22,Female,Student,12,3.4,Fps,Overwatch,Mobile,47.32,Excellent,2.91,1.0,14.1,3,9.3,7.3,Good,Rarely,False,False,False,0.2,Normal,Never,False,False,False,Low,0,0-3h,Action
GD0939,22,Male,Student,1,8.6,Battle royale,Apex Legends,Mobile,455.29,Below Average,1.31,6.0,4.3,6,4.2,3.8,Very Poor,Often,True,False,True,0.1,Irritable,Daily,True,False,False,High,1,6-9h,Action
GD0940,25,Male,Professional,14,11.8,Rpg,Skyrim,Pc,227.37,Failing,,4.0,0.0,8,2.0,3.5,Poor,Never,True,True,True,7.6,Anxious,Rarely,True,True,True,Severe,3,9-12h,Role-playing
GD0941,24,Female,Professional,13,5.4,Mobile games,PUBG Mobile,Mobile,88.2,Average,,9.0,10.9,4,6.2,5.7,Fair,Rarely,True,False,True,0.1,Irritable,Never,False,False,False,Low,0,3-6h,Casual
GD0942,18,Male,Student,3,3.8,Moba,League of Legends,Pc,46.64,Average,3.48,,12.8,1,8.8,6.8,Good,Sometimes,False,False,False,0.9,Normal,Sometimes,False,False,False,Low,0,3-6h,Strategy
GD0943,16,Male,Student,5,8.7,Mmo,Elder Scrolls Online,Pc,466.73,Below Average,1.65,,5.1,7,4.6,4.3,Fair,Always,True,False,True,2.1,Restless,Sometimes,True,False,False,High,1,6-9h,Role-playing
GD0944,19,Male,Student,3,11.3,Battle royale,Fortnite,Pc,446.72,Average,2.06,7.0,1.1,6,3.4,4.5,Very Poor,Sometimes,True,False,True,6.8,Anxious,Sometimes,True,False,True,Severe,2,9-12h,Action
GD0945,25,Female,Professional,10,3.7,Fps,Overwatch,Mobile,27.83,Average,,5.0,9.2,2,8.2,6.8,Good,Often,False,False,False,0.4,Anxious,Sometimes,False,False,False,Low,0,3-6h,Action
GD0946,23,Male,Professional,4,2.5,Fps,Valorant,Console,16.97,Good,,8.0,11.1,1,10.2,8.2,Good,Sometimes,False,False,False,0.7,Normal,Often,False,False,False,Low,0,0-3h,Action
GD0947,33,Male,Professional,1,8.9,Moba,Dota 2,Multi-platform,129.13,Below Average,,6.0,3.6,4,7.5,5.5,Poor,Always,True,True,True,5.3,Irritable,Never,True,False,False,High,1,6-9h,Strategy
GD0948,29,Male,Professional,17,3.3,Strategy,Civilization VI,Mobile,24.0,Excellent,,1.0,13.4,3,7.3,8.5,Good,Always,False,False,False,0.2,Euphoric,Often,False,False,False,Low,0,0-3h,Strategy
GD0949,19,Male,Student,6,7.7,Mobile games,PUBG Mobile,Multi-platform,67.61,Below Average,2.53,1.0,6.4,6,7.9,3.9,Poor,Sometimes,False,False,False,2.7,Irritable,Rarely,True,True,False,High,2,6-9h,Casual
GD0950,19,Male,Student,2,1.1,Mobile games,Candy Crush,Mobile,5.41,Excellent,1.78,4.0,12.4,1,7.6,7.7,Good,Often,False,False,False,0.2,Anxious,Often,False,False,False,Low,0,0-3h,Casual
GD0951,24,Female,Professional,3,7.2,Moba,Dota 2,Mobile,141.29,Poor,,7.0,8.3,4,7.2,3.5,Poor,Sometimes,True,True,True,2.6,Irritable,Never,True,False,False,Moderate,1,6-9h,Strategy
GD0952,21,Male,Student,5,8.3,Fps,Overwatch,Multi-platform,17.93,Failing,1.12,1.0,2.7,7,6.8,3.7,Poor,Never,True,False,True,0.7,Irritable,Often,False,False,True,Moderate,1,6-9h,Action
GD0953,20,Male,Student,9,2.8,Fps,Call of Duty,Console,18.69,Good,1.64,1.0,11.5,1,6.9,8.2,Fair,Rarely,False,False,False,2.3,Normal,Never,False,False,False,Low,0,0-3h,Action
GD0954,22,Female,Student,10,5.5,Rpg,Cyberpunk 2077,Multi-platform,33.67,Good,3.13,2.0,11.8,3,9.3,5.0,Poor,Often,True,False,True,1.5,Angry,Daily,False,False,False,Low,0,3-6h,Role-playing
GD0955,26,Male,Professional,5,5.7,Rpg,Elden Ring,Multi-platform,96.14,Good,,8.0,10.4,3,7.6,5.4,Poor,Never,False,True,True,1.4,Irritable,Daily,False,True,False,Moderate,1,3-6h,Role-playing
GD0956,23,Other,Professional,11,6.0,Battle royale,Fortnite,Pc,28.31,Below Average,,2.0,5.9,4,6.8,6.2,Fair,Always,True,True,True,1.4,Withdrawn,Sometimes,False,False,False,Low,0,3-6h,Action
GD0957,21,Male,Student,3,5.9,Mmo,Final Fantasy XIV,Mobile,142.99,Below Average,2.35,5.0,5.8,3,7.9,6.2,Insomnia,Sometimes,True,True,True,0.5,Angry,Rarely,False,True,False,Moderate,1,3-6h,Role-playing
GD0958,20,Male,Student,5,7.7,Rpg,Elden Ring,Mobile,37.02,Below Average,3.71,2.0,7.7,6,6.2,5.2,Very Poor,Never,True,False,True,0.4,Irritable,Never,True,False,True,High,2,6-9h,Role-playing
GD0959,25,Male,Professional,9,4.9,Battle royale,Fortnite,Pc,21.48,Average,,2.0,10.7,3,6.1,6.6,Fair,Often,True,False,True,1.2,Anxious,Sometimes,False,False,False,Low,0,3-6h,Action
GD0960,16,Male,Student,1,7.6,Fps,CS:GO,Multi-platform,138.82,Poor,1.6,,5.0,4,6.6,4.0,Poor,Sometimes,True,False,True,2.5,Anxious,Daily,False,True,True,High,2,6-9h,Action
GD0961,15,Female,Student,3,5.2,Moba,Mobile Legends,Pc,77.03,Average,3.82,,9.8,4,6.4,5.1,Good,Often,True,False,True,1.1,Normal,Daily,False,False,False,Low,0,3-6h,Strategy
GD0962,20,Female,Student,8,6.8,Mobile games,Candy Crush,Mobile,77.66,Poor,2.55,1.0,5.8,5,5.4,5.3,Very Poor,Sometimes,True,False,True,2.5,Restless,Never,True,True,False,High,2,6-9h,Casual
GD0963,18,Female,Student,1,10.8,Fps,CS:GO,Mobile,110.92,Average,3.21,,0.3,6,4.0,5.0,Very Poor,Rarely,True,True,True,4.5,Irritable,Rarely,True,False,False,High,1,9-12h,Action
GD0964,24,Male,Professional,6,3.6,Moba,Dota 2,Mobile,46.98,Average,,9.0,9.8,4,8.2,5.6,Fair,Often,False,False,False,0.7,Restless,Often,False,False,False,Low,0,3-6h,Strategy
GD0965,19,Male,Student,8,9.3,Battle royale,Warzone,Mobile,50.18,Poor,1.78,4.0,5.4,4,3.9,5.1,Poor,Rarely,False,True,True,0.1,Restless,Never,False,True,True,Severe,2,9-12h,Action
GD0966,18,Other,Student,4,7.6,Fps,Valorant,Pc,37.08,Excellent,1.05,,8.1,3,6.1,4.8,Very Poor,Never,True,True,True,3.6,Anxious,Daily,True,True,False,High,2,6-9h,Action
GD0967,19,Male,Student,1,7.0,Strategy,StarCraft II,Mobile,54.91,Poor,3.3,3.0,7.4,5,7.3,4.0,Very Poor,Often,False,False,False,0.2,Depressed,Daily,True,True,False,High,2,6-9h,Strategy
GD0968,23,Female,Professional,1,1.0,Battle royale,Apex Legends,Pc,8.43,Excellent,,8.0,15.2,1,10.9,7.9,Good,Often,False,False,False,0.1,Normal,Never,False,False,False,Low,0,0-3h,Action
GD0969,16,Female,Student,3,2.8,Battle royale,Warzone,Pc,17.43,Good,1.4,,8.8,2,8.4,8.6,Good,Always,False,False,False,0.3,Excited,Never,False,False,False,Low,0,0-3h,Action
GD0970,17,Male,Student,5,4.1,Mobile games,Genshin Impact,Pc,32.97,Good,1.13,,12.4,2,6.4,5.5,Poor,Rarely,False,False,False,0.7,Normal,Never,False,False,False,Low,0,3-6h,Casual
GD0971,20,Female,Student,1,6.3,Strategy,Civilization VI,Multi-platform,70.66,Good,1.24,6.0,8.6,4,7.4,6.5,Fair,Sometimes,True,False,True,2.0,Normal,Often,False,False,False,Low,0,3-6h,Strategy
GD0972,16,Female,Student,1,8.5,Strategy,StarCraft II,Console,231.04,Poor,2.36,,2.2,5,5.8,3.6,Poor,Never,True,True,True,2.1,Anxious,Rarely,False,False,False,Moderate,0,6-9h,Strategy
GD0973,16,Male,Student,6,7.4,Battle royale,Apex Legends,Multi-platform,54.82,Failing,2.66,,7.3,5,4.8,5.3,Poor,Often,True,True,True,1.9,Euphoric,Often,True,True,False,High,2,6-9h,Action
GD0974,23,Male,Professional,9,11.0,Fps,CS:GO,Console,388.42,Failing,,5.0,0.0,6,5.7,4.9,Fair,Always,False,True,True,3.2,Normal,Daily,False,True,True,Severe,2,9-12h,Action
GD0975,20,Male,Student,5,7.8,Fps,Call of Duty,Multi-platform,146.41,Below Average,2.91,7.0,7.0,3,5.2,4.8,Very Poor,Never,True,False,True,1.5,Depressed,Often,True,False,False,Moderate,1,6-9h,Action
GD0976,17,Female,Student,2,8.3,Mmo,Elder Scrolls Online,Console,59.04,Poor,2.73,,7.6,7,4.8,4.9,Fair,Sometimes,True,True,True,0.8,Anxious,Never,False,False,True,Moderate,1,6-9h,Role-playing
GD0977,27,Female,Professional,6,4.2,Rpg,Elden Ring,Mobile,30.61,Average,,8.0,8.9,4,8.7,5.9,Fair,Always,False,False,False,1.4,Normal,Sometimes,False,False,False,Low,0,3-6h,Role-playing
GD0978,21,Female,Student,6,7.4,Fps,CS:GO,Pc,113.01,Below Average,1.88,3.0,4.8,5,7.4,5.5,Very Poor,Rarely,True,False,True,1.5,Anxious,Never,True,True,False,High,2,6-9h,Action
GD0979,19,Male,Student,9,8.4,Fps,CS:GO,Pc,44.54,Poor,2.33,9.0,3.8,6,5.3,5.9,Good,Often,True,False,True,1.7,Withdrawn,Never,True,False,True,High,2,6-9h,Action
GD0980,22,Female,Student,12,8.7,Mobile games,PUBG Mobile,Console,107.16,Below Average,2.48,4.0,2.4,5,6.9,4.4,Poor,Never,True,True,True,3.1,Excited,Sometimes,True,True,False,Severe,2,6-9h,Casual
GD0981,25,Male,Professional,15,9.4,Fps,CS:GO,Multi-platform,361.61,Average,,9.0,2.4,5,6.8,4.5,Poor,Rarely,True,True,True,2.7,Depressed,Daily,True,True,False,Severe,2,9-12h,Action
GD0982,22,Female,Student,2,13.6,Strategy,Civilization VI,Multi-platform,438.83,Failing,2.92,5.0,0.0,8,2.4,5.8,Poor,Rarely,True,False,True,1.4,Irritable,Often,True,True,False,Severe,2,12h+,Strategy
GD0983,18,Male,Student,4,7.1,Strategy,Age of Empires,Multi-platform,105.16,Failing,2.07,,4.2,5,8.1,4.1,Insomnia,Sometimes,True,False,True,1.0,Withdrawn,Never,False,False,False,Low,0,6-9h,Strategy
GD0984,23,Male,Professional,1,5.9,Moba,Dota 2,Pc,124.93,Good,,2.0,6.3,5,8.3,5.0,Good,Often,False,True,True,1.1,Restless,Never,False,False,False,Low,0,3-6h,Strategy
GD0985,30,Male,Professional,8,4.4,Battle royale,Apex Legends,Console,20.1,Failing,,8.0,13.0,4,8.5,6.5,Fair,Often,False,False,False,0.9,Excited,Never,False,False,False,Low,0,3-6h,Action
GD0986,17,Male,Student,7,7.3,Battle royale,Warzone,Mobile,67.44,Poor,2.9,,4.5,3,6.8,4.0,Fair,Always,False,False,False,1.6,Anxious,Daily,False,True,False,Moderate,1,6-9h,Action
GD0987,18,Female,Student,6,3.5,Fps,Overwatch,Mobile,1.35,Average,3.68,,8.5,1,6.9,6.1,Fair,Often,False,False,False,0.1,Angry,Sometimes,False,False,False,Low,0,3-6h,Action
GD0988,19,Male,Student,9,4.7,Moba,Dota 2,Console,59.91,Excellent,2.02,10.0,9.0,2,6.5,6.7,Fair,Often,False,False,False,2.9,Restless,Often,False,False,False,Low,0,3-6h,Strategy
GD0989,20,Male,Student,7,4.4,Mmo,Final Fantasy XIV,Pc,8.08,Good,2.26,5.0,12.1,3,9.7,5.4,Very Poor,Sometimes,False,False,False,1.0,Euphoric,Sometimes,False,False,False,Low,0,3-6h,Role-playing
GD0990,16,Male,Student,2,1.5,Moba,League of Legends,Mobile,45.29,Good,2.91,,12.2,1,9.0,9.0,Good,Often,False,False,False,0.1,Excited,Daily,False,False,False,Low,0,0-3h,Strategy
GD0991,19,Female,Student,2,7.0,Fps,Valorant,Pc,121.06,Poor,3.0,1.0,5.8,5,7.7,3.2,Fair,Often,False,True,True,1.4,Anxious,Daily,False,True,False,Moderate,1,6-9h,Action
GD0992,24,Female,Professional,1,3.6,Rpg,Cyberpunk 2077,Multi-platform,31.45,Below Average,,8.0,9.5,1,7.7,6.8,Fair,Never,False,False,False,1.5,Euphoric,Rarely,False,False,False,Low,0,3-6h,Role-playing
GD0993,18,Male,Student,8,6.1,Mmo,Elder Scrolls Online,Pc,143.48,Below Average,1.11,,8.2,3,8.3,5.5,Fair,Rarely,True,False,True,1.8,Irritable,Often,False,False,False,Low,0,3-6h,Role-playing
GD0994,32,Female,Professional,18,4.9,Rpg,Skyrim,Console,18.84,Poor,,4.0,9.6,5,6.4,5.7,Poor,Always,False,False,False,1.4,Euphoric,Never,False,False,False,Low,0,3-6h,Role-playing
GD0995,20,Female,Student,10,9.3,Battle royale,Apex Legends,Console,220.04,Poor,2.53,8.0,6.1,6,4.4,5.8,Fair,Rarely,False,False,False,0.4,Angry,Never,False,True,True,Severe,2,9-12h,Action
GD0996,15,Female,Student,3,8.6,Strategy,Age of Empires,Pc,426.54,Average,2.96,,2.4,6,7.5,4.1,Very Poor,Always,True,True,True,1.9,Restless,Sometimes,True,False,True,Severe,2,6-9h,Strategy
GD0997,18,Male,Student,7,5.4,Mmo,Elder Scrolls Online,Multi-platform,83.71,Excellent,3.42,,10.9,1,7.7,6.5,Fair,Never,True,False,True,2.1,Angry,Often,False,False,False,Low,0,3-6h,Role-playing
GD0998,23,Male,Professional,5,7.3,Rpg,Skyrim,Pc,88.6,Poor,,3.0,6.7,5,8.1,3.9,Insomnia,Rarely,False,True,True,0.5,Withdrawn,Daily,True,True,False,High,2,6-9h,Role-playing
GD0999,18,Male,Student,8,3.1,Strategy,StarCraft II,Console,22.02,Good,1.03,,12.7,1,8.4,8.2,Fair,Sometimes,False,False,False,0.8,Normal,Rarely,False,False,False,Low,0,0-3h,Strategy
GD1000,29,Male,Professional,19,3.5,Rpg,Cyberpunk 2077,Multi-platform,25.2,Below Average,,6.0,10.9,2,9.3,7.4,Good,Sometimes,False,False,False,0.0,Normal,Daily,False,False,False,Low,0,3-6h,Role-playing
