record_id,age,gender,occupation,years_gaming,daily_gaming_hours,genre,primary_game,gaming_platform,monthly_spend,academic_performance,gpa,work_productivity,face_to_face_social_hours_weekly,social_isolation,exercise_hours_weekly,sleep_hours,sleep_quality,sleep_disruption,eye_strain,back_neck_pain,physical_pain,weight_change_kg,mood_state,mood_swings,withdrawal_symptoms,loss_of_other_interests,continued_despite_problems,gaming_addiction_risk_level,addiction_severity,hours_bin,title,game_id
GD0001,17,Male,Student,3,11.1,Mobile Games,clash of clans,PC,383.7,Below Average,1.25,,1.3,7,3.7,3.7,Very Poor,Sometimes,True,False,True,6.8,Anxious,Never,True,False,True,Severe,2,9-12h,,N/A
GD0002,21,Male,Student,1,3.0,MOBA,dota 2,PC,46.64,Good,3.75,2.0,10.7,2,8.5,7.2,Fair,Rarely,False,False,False,0.4,Irritable,Often,False,False,False,Low,0,0-3h,dota 2,570.0
GD0003,23,Male,Professional,6,7.6,FPS,counter-strike: global offensive,Multi-platform,100.81,Poor,,9.0,3.2,5,7.1,4.4,Fair,Often,False,True,True,1.8,Irritable,Rarely,True,True,True,Severe,3,6-9h,counter-strike: global offensive,3468.0
GD0004,20,Female,Student,7,7.2,RPG,skyrim,Multi-platform,51.6,Poor,1.62,2.0,9.1,4,5.2,5.1,Fair,Often,True,True,True,0.2,Withdrawn,Daily,True,True,False,High,2,6-9h,skyrim,2435.0
GD0005,18,Male,Student,1,6.8,Battle Royale,apex legends,PC,32.57,Average,2.44,,4.5,4,6.1,3.4,Poor,Never,False,False,False,0.5,Angry,Daily,True,False,False,Moderate,1,6-9h,apex legends,176538.0
GD0005,18,Male,Student,1,6.8,Battle Royale,apex legends,PC,32.57,Average,2.44,,4.5,4,6.1,3.4,Poor,Never,False,False,False,0.5,Angry,Daily,True,False,False,Moderate,1,6-9h,apex legends,495480.0
GD0005,18,Male,Student,1,6.8,Battle Royale,apex legends,PC,32.57,Average,2.44,,4.5,4,6.1,3.4,Poor,Never,False,False,False,0.5,Angry,Daily,True,False,False,Moderate,1,6-9h,apex legends,176537.0
GD0006,21,Male,Student,4,2.1,Mobile Games,clash of clans,PC,8.63,Good,3.81,4.0,9.6,1,10.8,7.5,Fair,Rarely,False,False,False,0.2,Normal,Never,False,False,False,Low,0,0-3h,,N/A
GD0007,21,Male,Student,3,2.7,FPS,call of duty,Multi-platform,35.25,Below Average,1.82,6.0,10.1,2,10.0,7.2,Very Poor,Often,False,False,False,0.8,Euphoric,Rarely,False,False,False,Low,0,0-3h,,N/A
GD0008,28,Female,Professional,13,10.3,Mobile Games,clash of clans,Console,299.28,Poor,,1.0,0.2,6,5.6,5.2,Fair,Sometimes,True,True,True,2.4,Anxious,Rarely,True,True,True,Severe,3,9-12h,,N/A
GD0009,18,Male,Student,6,1.4,Mobile Games,genshin impact,PC,49.4,Good,2.43,,12.9,1,10.1,8.9,Poor,Always,False,False,False,0.1,Euphoric,Daily,False,False,False,Low,0,0-3h,genshin impact,410617.0
GD0009,18,Male,Student,6,1.4,Mobile Games,genshin impact,PC,49.4,Good,2.43,,12.9,1,10.1,8.9,Poor,Always,False,False,False,0.1,Euphoric,Daily,False,False,False,Low,0,0-3h,genshin impact,437991.0
GD0009,18,Male,Student,6,1.4,Mobile Games,genshin impact,PC,49.4,Good,2.43,,12.9,1,10.1,8.9,Poor,Always,False,False,False,0.1,Euphoric,Daily,False,False,False,Low,0,0-3h,genshin impact,410618.0
GD0009,18,Male,Student,6,1.4,Mobile Games,genshin impact,PC,49.4,Good,2.43,,12.9,1,10.1,8.9,Poor,Always,False,False,False,0.1,Euphoric,Daily,False,False,False,Low,0,0-3h,genshin impact,748280.0
GD0010,18,Male,Student,6,7.6,MMO,final fantasy xiv online,Multi-platform,135.2,Average,1.13,,4.6,6,4.5,3.5,Insomnia,Often,True,False,True,3.3,Anxious,Never,True,True,True,Severe,3,6-9h,final fantasy xiv online,39210.0
GD0011,16,Male,Student,4,1.5,FPS,counter-strike: global offensive,Multi-platform,28.23,Good,3.04,,11.0,1,10.1,8.4,Good,Often,False,False,False,0.2,Restless,Daily,False,False,False,Low,0,0-3h,counter-strike: global offensive,3468.0
GD0012,14,Male,Student,3,3.0,Strategy,starcraft ii,PC,46.36,Excellent,3.15,,13.9,1,9.4,7.2,Good,Sometimes,False,False,False,0.3,Normal,Rarely,False,False,False,Low,0,0-3h,,N/A
GD0013,28,Male,Professional,7,9.5,Mobile Games,genshin impact,Mobile,482.71,Poor,,8.0,1.6,5,5.1,3.6,Very Poor,Never,True,True,True,2.2,Withdrawn,Rarely,True,False,False,High,1,9-12h,genshin impact,410617.0
GD0013,28,Male,Professional,7,9.5,Mobile Games,genshin impact,Mobile,482.71,Poor,,8.0,1.6,5,5.1,3.6,Very Poor,Never,True,True,True,2.2,Withdrawn,Rarely,True,False,False,High,1,9-12h,genshin impact,437991.0
GD0013,28,Male,Professional,7,9.5,Mobile Games,genshin impact,Mobile,482.71,Poor,,8.0,1.6,5,5.1,3.6,Very Poor,Never,True,True,True,2.2,Withdrawn,Rarely,True,False,False,High,1,9-12h,genshin impact,410618.0
GD0013,28,Male,Professional,7,9.5,Mobile Games,genshin impact,Mobile,482.71,Poor,,8.0,1.6,5,5.1,3.6,Very Poor,Never,True,True,True,2.2,Withdrawn,Rarely,True,False,False,High,1,9-12h,genshin impact,748280.0
GD0014,22,Male,Student,5,5.1,RPG,skyrim,Mobile,36.07,Average,3.25,6.0,6.3,3,7.6,5.3,Fair,Never,True,False,True,0.9,Anxious,Rarely,False,False,False,Low,0,3-6h,skyrim,2435.0
GD0015,21,Male,Student,2,5.8,RPG,elden ring,Console,104.01,Good,2.54,2.0,9.0,3,8.2,5.2,Good,Often,False,True,True,1.2,Restless,Rarely,False,False,False,Low,0,3-6h,elden ring,1245620.0
GD0015,21,Male,Student,2,5.8,RPG,elden ring,Console,104.01,Good,2.54,2.0,9.0,3,8.2,5.2,Good,Often,False,True,True,1.2,Restless,Rarely,False,False,False,Low,0,3-6h,elden ring,489212.0
GD0016,25,Male,Professional,7,7.3,Mobile Games,clash of clans,Console,68.25,Poor,,5.0,6.8,6,6.9,5.6,Poor,Often,True,True,True,3.3,Anxious,Never,True,True,False,High,2,6-9h,,N/A
GD0017,19,Male,Student,9,3.0,Mobile Games,genshin impact,Console,1.63,Poor,1.64,3.0,13.1,3,6.7,7.4,Fair,Sometimes,False,False,False,0.1,Normal,Never,False,False,False,Low,0,0-3h,genshin impact,410617.0
GD0017,19,Male,Student,9,3.0,Mobile Games,genshin impact,Console,1.63,Poor,1.64,3.0,13.1,3,6.7,7.4,Fair,Sometimes,False,False,False,0.1,Normal,Never,False,False,False,Low,0,0-3h,genshin impact,437991.0
GD0017,19,Male,Student,9,3.0,Mobile Games,genshin impact,Console,1.63,Poor,1.64,3.0,13.1,3,6.7,7.4,Fair,Sometimes,False,False,False,0.1,Normal,Never,False,False,False,Low,0,0-3h,genshin impact,410618.0
GD0017,19,Male,Student,9,3.0,Mobile Games,genshin impact,Console,1.63,Poor,1.64,3.0,13.1,3,6.7,7.4,Fair,Sometimes,False,False,False,0.1,Normal,Never,False,False,False,Low,0,0-3h,genshin impact,748280.0
GD0018,22,Female,Student,10,11.3,MOBA,league of legends,Multi-platform,77.24,Poor,1.89,8.0,0.9,9,4.9,4.6,Poor,Sometimes,True,True,True,5.7,Anxious,Often,True,False,False,High,1,9-12h,,N/A
GD0019,20,Male,Student,6,8.4,FPS,call of duty,Mobile,118.79,Average,2.76,2.0,8.1,7,7.1,3.2,Very Poor,Always,True,False,True,0.4,Angry,Sometimes,True,True,True,Severe,3,6-9h,,N/A
GD0020,20,Male,Student,1,9.4,Battle Royale,warzone,Console,120.16,Below Average,2.14,7.0,2.2,7,4.8,5.5,Poor,Sometimes,False,True,True,1.7,Anxious,Rarely,True,True,False,Severe,2,9-12h,warzone,712230.0
GD0020,20,Male,Student,1,9.4,Battle Royale,warzone,Console,120.16,Below Average,2.14,7.0,2.2,7,4.8,5.5,Poor,Sometimes,False,True,True,1.7,Anxious,Rarely,True,True,False,Severe,2,9-12h,warzone,2298160.0
GD0021,22,Male,Student,12,6.5,RPG,cyberpunk 2077,Console,16.99,Below Average,2.91,3.0,9.1,6,6.4,4.4,Poor,Always,True,False,True,3.4,Normal,Never,False,True,False,Moderate,1,6-9h,cyberpunk 2077,1091500.0
GD0021,22,Male,Student,12,6.5,RPG,cyberpunk 2077,Console,16.99,Below Average,2.91,3.0,9.1,6,6.4,4.4,Poor,Always,True,False,True,3.4,Normal,Never,False,True,False,Moderate,1,6-9h,cyberpunk 2077,487113.0
GD0021,22,Male,Student,12,6.5,RPG,cyberpunk 2077,Console,16.99,Below Average,2.91,3.0,9.1,6,6.4,4.4,Poor,Always,True,False,True,3.4,Normal,Never,False,True,False,Moderate,1,6-9h,cyberpunk 2077,421702.0
GD0021,22,Male,Student,12,6.5,RPG,cyberpunk 2077,Console,16.99,Below Average,2.91,3.0,9.1,6,6.4,4.4,Poor,Always,True,False,True,3.4,Normal,Never,False,True,False,Moderate,1,6-9h,cyberpunk 2077,421362.0
GD0022,16,Female,Student,4,6.1,MOBA,league of legends,Console,53.52,Good,1.12,,9.3,1,5.8,5.3,Fair,Sometimes,False,True,True,1.8,Anxious,Often,False,True,False,Moderate,1,3-6h,,N/A
GD0023,14,Female,Student,4,6.3,RPG,skyrim,Mobile,126.54,Average,3.27,,4.8,4,7.5,6.5,Good,Rarely,True,False,True,0.2,Anxious,Never,False,True,False,Moderate,1,3-6h,skyrim,2435.0
GD0024,19,Female,Student,6,8.9,Battle Royale,pubg,Console,66.37,Average,2.63,8.0,5.2,5,5.7,5.7,Very Poor,Never,True,True,True,1.9,Irritable,Rarely,True,False,False,High,1,6-9h,,N/A
GD0025,22,Male,Student,11,5.2,Mobile Games,candy crush,PC,60.06,Good,1.94,1.0,11.2,2,6.2,7.0,Fair,Rarely,False,False,False,1.7,Depressed,Rarely,False,False,False,Low,0,3-6h,,N/A
GD0026,22,Male,Student,9,3.4,Mobile Games,candy crush,Console,37.26,Average,3.41,9.0,10.3,3,7.8,8.7,Good,Always,False,False,False,1.1,Normal,Sometimes,False,False,False,Low,0,0-3h,,N/A
GD0027,18,Male,Student,7,5.9,Battle Royale,apex legends,Multi-platform,55.47,Below Average,3.91,,6.8,3,8.0,6.6,Fair,Always,True,True,True,0.9,Anxious,Often,False,False,False,Low,0,3-6h,apex legends,176538.0
GD0027,18,Male,Student,7,5.9,Battle Royale,apex legends,Multi-platform,55.47,Below Average,3.91,,6.8,3,8.0,6.6,Fair,Always,True,True,True,0.9,Anxious,Often,False,False,False,Low,0,3-6h,apex legends,495480.0
GD0027,18,Male,Student,7,5.9,Battle Royale,apex legends,Multi-platform,55.47,Below Average,3.91,,6.8,3,8.0,6.6,Fair,Always,True,True,True,0.9,Anxious,Often,False,False,False,Low,0,3-6h,apex legends,176537.0
GD0028,18,Male,Student,8,8.2,MMO,final fantasy xiv online,Mobile,57.15,Poor,3.71,,3.3,5,6.5,5.4,Fair,Always,True,True,True,3.2,Anxious,Rarely,False,True,False,Moderate,1,6-9h,final fantasy xiv online,39210.0
GD0029,21,Male,Student,6,1.2,MMO,world of warcraft,Mobile,34.91,Good,2.31,9.0,16.7,2,8.6,7.1,Good,Always,False,False,False,0.2,Depressed,Sometimes,False,False,False,Low,0,0-3h,,N/A
GD0030,19,Female,Student,8,4.7,RPG,skyrim,Multi-platform,126.85,Average,1.62,4.0,10.0,3,5.6,5.8,Fair,Rarely,True,False,True,0.5,Irritable,Sometimes,False,False,False,Low,0,3-6h,skyrim,2435.0
GD0031,20,Male,Student,6,1.0,RPG,cyberpunk 2077,Mobile,21.09,Average,1.21,5.0,14.4,1,8.9,7.3,Good,Sometimes,False,False,False,0.0,Normal,Never,False,False,False,Low,0,0-3h,cyberpunk 2077,1091500.0
GD0031,20,Male,Student,6,1.0,RPG,cyberpunk 2077,Mobile,21.09,Average,1.21,5.0,14.4,1,8.9,7.3,Good,Sometimes,False,False,False,0.0,Normal,Never,False,False,False,Low,0,0-3h,cyberpunk 2077,487113.0
GD0031,20,Male,Student,6,1.0,RPG,cyberpunk 2077,Mobile,21.09,Average,1.21,5.0,14.4,1,8.9,7.3,Good,Sometimes,False,False,False,0.0,Normal,Never,False,False,False,Low,0,0-3h,cyberpunk 2077,421702.0
GD0031,20,Male,Student,6,1.0,RPG,cyberpunk 2077,Mobile,21.09,Average,1.21,5.0,14.4,1,8.9,7.3,Good,Sometimes,False,False,False,0.0,Normal,Never,False,False,False,Low,0,0-3h,cyberpunk 2077,421362.0
GD0032,17,Male,Student,5,5.1,Mobile Games,clash of clans,Mobile,36.53,Average,3.02,,8.3,2,8.9,6.4,Poor,Always,False,False,False,2.2,Restless,Often,False,False,False,Low,0,3-6h,,N/A
GD0033,20,Male,Student,7,5.9,MMO,final fantasy xiv online,Console,147.6,Poor,3.39,6.0,7.1,3,7.5,6.8,Fair,Rarely,False,True,True,0.3,Anxious,Never,False,False,False,Low,0,3-6h,final fantasy xiv online,39210.0
GD0034,20,Male,Student,7,5.2,Battle Royale,pubg,Console,19.91,Average,3.03,8.0,8.7,5,7.9,5.6,Very Poor,Often,True,False,True,1.4,Angry,Rarely,False,False,False,Low,0,3-6h,,N/A
GD0035,18,Male,Student,2,6.6,FPS,counter-strike: global offensive,Console,93.68,Poor,3.98,,8.4,5,5.5,4.1,Insomnia,Often,False,False,False,0.1,Anxious,Sometimes,True,True,False,High,2,6-9h,counter-strike: global offensive,3468.0
GD0036,22,Female,Student,12,4.6,Mobile Games,pubg mobile,PC,80.92,Average,1.15,6.0,8.3,4,8.4,5.4,Poor,Never,True,False,True,1.6,Angry,Sometimes,False,False,False,Low,0,3-6h,,N/A
GD0037,20,Male,Student,9,2.8,MOBA,mobile legends,Mobile,45.96,Excellent,3.54,9.0,14.3,3,8.3,8.3,Fair,Never,False,False,False,0.3,Excited,Never,False,False,False,Low,0,0-3h,,N/A
GD0038,20,Male,Student,2,7.6,Strategy,starcraft ii,Mobile,123.45,Poor,2.7,9.0,2.6,6,5.2,4.2,Very Poor,Never,True,True,True,3.6,Restless,Never,False,True,False,Moderate,1,6-9h,,N/A
GD0039,16,Female,Student,4,2.3,MOBA,league of legends,Mobile,42.43,Average,1.22,,12.3,2,7.2,8.4,Good,Often,False,False,False,0.8,Anxious,Daily,False,False,False,Low,0,0-3h,,N/A
GD0040,20,Male,Student,2,4.4,RPG,elden ring,Mobile,26.63,Excellent,1.38,2.0,8.5,4,9.1,6.4,Fair,Often,False,False,False,0.2,Restless,Rarely,False,False,False,Low,0,3-6h,elden ring,1245620.0
GD0040,20,Male,Student,2,4.4,RPG,elden ring,Mobile,26.63,Excellent,1.38,2.0,8.5,4,9.1,6.4,Fair,Often,False,False,False,0.2,Restless,Rarely,False,False,False,Low,0,3-6h,elden ring,489212.0
GD0041,33,Male,Professional,6,3.1,MMO,elder scrolls online,Multi-platform,47.69,Average,,8.0,12.8,1,8.3,8.4,Fair,Never,False,False,False,1.3,Normal,Rarely,False,False,False,Low,0,0-3h,,N/A
GD0042,16,Male,Student,1,8.0,FPS,valorant,Mobile,61.37,Failing,3.22,,6.3,8,6.0,3.8,Poor,Sometimes,True,True,True,0.9,Irritable,Sometimes,True,True,True,Severe,3,6-9h,valorant,682668.0
GD0042,16,Male,Student,1,8.0,FPS,valorant,Mobile,61.37,Failing,3.22,,6.3,8,6.0,3.8,Poor,Sometimes,True,True,True,0.9,Irritable,Sometimes,True,True,True,Severe,3,6-9h,valorant,682740.0
GD0043,20,Male,Student,1,4.2,Strategy,starcraft ii,Mobile,9.18,Average,2.21,7.0,8.8,1,7.1,5.4,Good,Sometimes,False,False,False,0.1,Normal,Often,False,False,False,Low,0,3-6h,,N/A
GD0044,20,Male,Student,4,7.9,Battle Royale,pubg,Console,81.23,Below Average,2.25,3.0,4.2,6,7.0,3.5,Poor,Never,False,True,True,3.3,Angry,Rarely,True,False,True,High,2,6-9h,,N/A
GD0045,14,Female,Student,3,3.9,Mobile Games,pubg mobile,Mobile,17.43,Good,2.88,,7.5,2,7.8,5.1,Poor,Sometimes,False,False,False,1.2,Euphoric,Rarely,False,False,False,Low,0,3-6h,,N/A
GD0046,26,Female,Professional,8,6.2,Strategy,age of empires,Multi-platform,48.84,Average,,5.0,4.9,3,5.5,5.7,Fair,Never,True,True,True,0.4,Depressed,Daily,False,True,False,Moderate,1,3-6h,,N/A
GD0047,20,Male,Student,8,3.4,MMO,final fantasy xiv online,PC,23.33,Below Average,1.19,7.0,12.9,1,7.8,7.1,Poor,Sometimes,False,False,False,1.3,Normal,Sometimes,False,False,False,Low,0,0-3h,final fantasy xiv online,39210.0
GD0048,29,Female,Professional,14,6.1,FPS,call of duty,Mobile,110.74,Good,,5.0,10.7,2,7.7,6.7,Poor,Often,True,True,True,0.8,Restless,Daily,False,True,False,Moderate,1,3-6h,,N/A
GD0049,16,Female,Student,2,5.9,RPG,skyrim,Console,125.89,Average,2.11,,7.6,3,6.0,5.4,Fair,Often,False,False,False,0.7,Depressed,Never,False,False,False,Low,0,3-6h,skyrim,2435.0
GD0050,15,Female,Student,1,5.1,MMO,world of warcraft,PC,39.9,Below Average,3.87,,8.8,2,6.2,6.5,Poor,Never,False,False,False,0.6,Angry,Sometimes,False,False,False,Low,0,3-6h,,N/A
GD0051,24,Male,Professional,1,7.0,Strategy,age of empires,Console,132.68,Poor,,5.0,8.8,4,8.0,4.7,Very Poor,Sometimes,False,False,False,0.5,Angry,Often,True,False,False,Moderate,1,6-9h,,N/A
GD0052,20,Male,Student,4,3.5,RPG,skyrim,Mobile,40.35,Good,1.39,3.0,10.7,2,9.8,7.8,Good,Never,False,False,False,1.3,Normal,Rarely,False,False,False,Low,0,3-6h,skyrim,2435.0
GD0053,20,Male,Student,9,11.4,FPS,call of duty,Console,433.8,Failing,2.02,5.0,0.2,6,5.0,4.3,Very Poor,Never,True,True,True,0.3,Anxious,Never,True,False,False,High,1,9-12h,,N/A
GD0054,20,Female,Student,5,0.5,Mobile Games,genshin impact,Multi-platform,9.04,Excellent,3.39,4.0,13.9,1,10.0,7.2,Good,Sometimes,False,False,False,0.1,Depressed,Rarely,False,False,False,Low,0,0-3h,genshin impact,410617.0
GD0054,20,Female,Student,5,0.5,Mobile Games,genshin impact,Multi-platform,9.04,Excellent,3.39,4.0,13.9,1,10.0,7.2,Good,Sometimes,False,False,False,0.1,Depressed,Rarely,False,False,False,Low,0,0-3h,genshin impact,437991.0
GD0054,20,Female,Student,5,0.5,Mobile Games,genshin impact,Multi-platform,9.04,Excellent,3.39,4.0,13.9,1,10.0,7.2,Good,Sometimes,False,False,False,0.1,Depressed,Rarely,False,False,False,Low,0,0-3h,genshin impact,410618.0
GD0054,20,Female,Student,5,0.5,Mobile Games,genshin impact,Multi-platform,9.04,Excellent,3.39,4.0,13.9,1,10.0,7.2,Good,Sometimes,False,False,False,0.1,Depressed,Rarely,False,False,False,Low,0,0-3h,genshin impact,748280.0
GD0055,22,Female,Student,5,5.8,FPS,counter-strike: global offensive,PC,114.52,Average,2.3,3.0,10.5,3,6.4,6.7,Good,Rarely,True,False,True,1.3,Euphoric,Sometimes,False,False,False,Low,0,3-6h,counter-strike: global offensive,3468.0
GD0056,19,Male,Student,5,1.7,MOBA,mobile legends,Mobile,47.53,Excellent,1.41,9.0,12.6,1,9.3,8.1,Good,Sometimes,False,False,False,0.0,Normal,Daily,False,False,False,Low,0,0-3h,,N/A
GD0057,24,Male,Professional,3,6.0,Strategy,starcraft ii,Console,133.31,Good,,10.0,9.3,4,8.2,6.9,Good,Always,False,True,True,0.1,Euphoric,Sometimes,False,True,False,Moderate,1,3-6h,,N/A
GD0058,25,Male,Professional,8,7.1,RPG,elden ring,Console,136.21,Average,,1.0,6.6,4,7.2,5.2,Poor,Sometimes,False,True,True,4.3,Anxious,Sometimes,True,False,False,Moderate,1,6-9h,elden ring,1245620.0
GD0058,25,Male,Professional,8,7.1,RPG,elden ring,Console,136.21,Average,,1.0,6.6,4,7.2,5.2,Poor,Sometimes,False,True,True,4.3,Anxious,Sometimes,True,False,False,Moderate,1,6-9h,elden ring,489212.0
GD0059,23,Male,Professional,10,0.6,Battle Royale,warzone,Mobile,39.51,Good,,4.0,11.1,1,8.8,7.2,Good,Rarely,False,False,False,0.0,Excited,Sometimes,False,False,False,Low,0,0-3h,warzone,712230.0
GD0059,23,Male,Professional,10,0.6,Battle Royale,warzone,Mobile,39.51,Good,,4.0,11.1,1,8.8,7.2,Good,Rarely,False,False,False,0.0,Excited,Sometimes,False,False,False,Low,0,0-3h,warzone,2298160.0
GD0060,33,Female,Professional,8,7.2,Mobile Games,pubg mobile,Multi-platform,96.57,Below Average,,9.0,9.0,5,7.6,4.2,Fair,Rarely,True,True,True,0.7,Anxious,Often,False,False,False,Low,0,6-9h,,N/A
GD0061,22,Female,Student,10,5.6,FPS,call of duty,Console,144.26,Average,2.08,4.0,9.7,3,7.7,5.3,Good,Never,False,True,True,0.7,Normal,Sometimes,False,True,False,Moderate,1,3-6h,,N/A
GD0062,13,Male,Student,3,8.9,RPG,cyberpunk 2077,Mobile,417.13,Below Average,3.91,,2.3,5,3.6,4.2,Very Poor,Sometimes,True,True,True,2.1,Restless,Never,True,True,False,Severe,2,6-9h,cyberpunk 2077,1091500.0
GD0062,13,Male,Student,3,8.9,RPG,cyberpunk 2077,Mobile,417.13,Below Average,3.91,,2.3,5,3.6,4.2,Very Poor,Sometimes,True,True,True,2.1,Restless,Never,True,True,False,Severe,2,6-9h,cyberpunk 2077,487113.0
GD0062,13,Male,Student,3,8.9,RPG,cyberpunk 2077,Mobile,417.13,Below Average,3.91,,2.3,5,3.6,4.2,Very Poor,Sometimes,True,True,True,2.1,Restless,Never,True,True,False,Severe,2,6-9h,cyberpunk 2077,421702.0
GD0062,13,Male,Student,3,8.9,RPG,cyberpunk 2077,Mobile,417.13,Below Average,3.91,,2.3,5,3.6,4.2,Very Poor,Sometimes,True,True,True,2.1,Restless,Never,True,True,False,Severe,2,6-9h,cyberpunk 2077,421362.0
GD0063,16,Other,Student,6,12.4,MOBA,mobile legends,PC,359.05,Below Average,2.0,,0.6,7,4.3,4.7,Insomnia,Often,True,True,True,0.2,Irritable,Daily,True,False,False,High,1,12h+,,N/A
GD0064,19,Female,Student,9,6.6,FPS,valorant,Mobile,144.41,Below Average,3.09,10.0,9.5,4,8.0,3.3,Very Poor,Often,True,True,True,2.3,Irritable,Sometimes,True,True,False,High,2,6-9h,valorant,682668.0
GD0064,19,Female,Student,9,6.6,FPS,valorant,Mobile,144.41,Below Average,3.09,10.0,9.5,4,8.0,3.3,Very Poor,Often,True,True,True,2.3,Irritable,Sometimes,True,True,False,High,2,6-9h,valorant,682740.0
GD0065,26,Female,Professional,10,4.9,Strategy,starcraft ii,Mobile,60.06,Poor,,5.0,9.5,3,8.8,5.7,Fair,Often,True,False,True,1.2,Irritable,Rarely,False,False,False,Low,0,3-6h,,N/A
GD0066,18,Male,Student,5,4.4,Mobile Games,candy crush,PC,45.33,Below Average,1.4,,11.3,1,8.3,6.6,Poor,Often,False,False,False,0.0,Normal,Daily,False,False,False,Low,0,3-6h,,N/A
GD0067,23,Female,Professional,8,4.7,RPG,skyrim,Multi-platform,108.0,Average,,8.0,10.7,4,7.0,5.1,Good,Sometimes,True,False,True,1.2,Angry,Never,False,False,False,Low,0,3-6h,skyrim,2435.0
GD0068,22,Male,Student,4,7.0,MMO,elder scrolls online,Multi-platform,119.22,Poor,3.54,2.0,5.3,5,5.8,4.0,Very Poor,Sometimes,True,True,True,1.0,Irritable,Daily,True,False,False,Moderate,1,6-9h,,N/A
GD0069,20,Female,Student,8,6.2,Mobile Games,genshin impact,Console,42.1,Average,3.51,2.0,9.6,5,6.7,5.8,Very Poor,Never,True,True,True,3.3,Irritable,Rarely,False,True,False,Moderate,1,3-6h,genshin impact,410617.0
GD0069,20,Female,Student,8,6.2,Mobile Games,genshin impact,Console,42.1,Average,3.51,2.0,9.6,5,6.7,5.8,Very Poor,Never,True,True,True,3.3,Irritable,Rarely,False,True,False,Moderate,1,3-6h,genshin impact,437991.0
GD0069,20,Female,Student,8,6.2,Mobile Games,genshin impact,Console,42.1,Average,3.51,2.0,9.6,5,6.7,5.8,Very Poor,Never,True,True,True,3.3,Irritable,Rarely,False,True,False,Moderate,1,3-6h,genshin impact,410618.0
GD0069,20,Female,Student,8,6.2,Mobile Games,genshin impact,Console,42.1,Average,3.51,2.0,9.6,5,6.7,5.8,Very Poor,Never,True,True,True,3.3,Irritable,Rarely,False,True,False,Moderate,1,3-6h,genshin impact,748280.0
GD0070,18,Female,Student,6,15.1,MMO,world of warcraft,PC,209.75,Below Average,3.05,,0.0,10,4.2,4.8,Fair,Often,True,True,True,0.0,Restless,Often,True,False,False,High,1,12h+,,N/A
GD0071,25,Male,Professional,11,4.8,MMO,elder scrolls online,Multi-platform,132.26,Average,,7.0,10.0,2,5.8,6.8,Fair,Never,False,False,False,1.6,Euphoric,Never,False,False,False,Low,0,3-6h,,N/A
GD0072,23,Male,Professional,3,2.6,Mobile Games,clash of clans,Console,7.76,Good,,5.0,11.2,1,8.9,8.8,Fair,Never,False,False,False,0.4,Excited,Sometimes,False,False,False,Low,0,0-3h,,N/A
GD0073,17,Female,Student,1,4.0,Mobile Games,genshin impact,Multi-platform,18.88,Good,3.1,,7.4,2,6.3,5.8,Fair,Sometimes,False,False,False,3.3,Angry,Sometimes,False,False,False,Low,0,3-6h,genshin impact,410617.0
GD0073,17,Female,Student,1,4.0,Mobile Games,genshin impact,Multi-platform,18.88,Good,3.1,,7.4,2,6.3,5.8,Fair,Sometimes,False,False,False,3.3,Angry,Sometimes,False,False,False,Low,0,3-6h,genshin impact,437991.0
GD0073,17,Female,Student,1,4.0,Mobile Games,genshin impact,Multi-platform,18.88,Good,3.1,,7.4,2,6.3,5.8,Fair,Sometimes,False,False,False,3.3,Angry,Sometimes,False,False,False,Low,0,3-6h,genshin impact,410618.0
GD0073,17,Female,Student,1,4.0,Mobile Games,genshin impact,Multi-platform,18.88,Good,3.1,,7.4,2,6.3,5.8,Fair,Sometimes,False,False,False,3.3,Angry,Sometimes,False,False,False,Low,0,3-6h,genshin impact,748280.0
GD0074,20,Male,Student,8,5.0,MMO,final fantasy xiv online,Console,85.67,Excellent,1.55,9.0,6.8,4,7.7,6.9,Poor,Sometimes,False,False,False,0.9,Normal,Never,False,False,False,Low,0,3-6h,final fantasy xiv online,39210.0
GD0075,19,Male,Student,3,3.5,Battle Royale,pubg,Multi-platform,39.95,Average,1.87,4.0,11.4,2,6.7,8.0,Good,Often,False,False,False,0.4,Excited,Rarely,False,False,False,Low,0,3-6h,,N/A
GD0076,33,Male,Professional,8,5.2,Battle Royale,apex legends,Multi-platform,73.02,Good,,3.0,6.9,6,9.0,6.9,Fair,Often,True,False,True,2.0,Euphoric,Daily,False,False,False,Low,0,3-6h,apex legends,176538.0
GD0076,33,Male,Professional,8,5.2,Battle Royale,apex legends,Multi-platform,73.02,Good,,3.0,6.9,6,9.0,6.9,Fair,Often,True,False,True,2.0,Euphoric,Daily,False,False,False,Low,0,3-6h,apex legends,495480.0
GD0076,33,Male,Professional,8,5.2,Battle Royale,apex legends,Multi-platform,73.02,Good,,3.0,6.9,6,9.0,6.9,Fair,Often,True,False,True,2.0,Euphoric,Daily,False,False,False,Low,0,3-6h,apex legends,176537.0
GD0077,17,Male,Student,1,9.4,Strategy,sid meier's civilization vi,PC,364.97,Poor,1.01,,1.8,6,4.7,3.1,Poor,Often,True,True,True,1.3,Depressed,Never,True,False,True,Severe,2,9-12h,sid meier's civilization vi,335483.0
GD0077,17,Male,Student,1,9.4,Strategy,sid meier's civilization vi,PC,364.97,Poor,1.01,,1.8,6,4.7,3.1,Poor,Often,True,True,True,1.3,Depressed,Never,True,False,True,Severe,2,9-12h,sid meier's civilization vi,335482.0
GD0077,17,Male,Student,1,9.4,Strategy,sid meier's civilization vi,PC,364.97,Poor,1.01,,1.8,6,4.7,3.1,Poor,Often,True,True,True,1.3,Depressed,Never,True,False,True,Severe,2,9-12h,sid meier's civilization vi,336792.0
GD0078,16,Female,Student,2,5.7,MOBA,league of legends,Multi-platform,136.3,Average,2.48,,8.5,4,8.4,6.8,Poor,Sometimes,True,True,True,1.5,Restless,Sometimes,False,False,False,Low,0,3-6h,,N/A
GD0079,19,Other,Student,6,8.3,MOBA,league of legends,PC,82.29,Average,1.17,8.0,3.9,7,4.0,5.5,Poor,Always,False,False,False,3.0,Irritable,Never,True,False,False,Moderate,1,6-9h,,N/A
GD0080,16,Female,Student,1,9.0,Mobile Games,genshin impact,Mobile,192.38,Poor,2.32,,6.0,5,3.8,5.8,Poor,Never,True,True,True,3.7,Restless,Often,True,False,True,Severe,2,6-9h,genshin impact,410617.0
GD0080,16,Female,Student,1,9.0,Mobile Games,genshin impact,Mobile,192.38,Poor,2.32,,6.0,5,3.8,5.8,Poor,Never,True,True,True,3.7,Restless,Often,True,False,True,Severe,2,6-9h,genshin impact,437991.0
GD0080,16,Female,Student,1,9.0,Mobile Games,genshin impact,Mobile,192.38,Poor,2.32,,6.0,5,3.8,5.8,Poor,Never,True,True,True,3.7,Restless,Often,True,False,True,Severe,2,6-9h,genshin impact,410618.0
GD0080,16,Female,Student,1,9.0,Mobile Games,genshin impact,Mobile,192.38,Poor,2.32,,6.0,5,3.8,5.8,Poor,Never,True,True,True,3.7,Restless,Often,True,False,True,Severe,2,6-9h,genshin impact,748280.0
GD0081,22,Female,Student,11,7.2,Mobile Games,genshin impact,Multi-platform,32.86,Poor,1.98,1.0,8.0,4,6.5,3.6,Very Poor,Rarely,True,False,True,1.7,Irritable,Daily,True,False,False,Moderate,1,6-9h,genshin impact,410617.0
GD0081,22,Female,Student,11,7.2,Mobile Games,genshin impact,Multi-platform,32.86,Poor,1.98,1.0,8.0,4,6.5,3.6,Very Poor,Rarely,True,False,True,1.7,Irritable,Daily,True,False,False,Moderate,1,6-9h,genshin impact,437991.0
GD0081,22,Female,Student,11,7.2,Mobile Games,genshin impact,Multi-platform,32.86,Poor,1.98,1.0,8.0,4,6.5,3.6,Very Poor,Rarely,True,False,True,1.7,Irritable,Daily,True,False,False,Moderate,1,6-9h,genshin impact,410618.0
GD0081,22,Female,Student,11,7.2,Mobile Games,genshin impact,Multi-platform,32.86,Poor,1.98,1.0,8.0,4,6.5,3.6,Very Poor,Rarely,True,False,True,1.7,Irritable,Daily,True,False,False,Moderate,1,6-9h,genshin impact,748280.0
GD0082,17,Female,Student,3,10.8,MMO,world of warcraft,Multi-platform,462.43,Poor,3.56,,0.8,7,2.9,5.0,Fair,Rarely,True,True,True,0.4,Anxious,Often,True,False,True,Severe,2,9-12h,,N/A
GD0083,18,Male,Student,2,9.3,RPG,elden ring,Multi-platform,404.23,Poor,1.42,,1.5,6,6.3,5.5,Insomnia,Rarely,False,True,True,0.9,Irritable,Sometimes,True,False,False,High,1,9-12h,elden ring,1245620.0
GD0083,18,Male,Student,2,9.3,RPG,elden ring,Multi-platform,404.23,Poor,1.42,,1.5,6,6.3,5.5,Insomnia,Rarely,False,True,True,0.9,Irritable,Sometimes,True,False,False,High,1,9-12h,elden ring,489212.0
GD0084,20,Male,Student,8,6.4,RPG,elden ring,Multi-platform,91.02,Average,2.95,8.0,7.5,5,7.6,6.8,Fair,Rarely,False,True,True,1.5,Normal,Never,False,True,False,Moderate,1,6-9h,elden ring,1245620.0
GD0084,20,Male,Student,8,6.4,RPG,elden ring,Multi-platform,91.02,Average,2.95,8.0,7.5,5,7.6,6.8,Fair,Rarely,False,True,True,1.5,Normal,Never,False,True,False,Moderate,1,6-9h,elden ring,489212.0
GD0085,26,Male,Professional,10,1.1,Mobile Games,pubg mobile,Multi-platform,24.99,Good,,5.0,15.5,1,9.5,7.6,Good,Sometimes,False,False,False,0.4,Normal,Often,False,False,False,Low,0,0-3h,,N/A
GD0086,22,Male,Student,11,3.0,Battle Royale,warzone,Mobile,34.92,Good,2.4,5.0,8.5,2,7.1,8.8,Poor,Rarely,False,False,False,1.1,Normal,Rarely,False,False,False,Low,0,0-3h,warzone,712230.0
GD0086,22,Male,Student,11,3.0,Battle Royale,warzone,Mobile,34.92,Good,2.4,5.0,8.5,2,7.1,8.8,Poor,Rarely,False,False,False,1.1,Normal,Rarely,False,False,False,Low,0,0-3h,warzone,2298160.0
GD0087,14,Male,Student,3,7.5,MMO,final fantasy xiv online,Multi-platform,123.8,Poor,1.29,,6.6,5,7.9,4.8,Fair,Never,True,False,True,0.7,Angry,Often,True,True,False,High,2,6-9h,final fantasy xiv online,39210.0
GD0088,17,Male,Student,1,6.1,FPS,call of duty,PC,71.69,Average,3.06,,9.8,4,5.6,6.7,Fair,Often,True,True,True,1.8,Normal,Sometimes,False,True,False,Moderate,1,3-6h,,N/A
GD0089,18,Female,Student,4,5.9,Strategy,starcraft ii,PC,96.37,Average,2.46,,4.9,4,7.4,6.5,Poor,Rarely,True,False,True,0.4,Normal,Never,False,True,False,Moderate,1,3-6h,,N/A
GD0090,22,Female,Student,1,8.1,Mobile Games,candy crush,Mobile,67.48,Failing,3.21,6.0,5.1,5,6.8,3.1,Fair,Sometimes,True,False,True,0.3,Anxious,Sometimes,False,True,False,Moderate,1,6-9h,,N/A
GD0091,20,Male,Student,4,10.3,MMO,world of warcraft,PC,499.27,Below Average,1.5,1.0,1.6,8,3.6,5.8,Poor,Rarely,False,True,True,4.5,Angry,Sometimes,False,False,False,Moderate,0,9-12h,,N/A
GD0092,17,Female,Student,5,8.9,Strategy,sid meier's civilization vi,PC,254.42,Good,3.26,,2.7,5,5.3,5.9,Fair,Never,True,True,True,5.7,Restless,Never,True,False,False,High,1,6-9h,sid meier's civilization vi,335483.0
GD0092,17,Female,Student,5,8.9,Strategy,sid meier's civilization vi,PC,254.42,Good,3.26,,2.7,5,5.3,5.9,Fair,Never,True,True,True,5.7,Restless,Never,True,False,False,High,1,6-9h,sid meier's civilization vi,335482.0
GD0092,17,Female,Student,5,8.9,Strategy,sid meier's civilization vi,PC,254.42,Good,3.26,,2.7,5,5.3,5.9,Fair,Never,True,True,True,5.7,Restless,Never,True,False,False,High,1,6-9h,sid meier's civilization vi,336792.0
GD0093,26,Female,Professional,14,5.9,Mobile Games,clash of clans,Console,83.67,Good,,10.0,8.4,5,5.2,6.1,Good,Always,False,False,False,0.5,Excited,Sometimes,False,True,False,Moderate,1,3-6h,,N/A
GD0094,21,Female,Student,8,4.9,Strategy,starcraft ii,Mobile,56.37,Failing,3.53,5.0,7.6,2,9.1,6.1,Fair,Always,True,False,True,0.3,Withdrawn,Rarely,False,False,False,Low,0,3-6h,,N/A
GD0095,22,Male,Student,5,1.7,RPG,skyrim,Console,24.1,Average,1.41,7.0,14.1,1,10.8,7.3,Fair,Rarely,False,False,False,0.4,Normal,Never,False,False,False,Low,0,0-3h,skyrim,2435.0
GD0096,19,Male,Student,1,7.0,Mobile Games,candy crush,Mobile,115.12,Failing,3.92,4.0,8.8,6,4.6,4.9,Poor,Often,True,True,True,0.4,Restless,Daily,True,True,False,High,2,6-9h,,N/A
GD0097,19,Male,Student,1,3.2,MOBA,mobile legends,Mobile,15.77,Average,2.05,9.0,14.4,2,9.1,7.3,Fair,Often,False,False,False,0.5,Restless,Rarely,False,False,False,Low,0,0-3h,,N/A
GD0098,23,Male,Professional,5,10.4,RPG,cyberpunk 2077,Mobile,197.03,Poor,,10.0,3.9,5,3.7,5.6,Poor,Often,False,False,False,4.1,Anxious,Rarely,False,True,True,Severe,2,9-12h,cyberpunk 2077,1091500.0
GD0098,23,Male,Professional,5,10.4,RPG,cyberpunk 2077,Mobile,197.03,Poor,,10.0,3.9,5,3.7,5.6,Poor,Often,False,False,False,4.1,Anxious,Rarely,False,True,True,Severe,2,9-12h,cyberpunk 2077,487113.0
GD0098,23,Male,Professional,5,10.4,RPG,cyberpunk 2077,Mobile,197.03,Poor,,10.0,3.9,5,3.7,5.6,Poor,Often,False,False,False,4.1,Anxious,Rarely,False,True,True,Severe,2,9-12h,cyberpunk 2077,421702.0
GD0098,23,Male,Professional,5,10.4,RPG,cyberpunk 2077,Mobile,197.03,Poor,,10.0,3.9,5,3.7,5.6,Poor,Often,False,False,False,4.1,Anxious,Rarely,False,True,True,Severe,2,9-12h,cyberpunk 2077,421362.0
GD0099,31,Male,Professional,12,5.1,MOBA,mobile legends,PC,72.27,Average,,1.0,10.9,2,7.4,6.5,Fair,Often,True,False,True,0.9,Angry,Often,False,False,False,Low,0,3-6h,,N/A
GD0100,27,Female,Professional,2,6.3,Mobile Games,candy crush,PC,21.12,Average,,10.0,10.2,2,8.0,6.3,Very Poor,Often,True,False,True,1.3,Depressed,Daily,False,False,False,Low,0,3-6h,,N/A
GD0101,21,Male,Student,11,5.4,FPS,valorant,PC,33.12,Failing,3.51,4.0,11.2,1,5.7,6.6,Fair,Rarely,True,False,True,1.3,Normal,Rarely,False,False,False,Low,0,3-6h,valorant,682668.0
GD0101,21,Male,Student,11,5.4,FPS,valorant,PC,33.12,Failing,3.51,4.0,11.2,1,5.7,6.6,Fair,Rarely,True,False,True,1.3,Normal,Rarely,False,False,False,Low,0,3-6h,valorant,682740.0
GD0102,19,Male,Student,3,6.1,RPG,elden ring,Console,110.19,Average,3.22,7.0,7.9,5,8.1,5.5,Good,Always,True,False,True,0.6,Normal,Rarely,False,False,False,Low,0,3-6h,elden ring,1245620.0
GD0102,19,Male,Student,3,6.1,RPG,elden ring,Console,110.19,Average,3.22,7.0,7.9,5,8.1,5.5,Good,Always,True,False,True,0.6,Normal,Rarely,False,False,False,Low,0,3-6h,elden ring,489212.0
GD0103,19,Female,Student,8,7.1,MMO,elder scrolls online,PC,112.86,Good,2.66,1.0,6.0,4,5.3,5.0,Poor,Rarely,False,True,True,0.1,Irritable,Sometimes,True,True,False,High,2,6-9h,,N/A
GD0104,19,Female,Student,3,8.0,RPG,elden ring,PC,26.81,Poor,2.53,6.0,2.6,4,6.6,3.4,Very Poor,Never,True,True,True,0.0,Restless,Often,True,True,False,High,2,6-9h,elden ring,1245620.0
GD0104,19,Female,Student,3,8.0,RPG,elden ring,PC,26.81,Poor,2.53,6.0,2.6,4,6.6,3.4,Very Poor,Never,True,True,True,0.0,Restless,Often,True,True,False,High,2,6-9h,elden ring,489212.0
GD0105,21,Female,Student,1,4.8,Battle Royale,warzone,Mobile,48.19,Below Average,1.08,5.0,10.9,2,6.1,6.6,Fair,Often,False,False,False,3.6,Excited,Rarely,False,False,False,Low,0,3-6h,warzone,712230.0
GD0105,21,Female,Student,1,4.8,Battle Royale,warzone,Mobile,48.19,Below Average,1.08,5.0,10.9,2,6.1,6.6,Fair,Often,False,False,False,3.6,Excited,Rarely,False,False,False,Low,0,3-6h,warzone,2298160.0
GD0106,17,Female,Student,7,9.8,Battle Royale,warzone,PC,114.88,Poor,3.66,,3.4,7,6.8,5.0,Very Poor,Always,False,False,False,5.2,Anxious,Daily,True,True,False,Severe,2,9-12h,warzone,712230.0
GD0106,17,Female,Student,7,9.8,Battle Royale,warzone,PC,114.88,Poor,3.66,,3.4,7,6.8,5.0,Very Poor,Always,False,False,False,5.2,Anxious,Daily,True,True,False,Severe,2,9-12h,warzone,2298160.0
GD0107,14,Female,Student,3,2.9,FPS,valorant,Mobile,24.6,Excellent,1.37,,8.7,3,9.4,7.9,Good,Never,False,False,False,0.5,Depressed,Daily,False,False,False,Low,0,0-3h,valorant,682668.0
GD0107,14,Female,Student,3,2.9,FPS,valorant,Mobile,24.6,Excellent,1.37,,8.7,3,9.4,7.9,Good,Never,False,False,False,0.5,Depressed,Daily,False,False,False,Low,0,0-3h,valorant,682740.0
GD0108,19,Female,Student,9,6.8,Battle Royale,pubg,Multi-platform,127.0,Failing,2.96,7.0,4.7,4,6.4,3.7,Poor,Never,True,True,True,1.9,Angry,Rarely,True,False,False,Moderate,1,6-9h,,N/A
GD0109,19,Male,Student,8,4.6,Battle Royale,fortnite,Console,85.23,Excellent,2.21,4.0,11.3,2,6.8,5.3,Fair,Sometimes,False,False,False,0.2,Irritable,Daily,False,False,False,Low,0,3-6h,fortnite,18141.0
GD0109,19,Male,Student,8,4.6,Battle Royale,fortnite,Console,85.23,Excellent,2.21,4.0,11.3,2,6.8,5.3,Fair,Sometimes,False,False,False,0.2,Irritable,Daily,False,False,False,Low,0,3-6h,fortnite,417808.0
GD0109,19,Male,Student,8,4.6,Battle Royale,fortnite,Console,85.23,Excellent,2.21,4.0,11.3,2,6.8,5.3,Fair,Sometimes,False,False,False,0.2,Irritable,Daily,False,False,False,Low,0,3-6h,fortnite,18167.0
GD0109,19,Male,Student,8,4.6,Battle Royale,fortnite,Console,85.23,Excellent,2.21,4.0,11.3,2,6.8,5.3,Fair,Sometimes,False,False,False,0.2,Irritable,Daily,False,False,False,Low,0,3-6h,fortnite,18204.0
GD0110,26,Male,Professional,15,12.0,RPG,cyberpunk 2077,PC,326.96,Failing,,2.0,2.5,9,5.2,4.4,Poor,Never,True,True,True,1.8,Irritable,Sometimes,True,False,True,Severe,2,9-12h,cyberpunk 2077,1091500.0
GD0110,26,Male,Professional,15,12.0,RPG,cyberpunk 2077,PC,326.96,Failing,,2.0,2.5,9,5.2,4.4,Poor,Never,True,True,True,1.8,Irritable,Sometimes,True,False,True,Severe,2,9-12h,cyberpunk 2077,487113.0
GD0110,26,Male,Professional,15,12.0,RPG,cyberpunk 2077,PC,326.96,Failing,,2.0,2.5,9,5.2,4.4,Poor,Never,True,True,True,1.8,Irritable,Sometimes,True,False,True,Severe,2,9-12h,cyberpunk 2077,421702.0
GD0110,26,Male,Professional,15,12.0,RPG,cyberpunk 2077,PC,326.96,Failing,,2.0,2.5,9,5.2,4.4,Poor,Never,True,True,True,1.8,Irritable,Sometimes,True,False,True,Severe,2,9-12h,cyberpunk 2077,421362.0
GD0111,16,Female,Student,3,5.4,Battle Royale,fortnite,PC,147.65,Below Average,2.85,,11.0,3,7.9,6.7,Good,Rarely,True,False,True,0.4,Normal,Rarely,False,False,False,Low,0,3-6h,fortnite,18141.0
GD0111,16,Female,Student,3,5.4,Battle Royale,fortnite,PC,147.65,Below Average,2.85,,11.0,3,7.9,6.7,Good,Rarely,True,False,True,0.4,Normal,Rarely,False,False,False,Low,0,3-6h,fortnite,417808.0
GD0111,16,Female,Student,3,5.4,Battle Royale,fortnite,PC,147.65,Below Average,2.85,,11.0,3,7.9,6.7,Good,Rarely,True,False,True,0.4,Normal,Rarely,False,False,False,Low,0,3-6h,fortnite,18167.0
GD0111,16,Female,Student,3,5.4,Battle Royale,fortnite,PC,147.65,Below Average,2.85,,11.0,3,7.9,6.7,Good,Rarely,True,False,True,0.4,Normal,Rarely,False,False,False,Low,0,3-6h,fortnite,18204.0
GD0112,31,Female,Professional,20,5.5,MOBA,league of legends,PC,126.15,Good,,8.0,10.2,4,6.4,6.8,Fair,Rarely,True,True,True,3.3,Normal,Never,False,True,False,Moderate,1,3-6h,,N/A
GD0113,16,Male,Student,5,3.6,Strategy,age of empires,Multi-platform,40.4,Below Average,3.82,,9.6,1,9.9,6.9,Fair,Often,False,False,False,0.2,Irritable,Often,False,False,False,Low,0,3-6h,,N/A
GD0114,20,Female,Student,5,9.2,Mobile Games,genshin impact,Multi-platform,177.45,Below Average,2.98,6.0,3.6,6,7.0,5.8,Very Poor,Often,True,True,True,0.3,Withdrawn,Daily,True,False,False,High,1,6-9h,genshin impact,410617.0
GD0114,20,Female,Student,5,9.2,Mobile Games,genshin impact,Multi-platform,177.45,Below Average,2.98,6.0,3.6,6,7.0,5.8,Very Poor,Often,True,True,True,0.3,Withdrawn,Daily,True,False,False,High,1,6-9h,genshin impact,437991.0
GD0114,20,Female,Student,5,9.2,Mobile Games,genshin impact,Multi-platform,177.45,Below Average,2.98,6.0,3.6,6,7.0,5.8,Very Poor,Often,True,True,True,0.3,Withdrawn,Daily,True,False,False,High,1,6-9h,genshin impact,410618.0
GD0114,20,Female,Student,5,9.2,Mobile Games,genshin impact,Multi-platform,177.45,Below Average,2.98,6.0,3.6,6,7.0,5.8,Very Poor,Often,True,True,True,0.3,Withdrawn,Daily,True,False,False,High,1,6-9h,genshin impact,748280.0
GD0115,23,Male,Professional,5,3.2,Mobile Games,genshin impact,Console,49.01,Excellent,,9.0,11.7,3,10.0,8.4,Fair,Rarely,False,False,False,0.3,Normal,Daily,False,False,False,Low,0,0-3h,genshin impact,410617.0
GD0115,23,Male,Professional,5,3.2,Mobile Games,genshin impact,Console,49.01,Excellent,,9.0,11.7,3,10.0,8.4,Fair,Rarely,False,False,False,0.3,Normal,Daily,False,False,False,Low,0,0-3h,genshin impact,437991.0
GD0115,23,Male,Professional,5,3.2,Mobile Games,genshin impact,Console,49.01,Excellent,,9.0,11.7,3,10.0,8.4,Fair,Rarely,False,False,False,0.3,Normal,Daily,False,False,False,Low,0,0-3h,genshin impact,410618.0
GD0115,23,Male,Professional,5,3.2,Mobile Games,genshin impact,Console,49.01,Excellent,,9.0,11.7,3,10.0,8.4,Fair,Rarely,False,False,False,0.3,Normal,Daily,False,False,False,Low,0,0-3h,genshin impact,748280.0
GD0116,22,Female,Student,8,8.4,MMO,world of warcraft,Mobile,82.28,Failing,2.57,3.0,3.4,6,5.6,4.2,Very Poor,Always,True,False,True,1.3,Irritable,Never,False,True,True,High,2,6-9h,,N/A
GD0117,15,Male,Student,3,13.0,Battle Royale,apex legends,Multi-platform,224.87,Below Average,2.6,,0.9,9,4.0,5.4,Very Poor,Sometimes,False,True,True,3.4,Depressed,Sometimes,False,True,True,Severe,2,12h+,apex legends,176538.0
GD0117,15,Male,Student,3,13.0,Battle Royale,apex legends,Multi-platform,224.87,Below Average,2.6,,0.9,9,4.0,5.4,Very Poor,Sometimes,False,True,True,3.4,Depressed,Sometimes,False,True,True,Severe,2,12h+,apex legends,495480.0
GD0117,15,Male,Student,3,13.0,Battle Royale,apex legends,Multi-platform,224.87,Below Average,2.6,,0.9,9,4.0,5.4,Very Poor,Sometimes,False,True,True,3.4,Depressed,Sometimes,False,True,True,Severe,2,12h+,apex legends,176537.0
GD0118,15,Male,Student,1,5.7,RPG,skyrim,Console,61.16,Below Average,1.32,,9.1,4,7.7,5.5,Poor,Never,True,True,True,3.0,Anxious,Daily,False,True,False,Moderate,1,3-6h,skyrim,2435.0
GD0119,16,Other,Student,1,0.9,MMO,world of warcraft,Mobile,35.37,Good,1.75,,15.2,1,10.8,8.0,Fair,Sometimes,False,False,False,0.4,Withdrawn,Sometimes,False,False,False,Low,0,0-3h,,N/A
GD0120,19,Male,Student,1,4.8,Mobile Games,clash of clans,Console,29.59,Average,2.86,6.0,9.9,4,6.9,6.3,Poor,Sometimes,True,False,True,3.0,Normal,Often,False,False,False,Low,0,3-6h,,N/A
GD0121,23,Male,Professional,1,11.8,Battle Royale,fortnite,PC,391.88,Poor,,6.0,2.5,8,5.4,3.8,Very Poor,Often,True,True,True,6.1,Euphoric,Sometimes,True,False,False,High,1,9-12h,fortnite,18141.0
GD0121,23,Male,Professional,1,11.8,Battle Royale,fortnite,PC,391.88,Poor,,6.0,2.5,8,5.4,3.8,Very Poor,Often,True,True,True,6.1,Euphoric,Sometimes,True,False,False,High,1,9-12h,fortnite,417808.0
GD0121,23,Male,Professional,1,11.8,Battle Royale,fortnite,PC,391.88,Poor,,6.0,2.5,8,5.4,3.8,Very Poor,Often,True,True,True,6.1,Euphoric,Sometimes,True,False,False,High,1,9-12h,fortnite,18167.0
GD0121,23,Male,Professional,1,11.8,Battle Royale,fortnite,PC,391.88,Poor,,6.0,2.5,8,5.4,3.8,Very Poor,Often,True,True,True,6.1,Euphoric,Sometimes,True,False,False,High,1,9-12h,fortnite,18204.0
GD0122,17,Male,Student,7,6.0,FPS,overwatch,Mobile,147.47,Excellent,3.71,,10.4,5,7.6,6.7,Poor,Sometimes,True,True,True,2.2,Angry,Often,False,True,False,Moderate,1,3-6h,,N/A
GD0123,18,Male,Student,1,2.6,MOBA,mobile legends,Multi-platform,37.3,Good,1.1,,12.6,2,7.8,7.3,Fair,Often,False,False,False,0.9,Normal,Never,False,False,False,Low,0,0-3h,,N/A
GD0124,14,Female,Student,2,7.7,RPG,skyrim,Multi-platform,25.58,Poor,1.96,,8.1,5,6.5,5.6,Poor,Never,True,True,True,3.8,Restless,Never,True,True,False,High,2,6-9h,skyrim,2435.0
GD0125,20,Female,Student,5,10.0,MMO,final fantasy xiv online,Console,358.72,Poor,2.19,4.0,2.0,6,3.6,5.5,Good,Always,False,False,False,4.4,Withdrawn,Sometimes,True,False,True,Severe,2,9-12h,final fantasy xiv online,39210.0
GD0126,19,Male,Student,9,5.0,Mobile Games,clash of clans,Multi-platform,143.86,Good,1.11,10.0,11.8,3,8.9,6.7,Poor,Always,True,False,True,1.5,Normal,Sometimes,False,False,False,Low,0,3-6h,,N/A
GD0127,22,Male,Student,1,5.6,Battle Royale,warzone,Console,44.63,Below Average,1.69,4.0,5.7,5,8.3,5.1,Poor,Rarely,False,False,False,4.4,Anxious,Daily,False,False,False,Low,0,3-6h,warzone,712230.0
GD0127,22,Male,Student,1,5.6,Battle Royale,warzone,Console,44.63,Below Average,1.69,4.0,5.7,5,8.3,5.1,Poor,Rarely,False,False,False,4.4,Anxious,Daily,False,False,False,Low,0,3-6h,warzone,2298160.0
GD0128,19,Female,Student,6,4.3,MMO,world of warcraft,Console,48.0,Average,3.31,8.0,13.0,2,9.6,6.7,Very Poor,Sometimes,False,False,False,1.5,Normal,Never,False,False,False,Low,0,3-6h,,N/A
GD0129,35,Male,Professional,15,3.1,MOBA,league of legends,Console,27.92,Below Average,,9.0,8.7,3,7.8,7.6,Good,Always,False,False,False,1.8,Excited,Daily,False,False,False,Low,0,0-3h,,N/A
GD0130,18,Female,Student,3,3.6,Mobile Games,clash of clans,Console,13.53,Below Average,1.74,,8.7,2,6.0,6.3,Fair,Never,False,False,False,0.7,Depressed,Often,False,False,False,Low,0,3-6h,,N/A
GD0131,20,Female,Student,10,6.9,RPG,cyberpunk 2077,Multi-platform,22.1,Good,3.11,10.0,6.5,4,6.9,4.9,Good,Often,True,True,True,1.0,Anxious,Daily,False,False,False,Low,0,6-9h,cyberpunk 2077,1091500.0
GD0131,20,Female,Student,10,6.9,RPG,cyberpunk 2077,Multi-platform,22.1,Good,3.11,10.0,6.5,4,6.9,4.9,Good,Often,True,True,True,1.0,Anxious,Daily,False,False,False,Low,0,6-9h,cyberpunk 2077,487113.0
GD0131,20,Female,Student,10,6.9,RPG,cyberpunk 2077,Multi-platform,22.1,Good,3.11,10.0,6.5,4,6.9,4.9,Good,Often,True,True,True,1.0,Anxious,Daily,False,False,False,Low,0,6-9h,cyberpunk 2077,421702.0
GD0131,20,Female,Student,10,6.9,RPG,cyberpunk 2077,Multi-platform,22.1,Good,3.11,10.0,6.5,4,6.9,4.9,Good,Often,True,True,True,1.0,Anxious,Daily,False,False,False,Low,0,6-9h,cyberpunk 2077,421362.0
GD0132,16,Male,Student,4,5.2,Mobile Games,clash of clans,PC,20.36,Average,1.03,,6.7,2,9.1,5.7,Fair,Sometimes,True,False,True,0.4,Anxious,Never,False,False,False,Low,0,3-6h,,N/A
GD0133,13,Male,Student,1,4.0,Battle Royale,pubg,Console,27.46,Average,1.42,,12.1,2,6.4,5.1,Poor,Always,False,False,False,0.4,Anxious,Daily,False,False,False,Low,0,3-6h,,N/A
GD0134,26,Male,Professional,1,8.3,RPG,elden ring,Multi-platform,49.13,Average,,4.0,3.5,5,7.6,5.4,Poor,Often,True,False,True,4.4,Withdrawn,Never,False,True,True,High,2,6-9h,elden ring,1245620.0
GD0134,26,Male,Professional,1,8.3,RPG,elden ring,Multi-platform,49.13,Average,,4.0,3.5,5,7.6,5.4,Poor,Often,True,False,True,4.4,Withdrawn,Never,False,True,True,High,2,6-9h,elden ring,489212.0
GD0135,16,Female,Student,4,3.6,Strategy,sid meier's civilization vi,Mobile,20.78,Good,4.0,,10.2,3,9.8,5.5,Very Poor,Always,False,False,False,0.6,Euphoric,Daily,False,False,False,Low,0,3-6h,sid meier's civilization vi,335483.0
GD0135,16,Female,Student,4,3.6,Strategy,sid meier's civilization vi,Mobile,20.78,Good,4.0,,10.2,3,9.8,5.5,Very Poor,Always,False,False,False,0.6,Euphoric,Daily,False,False,False,Low,0,3-6h,sid meier's civilization vi,335482.0
GD0135,16,Female,Student,4,3.6,Strategy,sid meier's civilization vi,Mobile,20.78,Good,4.0,,10.2,3,9.8,5.5,Very Poor,Always,False,False,False,0.6,Euphoric,Daily,False,False,False,Low,0,3-6h,sid meier's civilization vi,336792.0
GD0136,24,Male,Professional,11,7.9,MMO,final fantasy xiv online,Console,30.7,Average,,2.0,5.0,5,5.3,4.6,Good,Often,True,True,True,0.9,Withdrawn,Rarely,True,True,False,High,2,6-9h,final fantasy xiv online,39210.0
GD0137,19,Male,Student,9,8.0,RPG,cyberpunk 2077,Console,104.41,Below Average,2.1,4.0,6.4,7,4.1,3.4,Poor,Often,True,False,True,1.4,Restless,Often,True,True,True,Severe,3,6-9h,cyberpunk 2077,1091500.0
GD0137,19,Male,Student,9,8.0,RPG,cyberpunk 2077,Console,104.41,Below Average,2.1,4.0,6.4,7,4.1,3.4,Poor,Often,True,False,True,1.4,Restless,Often,True,True,True,Severe,3,6-9h,cyberpunk 2077,487113.0
GD0137,19,Male,Student,9,8.0,RPG,cyberpunk 2077,Console,104.41,Below Average,2.1,4.0,6.4,7,4.1,3.4,Poor,Often,True,False,True,1.4,Restless,Often,True,True,True,Severe,3,6-9h,cyberpunk 2077,421702.0
GD0137,19,Male,Student,9,8.0,RPG,cyberpunk 2077,Console,104.41,Below Average,2.1,4.0,6.4,7,4.1,3.4,Poor,Often,True,False,True,1.4,Restless,Often,True,True,True,Severe,3,6-9h,cyberpunk 2077,421362.0
GD0138,19,Male,Student,2,9.3,Mobile Games,clash of clans,Multi-platform,113.26,Below Average,3.59,2.0,5.7,7,4.0,4.8,Very Poor,Always,True,True,True,2.7,Euphoric,Sometimes,True,False,True,Severe,2,9-12h,,N/A
GD0139,20,Male,Student,6,10.2,RPG,elden ring,Mobile,314.14,Poor,3.47,7.0,4.5,7,3.0,5.1,Poor,Never,False,True,True,1.8,Irritable,Daily,False,False,False,Moderate,0,9-12h,elden ring,1245620.0
GD0139,20,Male,Student,6,10.2,RPG,elden ring,Mobile,314.14,Poor,3.47,7.0,4.5,7,3.0,5.1,Poor,Never,False,True,True,1.8,Irritable,Daily,False,False,False,Moderate,0,9-12h,elden ring,489212.0
GD0140,24,Male,Professional,5,7.2,MOBA,dota 2,Console,83.77,Poor,,1.0,6.7,5,7.5,4.6,Insomnia,Sometimes,True,True,True,3.4,Restless,Never,True,True,False,High,2,6-9h,dota 2,570.0
GD0141,15,Male,Student,4,7.0,MOBA,league of legends,PC,80.95,Average,1.91,,8.9,4,6.3,4.7,Fair,Never,True,True,True,3.2,Anxious,Never,True,False,False,Moderate,1,6-9h,,N/A
GD0142,21,Male,Student,1,8.2,Mobile Games,clash of clans,Multi-platform,52.5,Poor,1.78,8.0,5.5,4,4.0,3.7,Poor,Often,True,True,True,0.8,Angry,Often,True,False,False,Moderate,1,6-9h,,N/A
GD0143,22,Male,Student,5,4.4,FPS,counter-strike: global offensive,Mobile,21.43,Good,1.85,7.0,8.0,3,9.3,5.2,Poor,Often,False,False,False,1.4,Restless,Never,False,False,False,Low,0,3-6h,counter-strike: global offensive,3468.0
GD0144,20,Male,Student,10,5.8,MOBA,league of legends,Multi-platform,111.06,Good,1.08,5.0,6.6,5,6.0,6.0,Fair,Sometimes,False,True,True,2.6,Normal,Daily,False,True,False,Moderate,1,3-6h,,N/A
GD0145,21,Male,Student,7,9.7,Battle Royale,pubg,Mobile,276.24,Below Average,3.37,8.0,2.5,8,3.7,4.5,Insomnia,Never,False,False,False,0.5,Euphoric,Sometimes,True,False,False,High,1,9-12h,,N/A
GD0146,17,Other,Student,2,3.2,MOBA,league of legends,Mobile,39.13,Average,2.58,,9.2,1,7.6,7.2,Fair,Never,False,False,False,1.5,Normal,Often,False,False,False,Low,0,0-3h,,N/A
GD0147,18,Male,Student,2,8.9,Strategy,sid meier's civilization vi,Console,342.1,Good,1.34,,5.1,5,4.9,3.5,Good,Always,True,True,True,2.7,Angry,Never,True,False,False,High,1,6-9h,sid meier's civilization vi,335483.0
GD0147,18,Male,Student,2,8.9,Strategy,sid meier's civilization vi,Console,342.1,Good,1.34,,5.1,5,4.9,3.5,Good,Always,True,True,True,2.7,Angry,Never,True,False,False,High,1,6-9h,sid meier's civilization vi,335482.0
GD0147,18,Male,Student,2,8.9,Strategy,sid meier's civilization vi,Console,342.1,Good,1.34,,5.1,5,4.9,3.5,Good,Always,True,True,True,2.7,Angry,Never,True,False,False,High,1,6-9h,sid meier's civilization vi,336792.0
GD0148,30,Female,Professional,15,6.6,MMO,final fantasy xiv online,PC,11.24,Poor,,7.0,6.8,5,6.5,5.2,Very Poor,Rarely,True,True,True,1.3,Excited,Never,True,False,False,Moderate,1,6-9h,final fantasy xiv online,39210.0
GD0149,18,Male,Student,6,3.9,RPG,cyberpunk 2077,Multi-platform,23.79,Below Average,2.73,,10.9,3,9.4,6.5,Poor,Never,False,False,False,0.3,Normal,Often,False,False,False,Low,0,3-6h,cyberpunk 2077,1091500.0
GD0149,18,Male,Student,6,3.9,RPG,cyberpunk 2077,Multi-platform,23.79,Below Average,2.73,,10.9,3,9.4,6.5,Poor,Never,False,False,False,0.3,Normal,Often,False,False,False,Low,0,3-6h,cyberpunk 2077,487113.0
GD0149,18,Male,Student,6,3.9,RPG,cyberpunk 2077,Multi-platform,23.79,Below Average,2.73,,10.9,3,9.4,6.5,Poor,Never,False,False,False,0.3,Normal,Often,False,False,False,Low,0,3-6h,cyberpunk 2077,421702.0
GD0149,18,Male,Student,6,3.9,RPG,cyberpunk 2077,Multi-platform,23.79,Below Average,2.73,,10.9,3,9.4,6.5,Poor,Never,False,False,False,0.3,Normal,Often,False,False,False,Low,0,3-6h,cyberpunk 2077,421362.0
GD0150,19,Male,Student,5,10.4,Strategy,starcraft ii,Mobile,412.09,Failing,1.76,3.0,5.9,8,5.6,5.1,Very Poor,Often,False,True,True,5.0,Withdrawn,Sometimes,True,True,False,Severe,2,9-12h,,N/A
GD0151,19,Male,Student,1,5.3,MOBA,league of legends,Multi-platform,39.82,Average,1.43,8.0,9.6,4,7.9,6.4,Poor,Rarely,True,False,True,2.4,Irritable,Never,False,False,False,Low,0,3-6h,,N/A
GD0152,16,Male,Student,2,4.8,MOBA,league of legends,Console,69.97,Excellent,1.61,,9.4,4,7.5,5.3,Fair,Never,True,False,True,0.9,Depressed,Daily,False,False,False,Low,0,3-6h,,N/A
GD0153,16,Female,Student,6,6.4,MOBA,mobile legends,PC,34.14,Below Average,3.34,,8.0,3,8.3,5.4,Fair,Rarely,False,False,False,0.1,Normal,Often,False,False,False,Low,0,6-9h,,N/A
GD0154,17,Male,Student,1,10.6,RPG,elden ring,Mobile,247.77,Poor,1.06,,3.0,8,6.2,4.1,Insomnia,Often,False,True,True,1.8,Angry,Often,False,True,True,Severe,2,9-12h,elden ring,1245620.0
GD0154,17,Male,Student,1,10.6,RPG,elden ring,Mobile,247.77,Poor,1.06,,3.0,8,6.2,4.1,Insomnia,Often,False,True,True,1.8,Angry,Often,False,True,True,Severe,2,9-12h,elden ring,489212.0
GD0155,17,Male,Student,1,6.7,FPS,call of duty,Mobile,34.13,Average,1.21,,8.6,4,8.1,5.3,Insomnia,Often,True,True,True,1.4,Restless,Never,False,False,False,Low,0,6-9h,,N/A
GD0156,20,Male,Student,10,6.9,Battle Royale,fortnite,Console,59.03,Below Average,3.29,2.0,6.4,4,8.0,4.7,Insomnia,Always,False,False,False,1.1,Restless,Sometimes,True,False,False,Moderate,1,6-9h,fortnite,18141.0
GD0156,20,Male,Student,10,6.9,Battle Royale,fortnite,Console,59.03,Below Average,3.29,2.0,6.4,4,8.0,4.7,Insomnia,Always,False,False,False,1.1,Restless,Sometimes,True,False,False,Moderate,1,6-9h,fortnite,417808.0
GD0156,20,Male,Student,10,6.9,Battle Royale,fortnite,Console,59.03,Below Average,3.29,2.0,6.4,4,8.0,4.7,Insomnia,Always,False,False,False,1.1,Restless,Sometimes,True,False,False,Moderate,1,6-9h,fortnite,18167.0
GD0156,20,Male,Student,10,6.9,Battle Royale,fortnite,Console,59.03,Below Average,3.29,2.0,6.4,4,8.0,4.7,Insomnia,Always,False,False,False,1.1,Restless,Sometimes,True,False,False,Moderate,1,6-9h,fortnite,18204.0
GD0157,16,Female,Student,6,2.2,FPS,call of duty,Multi-platform,31.73,Excellent,1.45,,11.1,1,8.6,7.7,Fair,Sometimes,False,False,False,0.1,Normal,Sometimes,False,False,False,Low,0,0-3h,,N/A
GD0158,22,Male,Student,12,9.0,MOBA,mobile legends,Console,168.77,Poor,1.11,2.0,1.6,5,7.2,5.3,Poor,Sometimes,False,True,True,3.3,Depressed,Never,True,False,False,High,1,6-9h,,N/A
GD0159,25,Other,Professional,9,4.7,RPG,cyberpunk 2077,Multi-platform,110.14,Average,,1.0,9.1,4,7.4,7.0,Good,Never,True,False,True,0.6,Irritable,Never,False,False,False,Low,0,3-6h,cyberpunk 2077,1091500.0
GD0159,25,Other,Professional,9,4.7,RPG,cyberpunk 2077,Multi-platform,110.14,Average,,1.0,9.1,4,7.4,7.0,Good,Never,True,False,True,0.6,Irritable,Never,False,False,False,Low,0,3-6h,cyberpunk 2077,487113.0
GD0159,25,Other,Professional,9,4.7,RPG,cyberpunk 2077,Multi-platform,110.14,Average,,1.0,9.1,4,7.4,7.0,Good,Never,True,False,True,0.6,Irritable,Never,False,False,False,Low,0,3-6h,cyberpunk 2077,421702.0
GD0159,25,Other,Professional,9,4.7,RPG,cyberpunk 2077,Multi-platform,110.14,Average,,1.0,9.1,4,7.4,7.0,Good,Never,True,False,True,0.6,Irritable,Never,False,False,False,Low,0,3-6h,cyberpunk 2077,421362.0
GD0160,18,Male,Student,5,10.4,MOBA,mobile legends,PC,326.87,Poor,3.55,,5.7,6,6.6,4.7,Poor,Never,True,True,True,1.0,Anxious,Daily,True,True,False,Severe,2,9-12h,,N/A
GD0161,19,Male,Student,5,12.2,MOBA,dota 2,Mobile,473.21,Below Average,3.72,10.0,0.5,7,4.7,5.9,Fair,Often,False,True,True,2.1,Depressed,Sometimes,True,True,False,Severe,2,12h+,dota 2,570.0
GD0162,27,Male,Professional,7,4.3,Strategy,starcraft ii,PC,44.35,Good,,5.0,8.0,2,7.9,5.3,Very Poor,Rarely,False,False,False,2.8,Normal,Daily,False,False,False,Low,0,3-6h,,N/A
GD0163,22,Female,Student,7,6.3,MOBA,mobile legends,Console,53.06,Below Average,3.98,4.0,9.7,2,9.0,5.5,Fair,Sometimes,True,True,True,0.2,Restless,Never,False,False,False,Low,0,3-6h,,N/A
GD0164,18,Male,Student,5,7.7,Strategy,sid meier's civilization vi,Multi-platform,110.52,Below Average,3.22,,5.6,7,4.8,5.6,Poor,Sometimes,True,True,True,0.3,Anxious,Daily,False,True,True,High,2,6-9h,sid meier's civilization vi,335483.0
GD0164,18,Male,Student,5,7.7,Strategy,sid meier's civilization vi,Multi-platform,110.52,Below Average,3.22,,5.6,7,4.8,5.6,Poor,Sometimes,True,True,True,0.3,Anxious,Daily,False,True,True,High,2,6-9h,sid meier's civilization vi,335482.0
GD0164,18,Male,Student,5,7.7,Strategy,sid meier's civilization vi,Multi-platform,110.52,Below Average,3.22,,5.6,7,4.8,5.6,Poor,Sometimes,True,True,True,0.3,Anxious,Daily,False,True,True,High,2,6-9h,sid meier's civilization vi,336792.0
GD0165,21,Female,Student,2,8.4,RPG,elden ring,Console,128.87,Failing,3.14,9.0,6.3,5,4.8,5.7,Poor,Often,True,False,True,0.6,Anxious,Rarely,True,True,False,High,2,6-9h,elden ring,1245620.0
GD0165,21,Female,Student,2,8.4,RPG,elden ring,Console,128.87,Failing,3.14,9.0,6.3,5,4.8,5.7,Poor,Often,True,False,True,0.6,Anxious,Rarely,True,True,False,High,2,6-9h,elden ring,489212.0
GD0166,18,Male,Student,7,7.2,Strategy,sid meier's civilization vi,PC,130.82,Below Average,3.97,,5.2,6,4.6,3.9,Poor,Often,True,True,True,0.4,Depressed,Never,True,False,False,Moderate,1,6-9h,sid meier's civilization vi,335483.0
GD0166,18,Male,Student,7,7.2,Strategy,sid meier's civilization vi,PC,130.82,Below Average,3.97,,5.2,6,4.6,3.9,Poor,Often,True,True,True,0.4,Depressed,Never,True,False,False,Moderate,1,6-9h,sid meier's civilization vi,335482.0
GD0166,18,Male,Student,7,7.2,Strategy,sid meier's civilization vi,PC,130.82,Below Average,3.97,,5.2,6,4.6,3.9,Poor,Often,True,True,True,0.4,Depressed,Never,True,False,False,Moderate,1,6-9h,sid meier's civilization vi,336792.0
GD0167,21,Male,Student,5,5.1,RPG,skyrim,Multi-platform,20.68,Good,2.72,10.0,11.3,3,7.3,5.8,Fair,Never,False,False,False,1.1,Irritable,Never,False,False,False,Low,0,3-6h,skyrim,2435.0
GD0168,25,Male,Professional,11,5.8,MOBA,dota 2,Mobile,55.18,Below Average,,3.0,9.2,5,6.6,5.3,Fair,Rarely,True,False,True,0.5,Excited,Rarely,False,True,False,Moderate,1,3-6h,dota 2,570.0
GD0169,21,Male,Student,6,7.6,FPS,overwatch,Mobile,38.69,Poor,1.5,9.0,4.6,6,4.7,5.6,Very Poor,Often,True,True,True,0.7,Euphoric,Rarely,True,False,True,High,2,6-9h,,N/A
GD0170,23,Male,Professional,3,2.6,FPS,call of duty,Mobile,6.45,Good,,4.0,14.0,1,8.8,8.3,Poor,Always,False,False,False,0.4,Normal,Never,False,False,False,Low,0,0-3h,,N/A
GD0171,21,Male,Student,8,1.3,Battle Royale,warzone,PC,15.07,Good,1.44,5.0,12.6,1,9.6,8.4,Fair,Rarely,False,False,False,0.5,Normal,Often,False,False,False,Low,0,0-3h,warzone,712230.0
GD0171,21,Male,Student,8,1.3,Battle Royale,warzone,PC,15.07,Good,1.44,5.0,12.6,1,9.6,8.4,Fair,Rarely,False,False,False,0.5,Normal,Often,False,False,False,Low,0,0-3h,warzone,2298160.0
GD0172,24,Male,Professional,14,6.2,RPG,cyberpunk 2077,Multi-platform,135.88,Average,,10.0,4.9,6,6.5,5.9,Fair,Often,False,False,False,0.8,Anxious,Rarely,False,True,False,Moderate,1,3-6h,cyberpunk 2077,1091500.0
GD0172,24,Male,Professional,14,6.2,RPG,cyberpunk 2077,Multi-platform,135.88,Average,,10.0,4.9,6,6.5,5.9,Fair,Often,False,False,False,0.8,Anxious,Rarely,False,True,False,Moderate,1,3-6h,cyberpunk 2077,487113.0
GD0172,24,Male,Professional,14,6.2,RPG,cyberpunk 2077,Multi-platform,135.88,Average,,10.0,4.9,6,6.5,5.9,Fair,Often,False,False,False,0.8,Anxious,Rarely,False,True,False,Moderate,1,3-6h,cyberpunk 2077,421702.0
GD0172,24,Male,Professional,14,6.2,RPG,cyberpunk 2077,Multi-platform,135.88,Average,,10.0,4.9,6,6.5,5.9,Fair,Often,False,False,False,0.8,Anxious,Rarely,False,True,False,Moderate,1,3-6h,cyberpunk 2077,421362.0
GD0173,21,Male,Student,1,9.1,RPG,elden ring,PC,396.01,Average,2.92,1.0,3.8,7,4.9,3.2,Very Poor,Never,True,True,True,1.4,Irritable,Rarely,True,True,False,Severe,2,6-9h,elden ring,1245620.0
GD0173,21,Male,Student,1,9.1,RPG,elden ring,PC,396.01,Average,2.92,1.0,3.8,7,4.9,3.2,Very Poor,Never,True,True,True,1.4,Irritable,Rarely,True,True,False,Severe,2,6-9h,elden ring,489212.0
GD0174,22,Male,Student,3,10.1,MOBA,dota 2,Multi-platform,358.37,Below Average,1.1,2.0,2.0,8,4.2,3.4,Poor,Sometimes,True,False,True,2.8,Angry,Sometimes,True,True,False,Severe,2,9-12h,dota 2,570.0
GD0175,25,Male,Professional,7,7.9,FPS,valorant,Multi-platform,53.96,Average,,6.0,3.3,5,7.4,5.1,Fair,Sometimes,True,False,True,0.5,Angry,Rarely,True,False,False,Moderate,1,6-9h,valorant,682668.0
GD0175,25,Male,Professional,7,7.9,FPS,valorant,Multi-platform,53.96,Average,,6.0,3.3,5,7.4,5.1,Fair,Sometimes,True,False,True,0.5,Angry,Rarely,True,False,False,Moderate,1,6-9h,valorant,682740.0
GD0176,19,Female,Student,9,2.9,Strategy,sid meier's civilization vi,Multi-platform,35.81,Excellent,3.29,10.0,9.7,1,8.8,8.0,Good,Always,False,False,False,0.0,Angry,Rarely,False,False,False,Low,0,0-3h,sid meier's civilization vi,335483.0
GD0176,19,Female,Student,9,2.9,Strategy,sid meier's civilization vi,Multi-platform,35.81,Excellent,3.29,10.0,9.7,1,8.8,8.0,Good,Always,False,False,False,0.0,Angry,Rarely,False,False,False,Low,0,0-3h,sid meier's civilization vi,335482.0
GD0176,19,Female,Student,9,2.9,Strategy,sid meier's civilization vi,Multi-platform,35.81,Excellent,3.29,10.0,9.7,1,8.8,8.0,Good,Always,False,False,False,0.0,Angry,Rarely,False,False,False,Low,0,0-3h,sid meier's civilization vi,336792.0
GD0177,19,Male,Student,1,4.6,Strategy,starcraft ii,PC,10.06,Below Average,2.1,6.0,9.0,3,8.5,5.9,Fair,Rarely,False,False,False,1.0,Normal,Never,False,False,False,Low,0,3-6h,,N/A
GD0178,21,Male,Student,8,5.7,MMO,final fantasy xiv online,Multi-platform,123.33,Average,3.84,4.0,9.4,3,7.3,5.7,Good,Always,False,True,True,2.4,Angry,Never,False,True,False,Moderate,1,3-6h,final fantasy xiv online,39210.0
GD0179,22,Female,Student,5,8.2,MOBA,league of legends,Multi-platform,77.94,Poor,2.27,6.0,7.8,5,4.2,4.2,Poor,Rarely,True,True,True,1.9,Withdrawn,Rarely,False,True,False,Moderate,1,6-9h,,N/A
GD0180,19,Female,Student,1,3.1,MOBA,league of legends,Mobile,15.06,Excellent,3.51,1.0,9.7,1,9.1,7.2,Good,Sometimes,False,False,False,1.2,Euphoric,Sometimes,False,False,False,Low,0,0-3h,,N/A
GD0181,22,Female,Student,12,7.3,Strategy,age of empires,Mobile,31.57,Excellent,2.15,5.0,8.8,4,7.9,3.0,Poor,Never,True,True,True,0.7,Angry,Sometimes,True,False,False,Moderate,1,6-9h,,N/A
GD0182,17,Female,Student,2,10.9,MMO,elder scrolls online,Mobile,232.94,Below Average,3.21,,1.1,6,3.7,3.8,Poor,Often,True,True,True,3.5,Irritable,Daily,True,True,True,Severe,3,9-12h,,N/A
GD0183,28,Male,Professional,4,11.0,RPG,skyrim,Multi-platform,207.35,Average,,7.0,0.3,5,5.5,3.3,Very Poor,Sometimes,True,False,True,2.4,Anxious,Daily,True,True,True,Severe,3,9-12h,skyrim,2435.0
GD0184,19,Male,Student,8,11.0,Mobile Games,pubg mobile,PC,484.09,Poor,3.52,8.0,0.4,8,6.3,3.7,Fair,Often,False,False,False,8.0,Irritable,Never,True,False,False,High,1,9-12h,,N/A
GD0185,24,Male,Professional,10,10.5,MMO,final fantasy xiv online,Multi-platform,240.74,Poor,,4.0,3.6,6,3.3,4.5,Very Poor,Often,False,True,True,3.1,Anxious,Often,True,True,False,Severe,2,9-12h,final fantasy xiv online,39210.0
GD0186,19,Female,Student,8,7.0,Strategy,age of empires,Multi-platform,45.66,Below Average,1.42,4.0,5.4,4,8.4,4.1,Very Poor,Rarely,True,False,True,0.0,Restless,Sometimes,True,False,False,Moderate,1,6-9h,,N/A
GD0187,16,Female,Student,5,2.0,RPG,elden ring,Mobile,23.53,Excellent,1.23,,12.7,3,9.9,7.6,Fair,Rarely,False,False,False,0.1,Normal,Daily,False,False,False,Low,0,0-3h,elden ring,1245620.0
GD0187,16,Female,Student,5,2.0,RPG,elden ring,Mobile,23.53,Excellent,1.23,,12.7,3,9.9,7.6,Fair,Rarely,False,False,False,0.1,Normal,Daily,False,False,False,Low,0,0-3h,elden ring,489212.0
GD0188,24,Male,Professional,8,11.2,MMO,final fantasy xiv online,Mobile,246.83,Poor,,10.0,0.7,8,5.0,4.0,Very Poor,Never,True,False,True,3.5,Angry,Daily,True,True,True,Severe,3,9-12h,final fantasy xiv online,39210.0
GD0189,21,Male,Student,8,4.4,FPS,call of duty,Multi-platform,45.31,Below Average,3.23,9.0,8.8,3,9.0,6.6,Fair,Rarely,False,False,False,1.7,Angry,Rarely,False,False,False,Low,0,3-6h,,N/A
GD0190,17,Male,Student,5,6.3,Mobile Games,pubg mobile,Mobile,41.6,Average,3.5,,8.2,3,7.6,5.0,Poor,Rarely,True,True,True,0.3,Withdrawn,Never,False,False,False,Low,0,3-6h,,N/A
GD0191,18,Male,Student,7,4.2,FPS,valorant,Mobile,6.99,Average,1.64,,9.5,1,7.2,6.1,Poor,Never,False,False,False,0.6,Normal,Rarely,False,False,False,Low,0,3-6h,valorant,682668.0
GD0191,18,Male,Student,7,4.2,FPS,valorant,Mobile,6.99,Average,1.64,,9.5,1,7.2,6.1,Poor,Never,False,False,False,0.6,Normal,Rarely,False,False,False,Low,0,3-6h,valorant,682740.0
GD0192,20,Male,Student,2,3.9,MMO,elder scrolls online,Console,36.21,Good,3.5,9.0,9.0,2,7.9,6.3,Good,Never,False,False,False,0.0,Angry,Often,False,False,False,Low,0,3-6h,,N/A
GD0193,18,Female,Student,7,1.5,Strategy,starcraft ii,Mobile,32.0,Average,1.24,,13.6,1,11.5,7.0,Good,Never,False,False,False,0.3,Irritable,Daily,False,False,False,Low,0,0-3h,,N/A
GD0194,24,Male,Professional,11,8.8,Strategy,sid meier's civilization vi,Mobile,67.73,Good,,6.0,2.6,7,4.4,4.1,Very Poor,Sometimes,True,True,True,0.9,Irritable,Never,True,True,True,Severe,3,6-9h,sid meier's civilization vi,335483.0
GD0194,24,Male,Professional,11,8.8,Strategy,sid meier's civilization vi,Mobile,67.73,Good,,6.0,2.6,7,4.4,4.1,Very Poor,Sometimes,True,True,True,0.9,Irritable,Never,True,True,True,Severe,3,6-9h,sid meier's civilization vi,335482.0
GD0194,24,Male,Professional,11,8.8,Strategy,sid meier's civilization vi,Mobile,67.73,Good,,6.0,2.6,7,4.4,4.1,Very Poor,Sometimes,True,True,True,0.9,Irritable,Never,True,True,True,Severe,3,6-9h,sid meier's civilization vi,336792.0
GD0195,21,Female,Student,10,3.7,Battle Royale,apex legends,Multi-platform,24.63,Poor,2.84,8.0,7.4,3,8.0,5.8,Poor,Never,False,False,False,0.4,Angry,Never,False,False,False,Low,0,3-6h,apex legends,176538.0
GD0195,21,Female,Student,10,3.7,Battle Royale,apex legends,Multi-platform,24.63,Poor,2.84,8.0,7.4,3,8.0,5.8,Poor,Never,False,False,False,0.4,Angry,Never,False,False,False,Low,0,3-6h,apex legends,495480.0
GD0195,21,Female,Student,10,3.7,Battle Royale,apex legends,Multi-platform,24.63,Poor,2.84,8.0,7.4,3,8.0,5.8,Poor,Never,False,False,False,0.4,Angry,Never,False,False,False,Low,0,3-6h,apex legends,176537.0
GD0196,19,Male,Student,2,5.2,MOBA,mobile legends,Multi-platform,89.91,Good,1.85,8.0,6.2,1,8.8,6.5,Poor,Never,True,False,True,1.8,Angry,Daily,False,False,False,Low,0,3-6h,,N/A
GD0197,20,Male,Student,5,6.6,FPS,overwatch,Mobile,56.6,Failing,1.77,5.0,5.5,6,7.4,5.1,Very Poor,Often,True,True,True,1.6,Irritable,Never,True,True,False,High,2,6-9h,,N/A
GD0198,24,Female,Professional,12,6.2,Strategy,starcraft ii,PC,129.73,Average,,4.0,7.3,2,7.8,5.9,Fair,Always,False,True,True,0.7,Anxious,Rarely,False,False,False,Low,0,3-6h,,N/A
GD0199,18,Male,Student,1,3.6,MOBA,dota 2,Console,8.29,Below Average,2.02,,10.1,3,7.1,6.1,Poor,Always,False,False,False,0.2,Restless,Daily,False,False,False,Low,0,3-6h,dota 2,570.0
GD0200,21,Female,Student,3,6.0,MOBA,mobile legends,Mobile,108.18,Excellent,2.41,3.0,10.3,3,6.1,6.7,Fair,Always,False,False,False,0.8,Irritable,Often,False,False,False,Low,0,3-6h,,N/A
GD0201,27,Male,Professional,2,4.3,Battle Royale,warzone,Multi-platform,4.81,Below Average,,2.0,12.6,3,8.8,5.5,Fair,Never,False,False,False,1.2,Normal,Rarely,False,False,False,Low,0,3-6h,warzone,712230.0
GD0201,27,Male,Professional,2,4.3,Battle Royale,warzone,Multi-platform,4.81,Below Average,,2.0,12.6,3,8.8,5.5,Fair,Never,False,False,False,1.2,Normal,Rarely,False,False,False,Low,0,3-6h,warzone,2298160.0
GD0202,16,Male,Student,6,8.7,RPG,elden ring,Console,178.36,Below Average,1.3,,6.4,7,6.9,3.6,Poor,Sometimes,True,True,True,0.9,Depressed,Rarely,True,False,False,High,1,6-9h,elden ring,1245620.0
GD0202,16,Male,Student,6,8.7,RPG,elden ring,Console,178.36,Below Average,1.3,,6.4,7,6.9,3.6,Poor,Sometimes,True,True,True,0.9,Depressed,Rarely,True,False,False,High,1,6-9h,elden ring,489212.0
GD0203,21,Male,Student,2,12.0,Mobile Games,genshin impact,Mobile,389.7,Average,1.31,5.0,1.1,9,2.8,3.8,Very Poor,Sometimes,True,True,True,0.9,Depressed,Rarely,False,False,False,Moderate,0,9-12h,genshin impact,410617.0
GD0203,21,Male,Student,2,12.0,Mobile Games,genshin impact,Mobile,389.7,Average,1.31,5.0,1.1,9,2.8,3.8,Very Poor,Sometimes,True,True,True,0.9,Depressed,Rarely,False,False,False,Moderate,0,9-12h,genshin impact,437991.0
GD0203,21,Male,Student,2,12.0,Mobile Games,genshin impact,Mobile,389.7,Average,1.31,5.0,1.1,9,2.8,3.8,Very Poor,Sometimes,True,True,True,0.9,Depressed,Rarely,False,False,False,Moderate,0,9-12h,genshin impact,410618.0
GD0203,21,Male,Student,2,12.0,Mobile Games,genshin impact,Mobile,389.7,Average,1.31,5.0,1.1,9,2.8,3.8,Very Poor,Sometimes,True,True,True,0.9,Depressed,Rarely,False,False,False,Moderate,0,9-12h,genshin impact,748280.0
GD0204,22,Male,Student,3,5.4,MMO,world of warcraft,Mobile,39.77,Below Average,1.07,1.0,10.9,3,6.4,5.5,Good,Often,False,False,False,0.3,Excited,Rarely,False,False,False,Low,0,3-6h,,N/A
GD0205,19,Female,Student,4,4.0,Strategy,starcraft ii,PC,46.13,Average,1.85,1.0,8.2,2,6.6,6.9,Fair,Often,False,False,False,0.4,Angry,Daily,False,False,False,Low,0,3-6h,,N/A
GD0206,14,Female,Student,4,4.7,MOBA,dota 2,Mobile,87.51,Good,3.44,,8.3,3,7.3,5.5,Poor,Sometimes,True,False,True,1.1,Withdrawn,Sometimes,False,False,False,Low,0,3-6h,dota 2,570.0
GD0207,21,Male,Student,11,2.7,MMO,elder scrolls online,PC,12.31,Good,3.69,3.0,12.0,1,6.8,8.2,Good,Often,False,False,False,0.6,Angry,Sometimes,False,False,False,Low,0,0-3h,,N/A
GD0208,20,Male,Student,1,7.2,Strategy,sid meier's civilization vi,Mobile,123.4,Failing,2.58,8.0,3.6,5,8.0,4.3,Very Poor,Always,False,True,True,0.6,Irritable,Sometimes,True,True,False,High,2,6-9h,sid meier's civilization vi,335483.0
GD0208,20,Male,Student,1,7.2,Strategy,sid meier's civilization vi,Mobile,123.4,Failing,2.58,8.0,3.6,5,8.0,4.3,Very Poor,Always,False,True,True,0.6,Irritable,Sometimes,True,True,False,High,2,6-9h,sid meier's civilization vi,335482.0
GD0208,20,Male,Student,1,7.2,Strategy,sid meier's civilization vi,Mobile,123.4,Failing,2.58,8.0,3.6,5,8.0,4.3,Very Poor,Always,False,True,True,0.6,Irritable,Sometimes,True,True,False,High,2,6-9h,sid meier's civilization vi,336792.0
GD0209,27,Male,Professional,7,3.9,Strategy,starcraft ii,Multi-platform,18.05,Below Average,,6.0,11.2,1,6.1,6.9,Poor,Always,False,False,False,0.1,Excited,Never,False,False,False,Low,0,3-6h,,N/A
GD0210,24,Other,Professional,5,12.9,Mobile Games,clash of clans,Console,189.43,Failing,,10.0,1.4,7,4.9,5.5,Fair,Rarely,True,False,True,2.6,Irritable,Daily,True,False,False,High,1,12h+,,N/A
GD0211,21,Male,Student,7,5.1,MOBA,dota 2,PC,47.43,Good,1.28,1.0,7.2,4,9.2,6.7,Fair,Always,True,False,True,1.4,Irritable,Never,False,False,False,Low,0,3-6h,dota 2,570.0
GD0212,21,Male,Student,4,8.8,MMO,elder scrolls online,Multi-platform,462.75,Below Average,3.2,10.0,5.7,5,5.9,5.6,Poor,Rarely,True,True,True,3.6,Angry,Never,False,True,True,Severe,2,6-9h,,N/A
GD0213,19,Male,Student,1,5.2,Strategy,starcraft ii,Mobile,60.25,Good,3.7,2.0,8.5,2,7.9,6.3,Good,Rarely,True,False,True,2.0,Restless,Often,False,False,False,Low,0,3-6h,,N/A
GD0214,20,Male,Student,1,6.2,Mobile Games,pubg mobile,Console,109.33,Good,2.19,3.0,10.6,3,6.7,5.3,Fair,Never,True,True,True,0.1,Angry,Never,False,False,False,Low,0,3-6h,,N/A
GD0215,19,Female,Student,5,4.3,MMO,final fantasy xiv online,Mobile,12.63,Average,3.09,3.0,8.1,3,6.3,5.3,Fair,Sometimes,False,False,False,1.3,Normal,Sometimes,False,False,False,Low,0,3-6h,final fantasy xiv online,39210.0
GD0216,19,Male,Student,2,9.3,Mobile Games,genshin impact,Multi-platform,371.68,Poor,2.92,8.0,2.7,5,5.9,5.2,Very Poor,Sometimes,True,True,True,0.6,Restless,Rarely,False,False,True,High,1,9-12h,genshin impact,410617.0
GD0216,19,Male,Student,2,9.3,Mobile Games,genshin impact,Multi-platform,371.68,Poor,2.92,8.0,2.7,5,5.9,5.2,Very Poor,Sometimes,True,True,True,0.6,Restless,Rarely,False,False,True,High,1,9-12h,genshin impact,437991.0
GD0216,19,Male,Student,2,9.3,Mobile Games,genshin impact,Multi-platform,371.68,Poor,2.92,8.0,2.7,5,5.9,5.2,Very Poor,Sometimes,True,True,True,0.6,Restless,Rarely,False,False,True,High,1,9-12h,genshin impact,410618.0
GD0216,19,Male,Student,2,9.3,Mobile Games,genshin impact,Multi-platform,371.68,Poor,2.92,8.0,2.7,5,5.9,5.2,Very Poor,Sometimes,True,True,True,0.6,Restless,Rarely,False,False,True,High,1,9-12h,genshin impact,748280.0
GD0217,20,Male,Student,3,11.3,Strategy,starcraft ii,Mobile,485.6,Poor,2.86,2.0,3.7,6,2.6,5.9,Fair,Rarely,True,True,True,4.4,Anxious,Rarely,True,False,False,High,1,9-12h,,N/A
GD0218,22,Male,Student,9,11.0,FPS,overwatch,Mobile,96.98,Poor,3.23,4.0,0.0,10,3.5,4.3,Very Poor,Rarely,False,True,True,3.6,Anxious,Often,True,False,True,Severe,2,9-12h,,N/A
GD0219,17,Other,Student,5,7.1,Mobile Games,pubg mobile,Mobile,104.49,Poor,2.41,,5.3,3,4.8,5.4,Fair,Sometimes,True,True,True,1.3,Anxious,Rarely,False,False,False,Low,0,6-9h,,N/A
GD0220,17,Male,Student,2,4.6,RPG,skyrim,PC,17.42,Average,3.24,,9.1,3,7.2,5.7,Fair,Always,True,False,True,1.4,Normal,Sometimes,False,False,False,Low,0,3-6h,skyrim,2435.0
GD0221,20,Male,Student,2,3.2,MOBA,dota 2,Multi-platform,17.98,Good,3.65,9.0,12.2,3,9.4,7.2,Good,Often,False,False,False,1.4,Euphoric,Often,False,False,False,Low,0,0-3h,dota 2,570.0
GD0222,16,Male,Student,1,5.1,MMO,final fantasy xiv online,Multi-platform,130.26,Average,1.35,,7.2,3,8.0,6.6,Good,Sometimes,True,False,True,2.6,Restless,Sometimes,False,False,False,Low,0,3-6h,final fantasy xiv online,39210.0
GD0223,17,Male,Student,4,2.7,MOBA,dota 2,Console,43.38,Excellent,1.44,,11.6,1,9.1,8.6,Good,Rarely,False,False,False,0.8,Depressed,Rarely,False,False,False,Low,0,0-3h,dota 2,570.0
GD0224,20,Female,Student,7,2.7,Battle Royale,warzone,PC,37.91,Good,3.38,2.0,13.9,2,6.6,7.1,Fair,Rarely,False,False,False,0.6,Normal,Often,False,False,False,Low,0,0-3h,warzone,712230.0
GD0224,20,Female,Student,7,2.7,Battle Royale,warzone,PC,37.91,Good,3.38,2.0,13.9,2,6.6,7.1,Fair,Rarely,False,False,False,0.6,Normal,Often,False,False,False,Low,0,0-3h,warzone,2298160.0
GD0225,18,Male,Student,1,4.1,Strategy,starcraft ii,Multi-platform,34.75,Excellent,3.01,,9.9,3,8.9,5.8,Fair,Never,False,False,False,0.2,Anxious,Never,False,False,False,Low,0,3-6h,,N/A
GD0226,20,Female,Student,10,0.5,Strategy,age of empires,Mobile,22.38,Good,3.88,3.0,15.0,1,10.4,8.7,Good,Never,False,False,False,0.4,Irritable,Daily,False,False,False,Low,0,0-3h,,N/A
GD0227,19,Male,Student,5,7.1,MMO,final fantasy xiv online,Console,79.0,Below Average,2.45,4.0,3.7,5,8.5,4.3,Very Poor,Always,False,True,True,0.1,Euphoric,Often,False,True,False,Moderate,1,6-9h,final fantasy xiv online,39210.0
GD0228,19,Female,Student,6,7.8,MOBA,league of legends,Mobile,135.38,Poor,2.89,6.0,8.3,4,4.7,4.2,Fair,Sometimes,False,False,False,0.1,Depressed,Often,False,False,False,Low,0,6-9h,,N/A
GD0229,20,Female,Student,10,3.5,MOBA,mobile legends,Console,48.25,Average,3.22,3.0,8.5,2,10.0,5.0,Poor,Never,False,False,False,1.0,Restless,Often,False,False,False,Low,0,3-6h,,N/A
GD0230,19,Male,Student,6,8.7,Battle Royale,fortnite,Console,362.26,Below Average,3.47,2.0,3.2,5,6.4,3.3,Poor,Rarely,False,False,False,1.6,Normal,Rarely,True,False,False,High,1,6-9h,fortnite,18141.0
GD0230,19,Male,Student,6,8.7,Battle Royale,fortnite,Console,362.26,Below Average,3.47,2.0,3.2,5,6.4,3.3,Poor,Rarely,False,False,False,1.6,Normal,Rarely,True,False,False,High,1,6-9h,fortnite,417808.0
GD0230,19,Male,Student,6,8.7,Battle Royale,fortnite,Console,362.26,Below Average,3.47,2.0,3.2,5,6.4,3.3,Poor,Rarely,False,False,False,1.6,Normal,Rarely,True,False,False,High,1,6-9h,fortnite,18167.0
GD0230,19,Male,Student,6,8.7,Battle Royale,fortnite,Console,362.26,Below Average,3.47,2.0,3.2,5,6.4,3.3,Poor,Rarely,False,False,False,1.6,Normal,Rarely,True,False,False,High,1,6-9h,fortnite,18204.0
GD0231,19,Male,Student,6,8.2,Battle Royale,pubg,Multi-platform,18.61,Poor,2.47,7.0,4.0,5,5.4,5.9,Poor,Often,False,True,True,0.9,Depressed,Sometimes,True,False,True,High,2,6-9h,,N/A
GD0232,19,Female,Student,4,8.7,RPG,cyberpunk 2077,PC,428.62,Poor,1.97,10.0,7.2,6,4.8,4.2,Fair,Always,False,False,False,5.5,Anxious,Daily,False,True,False,High,1,6-9h,cyberpunk 2077,1091500.0
GD0232,19,Female,Student,4,8.7,RPG,cyberpunk 2077,PC,428.62,Poor,1.97,10.0,7.2,6,4.8,4.2,Fair,Always,False,False,False,5.5,Anxious,Daily,False,True,False,High,1,6-9h,cyberpunk 2077,487113.0
GD0232,19,Female,Student,4,8.7,RPG,cyberpunk 2077,PC,428.62,Poor,1.97,10.0,7.2,6,4.8,4.2,Fair,Always,False,False,False,5.5,Anxious,Daily,False,True,False,High,1,6-9h,cyberpunk 2077,421702.0
GD0232,19,Female,Student,4,8.7,RPG,cyberpunk 2077,PC,428.62,Poor,1.97,10.0,7.2,6,4.8,4.2,Fair,Always,False,False,False,5.5,Anxious,Daily,False,True,False,High,1,6-9h,cyberpunk 2077,421362.0
GD0233,27,Male,Professional,8,6.0,MOBA,dota 2,PC,74.07,Below Average,,3.0,5.0,5,5.3,5.7,Good,Often,True,False,True,1.2,Depressed,Daily,False,False,False,Low,0,3-6h,dota 2,570.0
GD0234,18,Female,Student,6,5.9,FPS,overwatch,Mobile,25.16,Average,2.37,,6.1,3,6.2,5.2,Fair,Always,True,True,True,3.1,Euphoric,Often,False,True,False,Moderate,1,3-6h,,N/A
GD0235,23,Male,Professional,2,5.2,Mobile Games,clash of clans,Mobile,103.9,Excellent,,2.0,9.6,2,8.4,5.9,Fair,Sometimes,True,False,True,1.5,Excited,Rarely,False,False,False,Low,0,3-6h,,N/A
GD0236,21,Male,Student,11,5.5,MMO,final fantasy xiv online,PC,121.44,Excellent,2.35,10.0,5.3,3,8.7,5.3,Good,Rarely,False,False,False,3.9,Restless,Often,False,True,False,Moderate,1,3-6h,final fantasy xiv online,39210.0
GD0237,17,Male,Student,4,7.5,MOBA,league of legends,Mobile,145.06,Below Average,2.62,,4.5,5,7.7,3.4,Very Poor,Rarely,True,False,True,0.2,Anxious,Never,False,False,True,Moderate,1,6-9h,,N/A
GD0238,26,Female,Professional,14,8.8,MMO,elder scrolls online,PC,430.82,Average,,9.0,1.6,6,5.9,4.9,Poor,Often,False,True,True,3.5,Euphoric,Rarely,True,True,True,Severe,3,6-9h,,N/A
GD0239,20,Female,Student,2,5.7,RPG,elden ring,Mobile,60.72,Average,2.25,3.0,8.5,5,8.7,5.5,Fair,Sometimes,False,True,True,0.3,Euphoric,Daily,False,True,False,Moderate,1,3-6h,elden ring,1245620.0
GD0239,20,Female,Student,2,5.7,RPG,elden ring,Mobile,60.72,Average,2.25,3.0,8.5,5,8.7,5.5,Fair,Sometimes,False,True,True,0.3,Euphoric,Daily,False,True,False,Moderate,1,3-6h,elden ring,489212.0
GD0240,22,Female,Student,7,10.9,FPS,call of duty,PC,247.59,Poor,3.74,9.0,0.0,8,5.2,5.2,Very Poor,Never,True,True,True,3.0,Irritable,Never,True,True,False,Severe,2,9-12h,,N/A
GD0241,17,Male,Student,4,2.3,FPS,overwatch,Mobile,35.91,Good,1.39,,12.7,4,7.0,8.7,Good,Often,False,False,False,0.8,Restless,Often,False,False,False,Low,0,0-3h,,N/A
GD0242,24,Male,Professional,7,0.7,FPS,valorant,Multi-platform,6.93,Average,,5.0,11.0,1,9.5,8.3,Good,Often,False,False,False,0.3,Normal,Daily,False,False,False,Low,0,0-3h,valorant,682668.0
GD0242,24,Male,Professional,7,0.7,FPS,valorant,Multi-platform,6.93,Average,,5.0,11.0,1,9.5,8.3,Good,Often,False,False,False,0.3,Normal,Daily,False,False,False,Low,0,0-3h,valorant,682740.0
GD0243,20,Male,Student,9,6.6,MMO,elder scrolls online,Console,50.22,Poor,3.02,3.0,7.5,3,8.1,3.8,Very Poor,Often,True,True,True,0.1,Angry,Sometimes,True,True,False,High,2,6-9h,,N/A
GD0244,19,Female,Student,3,9.3,FPS,counter-strike: global offensive,Multi-platform,195.86,Poor,3.51,5.0,4.6,5,6.1,3.0,Poor,Sometimes,True,False,True,2.3,Irritable,Daily,True,False,False,High,1,9-12h,counter-strike: global offensive,3468.0
GD0245,33,Female,Professional,20,2.7,FPS,overwatch,Mobile,31.35,Good,,6.0,10.7,2,8.3,8.7,Good,Rarely,False,False,False,1.0,Normal,Rarely,False,False,False,Low,0,0-3h,,N/A
GD0246,14,Male,Student,2,1.0,MMO,world of warcraft,Multi-platform,35.39,Below Average,2.33,,13.4,1,10.1,7.2,Fair,Often,False,False,False,0.4,Restless,Sometimes,False,False,False,Low,0,0-3h,,N/A
GD0247,20,Female,Student,2,8.9,Strategy,sid meier's civilization vi,Mobile,131.33,Poor,3.28,1.0,4.7,5,6.9,4.3,Fair,Rarely,True,True,True,3.4,Angry,Rarely,True,False,True,Severe,2,6-9h,sid meier's civilization vi,335483.0
GD0247,20,Female,Student,2,8.9,Strategy,sid meier's civilization vi,Mobile,131.33,Poor,3.28,1.0,4.7,5,6.9,4.3,Fair,Rarely,True,True,True,3.4,Angry,Rarely,True,False,True,Severe,2,6-9h,sid meier's civilization vi,335482.0
GD0247,20,Female,Student,2,8.9,Strategy,sid meier's civilization vi,Mobile,131.33,Poor,3.28,1.0,4.7,5,6.9,4.3,Fair,Rarely,True,True,True,3.4,Angry,Rarely,True,False,True,Severe,2,6-9h,sid meier's civilization vi,336792.0
GD0248,20,Male,Student,2,8.2,FPS,counter-strike: global offensive,Console,103.72,Failing,2.33,8.0,5.2,5,5.8,3.2,Poor,Never,False,True,True,3.6,Anxious,Rarely,False,False,True,Moderate,1,6-9h,counter-strike: global offensive,3468.0
GD0249,18,Male,Student,6,7.8,MMO,final fantasy xiv online,Mobile,89.41,Poor,3.65,,6.3,6,5.8,3.7,Very Poor,Sometimes,False,True,True,1.4,Euphoric,Never,True,True,True,Severe,3,6-9h,final fantasy xiv online,39210.0
GD0250,25,Female,Professional,9,3.9,Battle Royale,pubg,Console,17.57,Average,,2.0,12.4,2,8.2,6.3,Poor,Always,False,False,False,0.2,Irritable,Often,False,False,False,Low,0,3-6h,,N/A
GD0251,16,Male,Student,5,4.6,Battle Royale,pubg,Multi-platform,37.4,Below Average,3.2,,8.9,3,6.9,6.0,Very Poor,Sometimes,True,False,True,1.6,Restless,Often,False,False,False,Low,0,3-6h,,N/A
GD0252,20,Male,Student,4,8.2,MOBA,dota 2,PC,66.44,Below Average,2.21,6.0,6.4,6,6.6,5.0,Poor,Often,False,True,True,3.1,Restless,Sometimes,True,False,True,High,2,6-9h,dota 2,570.0
GD0253,18,Female,Student,6,7.3,Mobile Games,candy crush,Mobile,81.74,Excellent,2.27,,5.0,5,6.4,4.7,Very Poor,Always,True,False,True,2.8,Irritable,Never,True,True,False,High,2,6-9h,,N/A
GD0254,23,Female,Professional,11,2.0,MOBA,mobile legends,Console,20.74,Excellent,,10.0,13.7,1,10.6,8.7,Fair,Sometimes,False,False,False,0.5,Excited,Daily,False,False,False,Low,0,0-3h,,N/A
GD0255,19,Male,Student,7,5.5,RPG,cyberpunk 2077,Mobile,149.11,Poor,1.05,1.0,9.7,3,7.7,6.1,Fair,Rarely,False,False,False,2.8,Irritable,Daily,False,True,False,Moderate,1,3-6h,cyberpunk 2077,1091500.0
GD0255,19,Male,Student,7,5.5,RPG,cyberpunk 2077,Mobile,149.11,Poor,1.05,1.0,9.7,3,7.7,6.1,Fair,Rarely,False,False,False,2.8,Irritable,Daily,False,True,False,Moderate,1,3-6h,cyberpunk 2077,487113.0
GD0255,19,Male,Student,7,5.5,RPG,cyberpunk 2077,Mobile,149.11,Poor,1.05,1.0,9.7,3,7.7,6.1,Fair,Rarely,False,False,False,2.8,Irritable,Daily,False,True,False,Moderate,1,3-6h,cyberpunk 2077,421702.0
GD0255,19,Male,Student,7,5.5,RPG,cyberpunk 2077,Mobile,149.11,Poor,1.05,1.0,9.7,3,7.7,6.1,Fair,Rarely,False,False,False,2.8,Irritable,Daily,False,True,False,Moderate,1,3-6h,cyberpunk 2077,421362.0
GD0256,23,Male,Professional,8,4.4,Mobile Games,pubg mobile,PC,14.36,Average,,1.0,9.7,3,8.9,6.3,Fair,Often,False,False,False,0.5,Depressed,Rarely,False,False,False,Low,0,3-6h,,N/A
GD0257,20,Male,Student,6,7.9,FPS,overwatch,Console,89.96,Below Average,1.94,6.0,8.0,5,5.6,4.7,Good,Often,False,True,True,3.9,Withdrawn,Never,True,True,False,High,2,6-9h,,N/A
GD0258,27,Male,Professional,10,14.2,Strategy,starcraft ii,Multi-platform,73.8,Failing,,7.0,0.0,9,2.9,3.4,Very Poor,Rarely,True,True,True,4.4,Anxious,Rarely,False,False,False,Moderate,0,12h+,,N/A
GD0259,15,Male,Student,2,15.1,Strategy,age of empires,Multi-platform,435.38,Poor,3.72,,0.0,9,0.7,5.7,Fair,Sometimes,True,True,True,1.5,Restless,Never,False,False,False,Moderate,0,12h+,,N/A
GD0260,13,Female,Student,3,5.2,Mobile Games,pubg mobile,Multi-platform,92.86,Average,3.1,,8.8,3,8.9,5.5,Fair,Always,True,False,True,1.3,Normal,Never,False,False,False,Low,0,3-6h,,N/A
GD0261,19,Male,Student,1,10.6,MOBA,league of legends,Console,435.3,Failing,3.07,7.0,0.3,5,2.5,5.5,Good,Always,False,False,False,2.2,Anxious,Often,True,True,False,Severe,2,9-12h,,N/A
GD0262,26,Male,Professional,1,3.7,Mobile Games,pubg mobile,PC,18.82,Good,,1.0,7.4,3,6.2,5.0,Fair,Always,False,False,False,1.8,Restless,Daily,False,False,False,Low,0,3-6h,,N/A
GD0263,26,Female,Professional,14,8.2,Mobile Games,clash of clans,Multi-platform,134.24,Average,,9.0,8.0,5,7.0,4.1,Very Poor,Often,False,True,True,0.2,Anxious,Daily,False,False,False,Low,0,6-9h,,N/A
GD0264,20,Male,Student,7,10.3,MMO,elder scrolls online,Mobile,266.35,Below Average,1.53,9.0,4.2,7,4.3,3.2,Very Poor,Often,False,True,True,0.1,Euphoric,Sometimes,False,True,False,High,1,9-12h,,N/A
GD0265,17,Male,Student,4,9.3,RPG,elden ring,Console,366.44,Average,1.6,,4.1,8,6.6,4.8,Very Poor,Often,True,True,True,3.2,Anxious,Rarely,True,False,True,Severe,2,9-12h,elden ring,1245620.0
GD0265,17,Male,Student,4,9.3,RPG,elden ring,Console,366.44,Average,1.6,,4.1,8,6.6,4.8,Very Poor,Often,True,True,True,3.2,Anxious,Rarely,True,False,True,Severe,2,9-12h,elden ring,489212.0
GD0266,16,Male,Student,5,11.8,Mobile Games,pubg mobile,PC,270.57,Poor,2.69,,1.1,10,4.8,3.3,Very Poor,Rarely,True,False,True,2.7,Restless,Often,True,True,False,Severe,2,9-12h,,N/A
GD0267,13,Male,Student,1,9.8,RPG,cyberpunk 2077,Console,418.07,Below Average,2.05,,2.7,8,6.2,4.5,Poor,Sometimes,True,True,True,4.6,Restless,Rarely,True,True,False,Severe,2,9-12h,cyberpunk 2077,1091500.0
GD0267,13,Male,Student,1,9.8,RPG,cyberpunk 2077,Console,418.07,Below Average,2.05,,2.7,8,6.2,4.5,Poor,Sometimes,True,True,True,4.6,Restless,Rarely,True,True,False,Severe,2,9-12h,cyberpunk 2077,487113.0
GD0267,13,Male,Student,1,9.8,RPG,cyberpunk 2077,Console,418.07,Below Average,2.05,,2.7,8,6.2,4.5,Poor,Sometimes,True,True,True,4.6,Restless,Rarely,True,True,False,Severe,2,9-12h,cyberpunk 2077,421702.0
GD0267,13,Male,Student,1,9.8,RPG,cyberpunk 2077,Console,418.07,Below Average,2.05,,2.7,8,6.2,4.5,Poor,Sometimes,True,True,True,4.6,Restless,Rarely,True,True,False,Severe,2,9-12h,cyberpunk 2077,421362.0
GD0268,20,Female,Student,7,7.5,Mobile Games,candy crush,Multi-platform,83.3,Poor,1.41,2.0,3.6,4,7.5,4.3,Very Poor,Rarely,True,False,True,5.0,Withdrawn,Daily,True,True,False,High,2,6-9h,,N/A
GD0269,32,Female,Professional,6,6.6,FPS,counter-strike: global offensive,PC,77.47,Average,,3.0,9.4,6,5.2,3.7,Poor,Rarely,True,True,True,0.9,Irritable,Often,True,True,False,High,2,6-9h,counter-strike: global offensive,3468.0
GD0270,20,Female,Student,9,2.8,FPS,valorant,Console,13.4,Below Average,1.18,4.0,10.0,3,6.5,8.0,Good,Never,False,False,False,1.3,Excited,Daily,False,False,False,Low,0,0-3h,valorant,682668.0
GD0270,20,Female,Student,9,2.8,FPS,valorant,Console,13.4,Below Average,1.18,4.0,10.0,3,6.5,8.0,Good,Never,False,False,False,1.3,Excited,Daily,False,False,False,Low,0,0-3h,valorant,682740.0
GD0271,25,Female,Professional,3,12.6,Battle Royale,warzone,PC,438.13,Average,,2.0,0.0,7,4.5,4.8,Very Poor,Sometimes,True,True,True,0.5,Euphoric,Rarely,True,True,True,Severe,3,12h+,warzone,712230.0
GD0271,25,Female,Professional,3,12.6,Battle Royale,warzone,PC,438.13,Average,,2.0,0.0,7,4.5,4.8,Very Poor,Sometimes,True,True,True,0.5,Euphoric,Rarely,True,True,True,Severe,3,12h+,warzone,2298160.0
GD0272,30,Male,Professional,12,5.0,MOBA,mobile legends,Multi-platform,106.3,Average,,9.0,10.5,4,7.1,6.9,Fair,Rarely,True,False,True,1.0,Irritable,Sometimes,False,False,False,Low,0,3-6h,,N/A
GD0273,27,Female,Professional,8,5.4,FPS,counter-strike: global offensive,Multi-platform,106.06,Average,,7.0,11.3,3,9.5,5.3,Good,Sometimes,False,False,False,1.0,Depressed,Often,False,False,False,Low,0,3-6h,counter-strike: global offensive,3468.0
GD0274,17,Male,Student,3,5.3,FPS,counter-strike: global offensive,Mobile,122.21,Average,2.18,,6.5,1,6.1,6.5,Fair,Sometimes,True,False,True,2.0,Euphoric,Never,False,False,False,Low,0,3-6h,counter-strike: global offensive,3468.0
GD0275,25,Female,Professional,3,9.4,RPG,cyberpunk 2077,Mobile,469.94,Below Average,,9.0,4.4,6,7.4,4.8,Poor,Sometimes,True,True,True,1.7,Depressed,Rarely,False,False,False,Moderate,0,9-12h,cyberpunk 2077,1091500.0
GD0275,25,Female,Professional,3,9.4,RPG,cyberpunk 2077,Mobile,469.94,Below Average,,9.0,4.4,6,7.4,4.8,Poor,Sometimes,True,True,True,1.7,Depressed,Rarely,False,False,False,Moderate,0,9-12h,cyberpunk 2077,487113.0
GD0275,25,Female,Professional,3,9.4,RPG,cyberpunk 2077,Mobile,469.94,Below Average,,9.0,4.4,6,7.4,4.8,Poor,Sometimes,True,True,True,1.7,Depressed,Rarely,False,False,False,Moderate,0,9-12h,cyberpunk 2077,421702.0
GD0275,25,Female,Professional,3,9.4,RPG,cyberpunk 2077,Mobile,469.94,Below Average,,9.0,4.4,6,7.4,4.8,Poor,Sometimes,True,True,True,1.7,Depressed,Rarely,False,False,False,Moderate,0,9-12h,cyberpunk 2077,421362.0
GD0276,24,Male,Professional,5,7.8,Mobile Games,clash of clans,Mobile,93.67,Below Average,,10.0,7.6,5,5.2,4.8,Poor,Always,True,False,True,0.2,Irritable,Daily,False,False,False,Low,0,6-9h,,N/A
GD0277,22,Female,Student,1,5.1,RPG,skyrim,Console,24.45,Average,2.54,2.0,9.8,3,5.7,6.7,Good,Rarely,True,False,True,0.4,Angry,Often,False,False,False,Low,0,3-6h,skyrim,2435.0
GD0278,19,Female,Student,2,1.9,RPG,cyberpunk 2077,Mobile,23.64,Good,1.14,8.0,15.3,2,7.4,7.4,Good,Sometimes,False,False,False,0.5,Angry,Never,False,False,False,Low,0,0-3h,cyberpunk 2077,1091500.0
GD0278,19,Female,Student,2,1.9,RPG,cyberpunk 2077,Mobile,23.64,Good,1.14,8.0,15.3,2,7.4,7.4,Good,Sometimes,False,False,False,0.5,Angry,Never,False,False,False,Low,0,0-3h,cyberpunk 2077,487113.0
GD0278,19,Female,Student,2,1.9,RPG,cyberpunk 2077,Mobile,23.64,Good,1.14,8.0,15.3,2,7.4,7.4,Good,Sometimes,False,False,False,0.5,Angry,Never,False,False,False,Low,0,0-3h,cyberpunk 2077,421702.0
GD0278,19,Female,Student,2,1.9,RPG,cyberpunk 2077,Mobile,23.64,Good,1.14,8.0,15.3,2,7.4,7.4,Good,Sometimes,False,False,False,0.5,Angry,Never,False,False,False,Low,0,0-3h,cyberpunk 2077,421362.0
GD0279,15,Male,Student,1,8.8,Mobile Games,genshin impact,PC,83.42,Below Average,2.6,,7.1,7,7.0,5.4,Fair,Always,False,True,True,0.7,Depressed,Often,True,True,False,Severe,2,6-9h,genshin impact,410617.0
GD0279,15,Male,Student,1,8.8,Mobile Games,genshin impact,PC,83.42,Below Average,2.6,,7.1,7,7.0,5.4,Fair,Always,False,True,True,0.7,Depressed,Often,True,True,False,Severe,2,6-9h,genshin impact,437991.0
GD0279,15,Male,Student,1,8.8,Mobile Games,genshin impact,PC,83.42,Below Average,2.6,,7.1,7,7.0,5.4,Fair,Always,False,True,True,0.7,Depressed,Often,True,True,False,Severe,2,6-9h,genshin impact,410618.0
GD0279,15,Male,Student,1,8.8,Mobile Games,genshin impact,PC,83.42,Below Average,2.6,,7.1,7,7.0,5.4,Fair,Always,False,True,True,0.7,Depressed,Often,True,True,False,Severe,2,6-9h,genshin impact,748280.0
GD0280,16,Male,Student,6,1.8,RPG,skyrim,Mobile,35.0,Good,2.01,,11.8,1,10.1,8.5,Fair,Always,False,False,False,0.5,Normal,Often,False,False,False,Low,0,0-3h,skyrim,2435.0
GD0281,26,Female,Professional,14,2.9,Battle Royale,pubg,PC,33.83,Good,,6.0,14.3,3,9.7,9.0,Fair,Always,False,False,False,0.8,Normal,Daily,False,False,False,Low,0,0-3h,,N/A
GD0282,28,Male,Professional,7,3.5,Battle Royale,pubg,Multi-platform,2.01,Average,,10.0,7.7,1,7.6,6.5,Fair,Always,False,False,False,0.7,Withdrawn,Rarely,False,False,False,Low,0,3-6h,,N/A
GD0283,16,Male,Student,4,9.9,FPS,counter-strike: global offensive,PC,257.0,Below Average,3.99,,3.4,5,4.5,3.7,Good,Often,True,False,True,1.9,Withdrawn,Never,False,False,True,High,1,9-12h,counter-strike: global offensive,3468.0
GD0284,17,Male,Student,3,6.3,FPS,call of duty,Console,33.48,Below Average,3.66,,10.1,6,7.3,5.0,Fair,Rarely,True,False,True,1.8,Angry,Rarely,False,True,False,Moderate,1,3-6h,,N/A
GD0285,19,Male,Student,8,8.0,MOBA,league of legends,Mobile,18.98,Poor,1.09,6.0,2.9,4,7.1,5.4,Fair,Sometimes,True,True,True,1.0,Withdrawn,Often,True,False,False,Moderate,1,6-9h,,N/A
GD0286,22,Male,Student,8,3.8,Battle Royale,warzone,Console,31.5,Average,1.69,5.0,9.4,3,10.0,5.4,Good,Always,False,False,False,1.0,Depressed,Often,False,False,False,Low,0,3-6h,warzone,712230.0
GD0286,22,Male,Student,8,3.8,Battle Royale,warzone,Console,31.5,Average,1.69,5.0,9.4,3,10.0,5.4,Good,Always,False,False,False,1.0,Depressed,Often,False,False,False,Low,0,3-6h,warzone,2298160.0
GD0287,20,Male,Student,8,2.2,MMO,elder scrolls online,Mobile,0.65,Good,1.15,5.0,12.5,2,8.8,8.1,Good,Never,False,False,False,1.2,Excited,Rarely,False,False,False,Low,0,0-3h,,N/A
GD0288,17,Male,Student,5,3.6,FPS,overwatch,PC,15.92,Good,1.08,,10.2,3,6.4,6.1,Very Poor,Rarely,False,False,False,0.9,Restless,Sometimes,False,False,False,Low,0,3-6h,,N/A
GD0289,21,Male,Student,3,3.7,FPS,counter-strike: global offensive,PC,44.68,Excellent,2.74,4.0,7.5,3,6.1,6.9,Fair,Often,False,False,False,0.3,Euphoric,Often,False,False,False,Low,0,3-6h,counter-strike: global offensive,3468.0
GD0290,21,Female,Student,7,1.9,FPS,valorant,Multi-platform,16.75,Good,3.9,3.0,14.5,1,9.7,8.7,Good,Rarely,False,False,False,0.1,Withdrawn,Never,False,False,False,Low,0,0-3h,valorant,682668.0
GD0290,21,Female,Student,7,1.9,FPS,valorant,Multi-platform,16.75,Good,3.9,3.0,14.5,1,9.7,8.7,Good,Rarely,False,False,False,0.1,Withdrawn,Never,False,False,False,Low,0,0-3h,valorant,682740.0
GD0291,18,Male,Student,5,6.7,FPS,call of duty,PC,148.22,Poor,1.39,,5.4,4,7.5,3.6,Poor,Never,False,False,False,0.5,Withdrawn,Rarely,False,False,False,Low,0,6-9h,,N/A
GD0292,19,Male,Student,3,4.1,Battle Royale,pubg,Multi-platform,36.57,Below Average,2.36,5.0,11.5,2,8.1,5.3,Fair,Often,False,False,False,0.4,Irritable,Never,False,False,False,Low,0,3-6h,,N/A
GD0293,20,Male,Student,2,3.9,MOBA,league of legends,Mobile,42.46,Below Average,3.88,8.0,12.1,3,7.0,6.7,Good,Never,False,False,False,0.1,Irritable,Often,False,False,False,Low,0,3-6h,,N/A
GD0294,34,Male,Professional,16,2.8,Strategy,starcraft ii,PC,4.35,Excellent,,2.0,13.5,2,9.9,7.1,Good,Sometimes,False,False,False,0.9,Anxious,Rarely,False,False,False,Low,0,0-3h,,N/A
GD0295,20,Male,Student,1,8.4,MMO,world of warcraft,Mobile,18.07,Below Average,2.0,4.0,3.0,5,4.1,4.3,Fair,Sometimes,True,True,True,0.9,Angry,Rarely,True,True,False,High,2,6-9h,,N/A
GD0296,19,Female,Student,7,5.4,MOBA,mobile legends,Console,144.36,Average,2.94,3.0,11.1,3,6.7,6.4,Fair,Rarely,True,False,True,0.2,Irritable,Never,False,False,False,Low,0,3-6h,,N/A
GD0297,13,Male,Student,3,6.2,MMO,elder scrolls online,Console,75.94,Average,2.61,,10.4,4,6.6,5.7,Very Poor,Always,True,True,True,1.1,Irritable,Often,False,False,False,Low,0,3-6h,,N/A
GD0298,21,Male,Student,6,8.6,MOBA,dota 2,PC,394.83,Below Average,3.75,6.0,4.7,8,6.5,3.2,Very Poor,Sometimes,True,False,True,2.8,Restless,Daily,True,True,True,Severe,3,6-9h,dota 2,570.0
GD0299,20,Male,Student,7,7.6,Battle Royale,apex legends,Mobile,49.2,Poor,1.45,7.0,3.7,7,5.7,5.2,Fair,Rarely,True,False,True,2.1,Depressed,Rarely,True,False,True,High,2,6-9h,apex legends,176538.0
GD0299,20,Male,Student,7,7.6,Battle Royale,apex legends,Mobile,49.2,Poor,1.45,7.0,3.7,7,5.7,5.2,Fair,Rarely,True,False,True,2.1,Depressed,Rarely,True,False,True,High,2,6-9h,apex legends,495480.0
GD0299,20,Male,Student,7,7.6,Battle Royale,apex legends,Mobile,49.2,Poor,1.45,7.0,3.7,7,5.7,5.2,Fair,Rarely,True,False,True,2.1,Depressed,Rarely,True,False,True,High,2,6-9h,apex legends,176537.0
GD0300,24,Female,Professional,12,8.6,RPG,cyberpunk 2077,PC,142.09,Good,,7.0,6.9,7,5.0,3.8,Poor,Never,True,True,True,1.7,Irritable,Daily,True,True,False,Severe,2,6-9h,cyberpunk 2077,1091500.0
GD0300,24,Female,Professional,12,8.6,RPG,cyberpunk 2077,PC,142.09,Good,,7.0,6.9,7,5.0,3.8,Poor,Never,True,True,True,1.7,Irritable,Daily,True,True,False,Severe,2,6-9h,cyberpunk 2077,487113.0
GD0300,24,Female,Professional,12,8.6,RPG,cyberpunk 2077,PC,142.09,Good,,7.0,6.9,7,5.0,3.8,Poor,Never,True,True,True,1.7,Irritable,Daily,True,True,False,Severe,2,6-9h,cyberpunk 2077,421702.0
GD0300,24,Female,Professional,12,8.6,RPG,cyberpunk 2077,PC,142.09,Good,,7.0,6.9,7,5.0,3.8,Poor,Never,True,True,True,1.7,Irritable,Daily,True,True,False,Severe,2,6-9h,cyberpunk 2077,421362.0
GD0301,22,Female,Student,8,3.8,RPG,cyberpunk 2077,Multi-platform,16.03,Average,1.25,8.0,12.9,2,6.4,5.4,Poor,Never,False,False,False,1.5,Irritable,Often,False,False,False,Low,0,3-6h,cyberpunk 2077,1091500.0
GD0301,22,Female,Student,8,3.8,RPG,cyberpunk 2077,Multi-platform,16.03,Average,1.25,8.0,12.9,2,6.4,5.4,Poor,Never,False,False,False,1.5,Irritable,Often,False,False,False,Low,0,3-6h,cyberpunk 2077,487113.0
GD0301,22,Female,Student,8,3.8,RPG,cyberpunk 2077,Multi-platform,16.03,Average,1.25,8.0,12.9,2,6.4,5.4,Poor,Never,False,False,False,1.5,Irritable,Often,False,False,False,Low,0,3-6h,cyberpunk 2077,421702.0
GD0301,22,Female,Student,8,3.8,RPG,cyberpunk 2077,Multi-platform,16.03,Average,1.25,8.0,12.9,2,6.4,5.4,Poor,Never,False,False,False,1.5,Irritable,Often,False,False,False,Low,0,3-6h,cyberpunk 2077,421362.0
GD0302,17,Male,Student,5,6.2,MMO,final fantasy xiv online,PC,144.07,Average,3.16,,10.2,5,5.9,6.4,Good,Never,False,True,True,1.5,Anxious,Sometimes,False,True,False,Moderate,1,3-6h,final fantasy xiv online,39210.0
GD0303,18,Male,Student,6,4.9,Strategy,age of empires,Mobile,65.41,Good,3.45,,10.3,4,7.8,6.3,Poor,Sometimes,True,False,True,0.3,Irritable,Often,False,False,False,Low,0,3-6h,,N/A
GD0304,20,Female,Student,8,7.0,Strategy,starcraft ii,Console,99.51,Poor,1.73,5.0,4.9,5,6.2,3.7,Insomnia,Rarely,True,False,True,0.5,Anxious,Never,True,True,False,High,2,6-9h,,N/A
GD0305,19,Male,Student,4,6.1,RPG,elden ring,Console,96.25,Below Average,1.15,1.0,5.9,3,8.9,6.6,Fair,Sometimes,True,False,True,0.1,Euphoric,Never,False,True,False,Moderate,1,3-6h,elden ring,1245620.0
GD0305,19,Male,Student,4,6.1,RPG,elden ring,Console,96.25,Below Average,1.15,1.0,5.9,3,8.9,6.6,Fair,Sometimes,True,False,True,0.1,Euphoric,Never,False,True,False,Moderate,1,3-6h,elden ring,489212.0
GD0306,22,Male,Student,10,6.0,Battle Royale,warzone,PC,41.72,Good,3.24,5.0,7.0,4,7.0,7.0,Poor,Sometimes,True,True,True,1.6,Anxious,Never,False,False,False,Low,0,3-6h,warzone,712230.0
GD0306,22,Male,Student,10,6.0,Battle Royale,warzone,PC,41.72,Good,3.24,5.0,7.0,4,7.0,7.0,Poor,Sometimes,True,True,True,1.6,Anxious,Never,False,False,False,Low,0,3-6h,warzone,2298160.0
GD0307,19,Male,Student,1,7.8,MMO,world of warcraft,Multi-platform,58.16,Good,3.5,10.0,7.5,4,5.5,3.5,Poor,Often,False,False,False,1.5,Withdrawn,Rarely,True,False,True,High,2,6-9h,,N/A
GD0308,19,Male,Student,6,8.2,RPG,cyberpunk 2077,Mobile,54.27,Average,3.66,6.0,7.8,5,5.1,4.4,Insomnia,Always,True,True,True,3.2,Irritable,Never,True,True,True,Severe,3,6-9h,cyberpunk 2077,1091500.0
GD0308,19,Male,Student,6,8.2,RPG,cyberpunk 2077,Mobile,54.27,Average,3.66,6.0,7.8,5,5.1,4.4,Insomnia,Always,True,True,True,3.2,Irritable,Never,True,True,True,Severe,3,6-9h,cyberpunk 2077,487113.0
GD0308,19,Male,Student,6,8.2,RPG,cyberpunk 2077,Mobile,54.27,Average,3.66,6.0,7.8,5,5.1,4.4,Insomnia,Always,True,True,True,3.2,Irritable,Never,True,True,True,Severe,3,6-9h,cyberpunk 2077,421702.0
GD0308,19,Male,Student,6,8.2,RPG,cyberpunk 2077,Mobile,54.27,Average,3.66,6.0,7.8,5,5.1,4.4,Insomnia,Always,True,True,True,3.2,Irritable,Never,True,True,True,Severe,3,6-9h,cyberpunk 2077,421362.0
GD0309,25,Female,Professional,2,6.6,Mobile Games,candy crush,Multi-platform,33.83,Poor,,9.0,9.2,4,6.4,5.3,Poor,Often,False,True,True,2.9,Restless,Rarely,True,True,False,High,2,6-9h,,N/A
GD0310,16,Male,Student,3,1.9,Mobile Games,pubg mobile,Console,17.48,Good,3.14,,12.6,1,8.2,7.2,Fair,Always,False,False,False,0.4,Normal,Sometimes,False,False,False,Low,0,0-3h,,N/A
GD0311,19,Female,Student,5,4.8,MMO,world of warcraft,PC,111.95,Good,2.02,3.0,7.0,4,7.9,6.5,Very Poor,Never,True,False,True,2.0,Euphoric,Never,False,False,False,Low,0,3-6h,,N/A
GD0312,19,Male,Student,6,7.1,MOBA,dota 2,PC,117.05,Failing,3.78,4.0,6.6,3,5.7,3.3,Fair,Rarely,True,False,True,1.8,Irritable,Rarely,True,False,False,Moderate,1,6-9h,dota 2,570.0
GD0313,19,Female,Student,9,2.3,MMO,final fantasy xiv online,Mobile,13.66,Below Average,1.48,7.0,11.5,1,9.7,8.3,Very Poor,Rarely,False,False,False,0.1,Irritable,Sometimes,False,False,False,Low,0,0-3h,final fantasy xiv online,39210.0
GD0314,30,Male,Professional,4,3.5,MMO,elder scrolls online,PC,45.36,Average,,3.0,8.6,3,6.2,5.1,Fair,Sometimes,False,False,False,0.4,Normal,Daily,False,False,False,Low,0,3-6h,,N/A
GD0315,19,Male,Student,3,6.2,Strategy,age of empires,Mobile,36.33,Below Average,1.77,1.0,9.4,3,8.4,6.4,Poor,Often,False,True,True,2.4,Anxious,Rarely,False,False,False,Low,0,3-6h,,N/A
GD0316,15,Female,Student,5,6.8,MOBA,dota 2,PC,125.63,Below Average,3.27,,6.1,3,6.6,5.3,Good,Sometimes,False,True,True,1.7,Anxious,Never,False,False,False,Low,0,6-9h,dota 2,570.0
GD0317,18,Male,Student,8,3.8,RPG,elden ring,PC,3.71,Good,3.74,,13.0,2,9.4,5.2,Fair,Always,False,False,False,0.9,Anxious,Rarely,False,False,False,Low,0,3-6h,elden ring,1245620.0
GD0317,18,Male,Student,8,3.8,RPG,elden ring,PC,3.71,Good,3.74,,13.0,2,9.4,5.2,Fair,Always,False,False,False,0.9,Anxious,Rarely,False,False,False,Low,0,3-6h,elden ring,489212.0
GD0318,21,Male,Student,11,5.3,Mobile Games,clash of clans,Multi-platform,11.59,Average,2.24,2.0,8.2,3,7.9,6.2,Very Poor,Rarely,True,False,True,1.4,Restless,Daily,False,False,False,Low,0,3-6h,,N/A
GD0319,23,Male,Professional,4,9.4,Battle Royale,fortnite,PC,230.02,Poor,,6.0,3.1,6,6.7,3.5,Fair,Often,True,False,True,4.1,Normal,Rarely,False,True,True,Severe,2,9-12h,fortnite,18141.0
GD0319,23,Male,Professional,4,9.4,Battle Royale,fortnite,PC,230.02,Poor,,6.0,3.1,6,6.7,3.5,Fair,Often,True,False,True,4.1,Normal,Rarely,False,True,True,Severe,2,9-12h,fortnite,417808.0
GD0319,23,Male,Professional,4,9.4,Battle Royale,fortnite,PC,230.02,Poor,,6.0,3.1,6,6.7,3.5,Fair,Often,True,False,True,4.1,Normal,Rarely,False,True,True,Severe,2,9-12h,fortnite,18167.0
GD0319,23,Male,Professional,4,9.4,Battle Royale,fortnite,PC,230.02,Poor,,6.0,3.1,6,6.7,3.5,Fair,Often,True,False,True,4.1,Normal,Rarely,False,True,True,Severe,2,9-12h,fortnite,18204.0
GD0320,30,Male,Professional,1,8.3,MOBA,dota 2,PC,28.19,Average,,1.0,3.1,6,7.0,3.4,Very Poor,Sometimes,True,False,True,1.6,Angry,Daily,False,True,False,Moderate,1,6-9h,dota 2,570.0
GD0321,13,Male,Student,1,9.4,Mobile Games,candy crush,PC,209.9,Average,3.66,,3.6,7,5.7,5.3,Poor,Sometimes,True,True,True,0.8,Depressed,Sometimes,True,True,False,Severe,2,9-12h,,N/A
GD0322,20,Female,Student,2,5.2,FPS,valorant,Multi-platform,38.79,Below Average,2.76,7.0,6.5,4,7.2,5.3,Good,Often,False,False,False,1.2,Normal,Sometimes,False,False,False,Low,0,3-6h,valorant,682668.0
GD0322,20,Female,Student,2,5.2,FPS,valorant,Multi-platform,38.79,Below Average,2.76,7.0,6.5,4,7.2,5.3,Good,Often,False,False,False,1.2,Normal,Sometimes,False,False,False,Low,0,3-6h,valorant,682740.0
GD0323,16,Male,Student,4,8.3,RPG,elden ring,Multi-platform,15.74,Poor,1.8,,8.1,3,6.9,5.4,Poor,Never,True,True,True,3.1,Euphoric,Never,True,True,True,Severe,3,6-9h,elden ring,1245620.0
GD0323,16,Male,Student,4,8.3,RPG,elden ring,Multi-platform,15.74,Poor,1.8,,8.1,3,6.9,5.4,Poor,Never,True,True,True,3.1,Euphoric,Never,True,True,True,Severe,3,6-9h,elden ring,489212.0
GD0324,30,Male,Professional,11,4.4,Strategy,sid meier's civilization vi,Multi-platform,38.23,Average,,2.0,10.4,2,7.5,6.3,Good,Sometimes,False,False,False,1.6,Anxious,Rarely,False,False,False,Low,0,3-6h,sid meier's civilization vi,335483.0
GD0324,30,Male,Professional,11,4.4,Strategy,sid meier's civilization vi,Multi-platform,38.23,Average,,2.0,10.4,2,7.5,6.3,Good,Sometimes,False,False,False,1.6,Anxious,Rarely,False,False,False,Low,0,3-6h,sid meier's civilization vi,335482.0
GD0324,30,Male,Professional,11,4.4,Strategy,sid meier's civilization vi,Multi-platform,38.23,Average,,2.0,10.4,2,7.5,6.3,Good,Sometimes,False,False,False,1.6,Anxious,Rarely,False,False,False,Low,0,3-6h,sid meier's civilization vi,336792.0
GD0325,20,Male,Student,7,10.3,MMO,final fantasy xiv online,Mobile,420.51,Poor,1.12,4.0,4.5,6,4.2,5.0,Poor,Never,False,True,True,1.9,Anxious,Rarely,True,True,False,Severe,2,9-12h,final fantasy xiv online,39210.0
GD0326,20,Male,Student,7,9.8,RPG,elden ring,PC,362.82,Below Average,3.74,4.0,2.9,8,3.6,3.6,Poor,Never,False,False,False,0.6,Irritable,Rarely,True,True,False,Severe,2,9-12h,elden ring,1245620.0
GD0326,20,Male,Student,7,9.8,RPG,elden ring,PC,362.82,Below Average,3.74,4.0,2.9,8,3.6,3.6,Poor,Never,False,False,False,0.6,Irritable,Rarely,True,True,False,Severe,2,9-12h,elden ring,489212.0
GD0327,14,Female,Student,2,12.2,Battle Royale,pubg,Console,98.66,Average,3.98,,0.0,7,2.4,4.0,Good,Sometimes,True,True,True,1.3,Depressed,Often,True,False,False,High,1,12h+,,N/A
GD0328,25,Male,Professional,3,0.5,Strategy,sid meier's civilization vi,Multi-platform,34.47,Good,,1.0,14.1,1,8.0,7.7,Fair,Always,False,False,False,0.5,Normal,Daily,False,False,False,Low,0,0-3h,sid meier's civilization vi,335483.0
GD0328,25,Male,Professional,3,0.5,Strategy,sid meier's civilization vi,Multi-platform,34.47,Good,,1.0,14.1,1,8.0,7.7,Fair,Always,False,False,False,0.5,Normal,Daily,False,False,False,Low,0,0-3h,sid meier's civilization vi,335482.0
GD0328,25,Male,Professional,3,0.5,Strategy,sid meier's civilization vi,Multi-platform,34.47,Good,,1.0,14.1,1,8.0,7.7,Fair,Always,False,False,False,0.5,Normal,Daily,False,False,False,Low,0,0-3h,sid meier's civilization vi,336792.0
GD0329,20,Female,Student,1,5.5,FPS,call of duty,Multi-platform,88.16,Poor,3.78,8.0,6.0,3,7.3,6.3,Fair,Sometimes,True,False,True,2.5,Normal,Often,False,False,False,Low,0,3-6h,,N/A
GD0330,24,Male,Professional,6,6.8,Battle Royale,pubg,Mobile,99.36,Average,,3.0,6.6,6,4.9,3.6,Insomnia,Always,False,False,False,2.1,Irritable,Sometimes,True,True,False,High,2,6-9h,,N/A
GD0331,27,Female,Professional,12,0.6,Strategy,age of empires,Console,43.71,Below Average,,9.0,13.6,1,8.0,7.1,Very Poor,Never,False,False,False,0.2,Euphoric,Rarely,False,False,False,Low,0,0-3h,,N/A
GD0332,20,Female,Student,6,4.4,Mobile Games,pubg mobile,Mobile,40.73,Below Average,1.76,3.0,8.6,2,6.2,6.2,Fair,Often,False,False,False,1.0,Angry,Often,False,False,False,Low,0,3-6h,,N/A
GD0333,15,Male,Student,2,6.6,Battle Royale,warzone,Console,31.87,Failing,3.68,,6.2,5,7.4,5.0,Poor,Never,True,False,True,0.4,Restless,Rarely,True,True,False,High,2,6-9h,warzone,712230.0
GD0333,15,Male,Student,2,6.6,Battle Royale,warzone,Console,31.87,Failing,3.68,,6.2,5,7.4,5.0,Poor,Never,True,False,True,0.4,Restless,Rarely,True,True,False,High,2,6-9h,warzone,2298160.0
GD0334,26,Male,Professional,9,0.8,Mobile Games,genshin impact,Multi-platform,36.55,Average,,1.0,15.4,1,9.9,7.9,Good,Rarely,False,False,False,0.4,Normal,Often,False,False,False,Low,0,0-3h,genshin impact,410617.0
GD0334,26,Male,Professional,9,0.8,Mobile Games,genshin impact,Multi-platform,36.55,Average,,1.0,15.4,1,9.9,7.9,Good,Rarely,False,False,False,0.4,Normal,Often,False,False,False,Low,0,0-3h,genshin impact,437991.0
GD0334,26,Male,Professional,9,0.8,Mobile Games,genshin impact,Multi-platform,36.55,Average,,1.0,15.4,1,9.9,7.9,Good,Rarely,False,False,False,0.4,Normal,Often,False,False,False,Low,0,0-3h,genshin impact,410618.0
GD0334,26,Male,Professional,9,0.8,Mobile Games,genshin impact,Multi-platform,36.55,Average,,1.0,15.4,1,9.9,7.9,Good,Rarely,False,False,False,0.4,Normal,Often,False,False,False,Low,0,0-3h,genshin impact,748280.0
GD0335,18,Female,Student,4,6.5,Strategy,sid meier's civilization vi,PC,143.92,Below Average,1.71,,9.1,5,7.8,5.3,Very Poor,Never,True,False,True,0.7,Anxious,Rarely,False,False,False,Low,0,6-9h,sid meier's civilization vi,335483.0
GD0335,18,Female,Student,4,6.5,Strategy,sid meier's civilization vi,PC,143.92,Below Average,1.71,,9.1,5,7.8,5.3,Very Poor,Never,True,False,True,0.7,Anxious,Rarely,False,False,False,Low,0,6-9h,sid meier's civilization vi,335482.0
GD0335,18,Female,Student,4,6.5,Strategy,sid meier's civilization vi,PC,143.92,Below Average,1.71,,9.1,5,7.8,5.3,Very Poor,Never,True,False,True,0.7,Anxious,Rarely,False,False,False,Low,0,6-9h,sid meier's civilization vi,336792.0
GD0336,26,Male,Professional,14,10.4,RPG,elden ring,Mobile,65.47,Poor,,2.0,2.6,7,6.5,4.2,Fair,Always,True,False,True,2.2,Anxious,Never,False,False,True,High,1,9-12h,elden ring,1245620.0
GD0336,26,Male,Professional,14,10.4,RPG,elden ring,Mobile,65.47,Poor,,2.0,2.6,7,6.5,4.2,Fair,Always,True,False,True,2.2,Anxious,Never,False,False,True,High,1,9-12h,elden ring,489212.0
GD0337,18,Male,Student,2,3.2,Battle Royale,pubg,Multi-platform,34.09,Average,2.45,,13.9,1,10.2,8.2,Good,Never,False,False,False,0.8,Normal,Never,False,False,False,Low,0,0-3h,,N/A
GD0338,23,Female,Professional,13,7.0,Strategy,starcraft ii,Mobile,134.49,Poor,,4.0,8.8,5,6.1,3.3,Very Poor,Often,True,True,True,0.0,Anxious,Never,False,True,False,Moderate,1,6-9h,,N/A
GD0339,19,Male,Student,5,2.6,RPG,skyrim,Console,27.14,Good,2.62,7.0,9.1,2,6.6,8.7,Good,Often,False,False,False,1.1,Euphoric,Rarely,False,False,False,Low,0,0-3h,skyrim,2435.0
GD0340,32,Male,Professional,7,7.4,RPG,elden ring,Multi-platform,110.37,Poor,,3.0,4.1,5,7.3,4.7,Poor,Never,True,False,True,1.8,Withdrawn,Often,False,True,False,Moderate,1,6-9h,elden ring,1245620.0
GD0340,32,Male,Professional,7,7.4,RPG,elden ring,Multi-platform,110.37,Poor,,3.0,4.1,5,7.3,4.7,Poor,Never,True,False,True,1.8,Withdrawn,Often,False,True,False,Moderate,1,6-9h,elden ring,489212.0
GD0341,24,Male,Professional,12,4.0,Battle Royale,apex legends,Multi-platform,1.34,Poor,,5.0,12.6,3,9.1,6.7,Poor,Rarely,False,False,False,1.5,Irritable,Daily,False,False,False,Low,0,3-6h,apex legends,176538.0
GD0341,24,Male,Professional,12,4.0,Battle Royale,apex legends,Multi-platform,1.34,Poor,,5.0,12.6,3,9.1,6.7,Poor,Rarely,False,False,False,1.5,Irritable,Daily,False,False,False,Low,0,3-6h,apex legends,495480.0
GD0341,24,Male,Professional,12,4.0,Battle Royale,apex legends,Multi-platform,1.34,Poor,,5.0,12.6,3,9.1,6.7,Poor,Rarely,False,False,False,1.5,Irritable,Daily,False,False,False,Low,0,3-6h,apex legends,176537.0
GD0342,33,Male,Professional,5,4.3,MMO,elder scrolls online,Mobile,2.87,Average,,10.0,9.6,3,6.1,5.5,Fair,Often,False,False,False,0.2,Angry,Rarely,False,False,False,Low,0,3-6h,,N/A
GD0343,26,Male,Professional,5,10.7,Battle Royale,fortnite,Multi-platform,129.73,Failing,,7.0,0.6,7,4.3,5.6,Poor,Sometimes,False,False,False,5.6,Restless,Sometimes,True,False,True,Severe,2,9-12h,fortnite,18141.0
GD0343,26,Male,Professional,5,10.7,Battle Royale,fortnite,Multi-platform,129.73,Failing,,7.0,0.6,7,4.3,5.6,Poor,Sometimes,False,False,False,5.6,Restless,Sometimes,True,False,True,Severe,2,9-12h,fortnite,417808.0
GD0343,26,Male,Professional,5,10.7,Battle Royale,fortnite,Multi-platform,129.73,Failing,,7.0,0.6,7,4.3,5.6,Poor,Sometimes,False,False,False,5.6,Restless,Sometimes,True,False,True,Severe,2,9-12h,fortnite,18167.0
GD0343,26,Male,Professional,5,10.7,Battle Royale,fortnite,Multi-platform,129.73,Failing,,7.0,0.6,7,4.3,5.6,Poor,Sometimes,False,False,False,5.6,Restless,Sometimes,True,False,True,Severe,2,9-12h,fortnite,18204.0
GD0344,19,Male,Student,6,5.3,FPS,call of duty,Multi-platform,116.49,Poor,1.18,10.0,6.0,5,6.3,6.1,Good,Often,True,False,True,1.5,Restless,Never,False,False,False,Low,0,3-6h,,N/A
GD0345,27,Female,Professional,11,0.6,RPG,elden ring,Mobile,36.67,Excellent,,10.0,11.7,1,9.1,9.0,Fair,Rarely,False,False,False,0.2,Euphoric,Sometimes,False,False,False,Low,0,0-3h,elden ring,1245620.0
GD0345,27,Female,Professional,11,0.6,RPG,elden ring,Mobile,36.67,Excellent,,10.0,11.7,1,9.1,9.0,Fair,Rarely,False,False,False,0.2,Euphoric,Sometimes,False,False,False,Low,0,0-3h,elden ring,489212.0
GD0346,25,Male,Professional,10,5.1,FPS,valorant,Multi-platform,76.51,Below Average,,7.0,11.5,3,9.0,6.0,Very Poor,Sometimes,True,False,True,0.7,Depressed,Often,False,False,False,Low,0,3-6h,valorant,682668.0
GD0346,25,Male,Professional,10,5.1,FPS,valorant,Multi-platform,76.51,Below Average,,7.0,11.5,3,9.0,6.0,Very Poor,Sometimes,True,False,True,0.7,Depressed,Often,False,False,False,Low,0,3-6h,valorant,682740.0
GD0347,17,Male,Student,3,4.2,Strategy,sid meier's civilization vi,Console,10.39,Average,3.36,,7.6,3,6.7,6.2,Poor,Sometimes,False,False,False,0.9,Normal,Sometimes,False,False,False,Low,0,3-6h,sid meier's civilization vi,335483.0
GD0347,17,Male,Student,3,4.2,Strategy,sid meier's civilization vi,Console,10.39,Average,3.36,,7.6,3,6.7,6.2,Poor,Sometimes,False,False,False,0.9,Normal,Sometimes,False,False,False,Low,0,3-6h,sid meier's civilization vi,335482.0
GD0347,17,Male,Student,3,4.2,Strategy,sid meier's civilization vi,Console,10.39,Average,3.36,,7.6,3,6.7,6.2,Poor,Sometimes,False,False,False,0.9,Normal,Sometimes,False,False,False,Low,0,3-6h,sid meier's civilization vi,336792.0
GD0348,17,Female,Student,3,10.6,Strategy,sid meier's civilization vi,Console,53.97,Poor,2.62,,3.8,6,3.6,3.6,Fair,Rarely,True,False,True,1.5,Depressed,Sometimes,False,False,False,Moderate,0,9-12h,sid meier's civilization vi,335483.0
GD0348,17,Female,Student,3,10.6,Strategy,sid meier's civilization vi,Console,53.97,Poor,2.62,,3.8,6,3.6,3.6,Fair,Rarely,True,False,True,1.5,Depressed,Sometimes,False,False,False,Moderate,0,9-12h,sid meier's civilization vi,335482.0
GD0348,17,Female,Student,3,10.6,Strategy,sid meier's civilization vi,Console,53.97,Poor,2.62,,3.8,6,3.6,3.6,Fair,Rarely,True,False,True,1.5,Depressed,Sometimes,False,False,False,Moderate,0,9-12h,sid meier's civilization vi,336792.0
GD0349,23,Female,Professional,12,4.4,FPS,counter-strike: global offensive,Multi-platform,22.6,Below Average,,9.0,9.6,3,9.6,7.0,Very Poor,Always,False,False,False,1.1,Irritable,Never,False,False,False,Low,0,3-6h,counter-strike: global offensive,3468.0
GD0350,20,Male,Student,9,5.8,Strategy,age of empires,PC,131.01,Average,3.2,2.0,10.7,4,7.2,6.8,Fair,Rarely,True,False,True,0.9,Anxious,Daily,False,True,False,Moderate,1,3-6h,,N/A
GD0351,30,Male,Professional,6,8.7,Battle Royale,fortnite,Multi-platform,189.93,Below Average,,5.0,3.5,5,4.5,4.6,Fair,Sometimes,False,True,True,2.4,Euphoric,Never,True,True,True,Severe,3,6-9h,fortnite,18141.0
GD0351,30,Male,Professional,6,8.7,Battle Royale,fortnite,Multi-platform,189.93,Below Average,,5.0,3.5,5,4.5,4.6,Fair,Sometimes,False,True,True,2.4,Euphoric,Never,True,True,True,Severe,3,6-9h,fortnite,417808.0
GD0351,30,Male,Professional,6,8.7,Battle Royale,fortnite,Multi-platform,189.93,Below Average,,5.0,3.5,5,4.5,4.6,Fair,Sometimes,False,True,True,2.4,Euphoric,Never,True,True,True,Severe,3,6-9h,fortnite,18167.0
GD0351,30,Male,Professional,6,8.7,Battle Royale,fortnite,Multi-platform,189.93,Below Average,,5.0,3.5,5,4.5,4.6,Fair,Sometimes,False,True,True,2.4,Euphoric,Never,True,True,True,Severe,3,6-9h,fortnite,18204.0
GD0352,17,Male,Student,2,4.7,Mobile Games,candy crush,PC,21.16,Average,1.47,,10.5,3,8.8,5.9,Fair,Often,False,False,False,2.0,Restless,Sometimes,False,False,False,Low,0,3-6h,,N/A
GD0353,19,Male,Student,1,2.1,FPS,overwatch,Mobile,14.14,Below Average,2.47,9.0,10.0,1,8.8,7.8,Good,Rarely,False,False,False,0.8,Angry,Sometimes,False,False,False,Low,0,0-3h,,N/A
GD0354,20,Female,Student,5,6.3,MMO,final fantasy xiv online,Console,12.48,Average,3.3,3.0,7.6,3,8.5,6.6,Good,Rarely,True,False,True,1.8,Euphoric,Rarely,False,True,False,Moderate,1,3-6h,final fantasy xiv online,39210.0
GD0355,15,Male,Student,4,6.2,Battle Royale,apex legends,PC,132.44,Good,1.34,,4.9,3,6.5,6.6,Fair,Rarely,True,False,True,1.1,Normal,Often,False,False,False,Low,0,3-6h,apex legends,176538.0
GD0355,15,Male,Student,4,6.2,Battle Royale,apex legends,PC,132.44,Good,1.34,,4.9,3,6.5,6.6,Fair,Rarely,True,False,True,1.1,Normal,Often,False,False,False,Low,0,3-6h,apex legends,495480.0
GD0355,15,Male,Student,4,6.2,Battle Royale,apex legends,PC,132.44,Good,1.34,,4.9,3,6.5,6.6,Fair,Rarely,True,False,True,1.1,Normal,Often,False,False,False,Low,0,3-6h,apex legends,176537.0
GD0356,19,Female,Student,4,5.0,Battle Royale,pubg,PC,36.55,Average,2.59,9.0,8.7,2,8.4,5.4,Poor,Rarely,True,False,True,2.0,Irritable,Often,False,False,False,Low,0,3-6h,,N/A
GD0357,19,Male,Student,4,5.5,MOBA,dota 2,Mobile,100.99,Average,3.78,7.0,6.2,4,7.4,5.2,Poor,Rarely,True,True,True,1.6,Irritable,Sometimes,False,True,False,Moderate,1,3-6h,dota 2,570.0
GD0358,21,Male,Student,1,1.7,RPG,cyberpunk 2077,PC,11.94,Excellent,1.28,4.0,10.9,1,9.3,7.9,Good,Often,False,False,False,0.2,Depressed,Sometimes,False,False,False,Low,0,0-3h,cyberpunk 2077,1091500.0
GD0358,21,Male,Student,1,1.7,RPG,cyberpunk 2077,PC,11.94,Excellent,1.28,4.0,10.9,1,9.3,7.9,Good,Often,False,False,False,0.2,Depressed,Sometimes,False,False,False,Low,0,0-3h,cyberpunk 2077,487113.0
GD0358,21,Male,Student,1,1.7,RPG,cyberpunk 2077,PC,11.94,Excellent,1.28,4.0,10.9,1,9.3,7.9,Good,Often,False,False,False,0.2,Depressed,Sometimes,False,False,False,Low,0,0-3h,cyberpunk 2077,421702.0
GD0358,21,Male,Student,1,1.7,RPG,cyberpunk 2077,PC,11.94,Excellent,1.28,4.0,10.9,1,9.3,7.9,Good,Often,False,False,False,0.2,Depressed,Sometimes,False,False,False,Low,0,0-3h,cyberpunk 2077,421362.0
GD0359,23,Female,Professional,7,4.6,MMO,world of warcraft,Multi-platform,90.9,Failing,,2.0,11.8,5,7.2,5.9,Good,Never,True,False,True,0.6,Depressed,Sometimes,False,False,False,Low,0,3-6h,,N/A
GD0360,18,Male,Student,3,6.5,RPG,cyberpunk 2077,Console,90.46,Failing,2.7,,4.3,4,7.6,3.2,Very Poor,Rarely,False,False,False,0.9,Angry,Rarely,True,False,False,Moderate,1,6-9h,cyberpunk 2077,1091500.0
GD0360,18,Male,Student,3,6.5,RPG,cyberpunk 2077,Console,90.46,Failing,2.7,,4.3,4,7.6,3.2,Very Poor,Rarely,False,False,False,0.9,Angry,Rarely,True,False,False,Moderate,1,6-9h,cyberpunk 2077,487113.0
GD0360,18,Male,Student,3,6.5,RPG,cyberpunk 2077,Console,90.46,Failing,2.7,,4.3,4,7.6,3.2,Very Poor,Rarely,False,False,False,0.9,Angry,Rarely,True,False,False,Moderate,1,6-9h,cyberpunk 2077,421702.0
GD0360,18,Male,Student,3,6.5,RPG,cyberpunk 2077,Console,90.46,Failing,2.7,,4.3,4,7.6,3.2,Very Poor,Rarely,False,False,False,0.9,Angry,Rarely,True,False,False,Moderate,1,6-9h,cyberpunk 2077,421362.0
GD0361,19,Male,Student,7,6.6,MOBA,dota 2,PC,111.93,Average,3.91,3.0,5.3,4,8.3,5.8,Very Poor,Sometimes,True,True,True,0.2,Depressed,Rarely,True,False,False,Moderate,1,6-9h,dota 2,570.0
GD0362,22,Male,Student,10,6.6,MOBA,league of legends,Mobile,22.27,Poor,1.74,9.0,6.2,5,7.6,3.9,Poor,Never,True,True,True,3.4,Irritable,Rarely,True,False,False,Moderate,1,6-9h,,N/A
GD0363,26,Male,Professional,12,8.7,MMO,world of warcraft,Console,423.75,Poor,,3.0,1.6,7,7.2,3.1,Poor,Often,True,True,True,0.9,Irritable,Sometimes,True,True,False,Severe,2,6-9h,,N/A
GD0364,20,Male,Student,5,5.8,Battle Royale,warzone,Console,50.13,Average,3.99,9.0,7.4,4,8.2,6.1,Poor,Rarely,True,True,True,2.1,Restless,Often,False,False,False,Low,0,3-6h,warzone,712230.0
GD0364,20,Male,Student,5,5.8,Battle Royale,warzone,Console,50.13,Average,3.99,9.0,7.4,4,8.2,6.1,Poor,Rarely,True,True,True,2.1,Restless,Often,False,False,False,Low,0,3-6h,warzone,2298160.0
GD0365,17,Male,Student,4,9.9,Strategy,starcraft ii,Multi-platform,162.18,Poor,1.4,,3.2,6,6.4,4.7,Poor,Never,True,True,True,0.7,Euphoric,Sometimes,True,False,False,High,1,9-12h,,N/A
GD0366,15,Male,Student,2,10.4,Strategy,sid meier's civilization vi,Multi-platform,157.76,Below Average,3.03,,3.0,7,4.9,3.1,Very Poor,Often,True,True,True,2.5,Restless,Daily,True,False,False,High,1,9-12h,sid meier's civilization vi,335483.0
GD0366,15,Male,Student,2,10.4,Strategy,sid meier's civilization vi,Multi-platform,157.76,Below Average,3.03,,3.0,7,4.9,3.1,Very Poor,Often,True,True,True,2.5,Restless,Daily,True,False,False,High,1,9-12h,sid meier's civilization vi,335482.0
GD0366,15,Male,Student,2,10.4,Strategy,sid meier's civilization vi,Multi-platform,157.76,Below Average,3.03,,3.0,7,4.9,3.1,Very Poor,Often,True,True,True,2.5,Restless,Daily,True,False,False,High,1,9-12h,sid meier's civilization vi,336792.0
GD0367,22,Female,Student,1,3.9,FPS,counter-strike: global offensive,Mobile,7.34,Average,2.05,1.0,7.5,1,7.6,6.7,Poor,Sometimes,False,False,False,1.1,Anxious,Sometimes,False,False,False,Low,0,3-6h,counter-strike: global offensive,3468.0
GD0368,14,Female,Student,2,9.4,MOBA,dota 2,Multi-platform,497.21,Failing,3.48,,4.8,5,6.2,4.0,Poor,Often,True,True,True,3.3,Angry,Rarely,True,True,False,Severe,2,9-12h,dota 2,570.0
GD0369,19,Male,Student,5,4.7,RPG,skyrim,PC,123.43,Average,2.5,3.0,8.7,2,8.1,6.3,Good,Never,True,False,True,0.1,Restless,Sometimes,False,False,False,Low,0,3-6h,skyrim,2435.0
GD0370,21,Female,Student,2,8.4,Battle Royale,pubg,Mobile,21.6,Excellent,3.34,9.0,6.3,4,7.5,4.8,Poor,Rarely,True,False,True,3.1,Depressed,Often,True,False,False,Moderate,1,6-9h,,N/A
GD0371,20,Female,Student,2,2.1,Strategy,starcraft ii,PC,5.6,Good,1.85,8.0,13.0,1,9.3,8.5,Good,Never,False,False,False,0.4,Excited,Daily,False,False,False,Low,0,0-3h,,N/A
GD0372,18,Female,Student,3,4.1,Battle Royale,pubg,PC,9.84,Poor,3.98,,12.5,3,9.6,6.6,Poor,Often,False,False,False,1.0,Depressed,Often,False,False,False,Low,0,3-6h,,N/A
GD0373,21,Male,Student,1,10.9,MOBA,mobile legends,Multi-platform,259.23,Poor,3.19,4.0,1.6,7,5.2,4.2,Poor,Rarely,True,True,True,4.3,Normal,Sometimes,True,False,True,Severe,2,9-12h,,N/A
GD0374,21,Female,Student,1,6.8,Battle Royale,fortnite,Console,113.4,Poor,1.49,8.0,5.7,5,4.7,3.6,Fair,Sometimes,True,False,True,0.9,Euphoric,Rarely,True,True,False,High,2,6-9h,fortnite,18141.0
GD0374,21,Female,Student,1,6.8,Battle Royale,fortnite,Console,113.4,Poor,1.49,8.0,5.7,5,4.7,3.6,Fair,Sometimes,True,False,True,0.9,Euphoric,Rarely,True,True,False,High,2,6-9h,fortnite,417808.0
GD0374,21,Female,Student,1,6.8,Battle Royale,fortnite,Console,113.4,Poor,1.49,8.0,5.7,5,4.7,3.6,Fair,Sometimes,True,False,True,0.9,Euphoric,Rarely,True,True,False,High,2,6-9h,fortnite,18167.0
GD0374,21,Female,Student,1,6.8,Battle Royale,fortnite,Console,113.4,Poor,1.49,8.0,5.7,5,4.7,3.6,Fair,Sometimes,True,False,True,0.9,Euphoric,Rarely,True,True,False,High,2,6-9h,fortnite,18204.0
GD0375,15,Male,Student,5,2.9,Strategy,starcraft ii,Mobile,34.24,Good,3.68,,13.3,2,9.0,8.5,Fair,Never,False,False,False,0.6,Excited,Never,False,False,False,Low,0,0-3h,,N/A
GD0376,23,Male,Professional,2,7.4,Mobile Games,candy crush,Mobile,65.5,Below Average,,8.0,6.5,2,5.9,4.3,Insomnia,Often,False,True,True,3.7,Anxious,Rarely,True,False,False,Moderate,1,6-9h,,N/A
GD0377,22,Male,Student,2,6.4,Mobile Games,genshin impact,Console,138.19,Excellent,3.49,2.0,5.3,3,7.2,6.5,Good,Often,False,True,True,0.1,Restless,Rarely,False,True,False,Moderate,1,6-9h,genshin impact,410617.0
GD0377,22,Male,Student,2,6.4,Mobile Games,genshin impact,Console,138.19,Excellent,3.49,2.0,5.3,3,7.2,6.5,Good,Often,False,True,True,0.1,Restless,Rarely,False,True,False,Moderate,1,6-9h,genshin impact,437991.0
GD0377,22,Male,Student,2,6.4,Mobile Games,genshin impact,Console,138.19,Excellent,3.49,2.0,5.3,3,7.2,6.5,Good,Often,False,True,True,0.1,Restless,Rarely,False,True,False,Moderate,1,6-9h,genshin impact,410618.0
GD0377,22,Male,Student,2,6.4,Mobile Games,genshin impact,Console,138.19,Excellent,3.49,2.0,5.3,3,7.2,6.5,Good,Often,False,True,True,0.1,Restless,Rarely,False,True,False,Moderate,1,6-9h,genshin impact,748280.0
GD0378,18,Male,Student,4,6.4,RPG,elden ring,PC,122.38,Average,2.09,,7.5,3,8.1,6.0,Poor,Always,False,False,False,2.1,Euphoric,Often,False,False,False,Low,0,6-9h,elden ring,1245620.0
GD0378,18,Male,Student,4,6.4,RPG,elden ring,PC,122.38,Average,2.09,,7.5,3,8.1,6.0,Poor,Always,False,False,False,2.1,Euphoric,Often,False,False,False,Low,0,6-9h,elden ring,489212.0
GD0379,19,Female,Student,4,5.9,RPG,skyrim,Mobile,89.49,Average,3.28,10.0,10.2,3,8.8,6.3,Fair,Rarely,False,True,True,0.5,Normal,Daily,False,False,False,Low,0,3-6h,skyrim,2435.0
GD0380,18,Male,Student,8,6.5,Strategy,starcraft ii,Mobile,117.74,Failing,3.7,,8.7,3,8.0,4.6,Poor,Always,True,False,True,3.3,Angry,Sometimes,False,True,False,Moderate,1,6-9h,,N/A
GD0381,17,Male,Student,4,5.2,FPS,counter-strike: global offensive,Multi-platform,115.04,Excellent,2.22,,9.1,2,7.8,6.4,Fair,Often,True,False,True,0.9,Angry,Sometimes,False,False,False,Low,0,3-6h,counter-strike: global offensive,3468.0
GD0382,17,Female,Student,6,8.9,Battle Royale,warzone,Mobile,206.91,Below Average,2.43,,4.6,5,4.7,5.2,Insomnia,Always,True,False,True,0.9,Irritable,Daily,True,True,True,Severe,3,6-9h,warzone,712230.0
GD0382,17,Female,Student,6,8.9,Battle Royale,warzone,Mobile,206.91,Below Average,2.43,,4.6,5,4.7,5.2,Insomnia,Always,True,False,True,0.9,Irritable,Daily,True,True,True,Severe,3,6-9h,warzone,2298160.0
GD0383,18,Male,Student,6,7.1,Strategy,age of empires,Mobile,70.71,Below Average,3.79,,7.2,5,8.1,4.3,Poor,Often,True,True,True,0.7,Irritable,Daily,True,False,False,Moderate,1,6-9h,,N/A
GD0384,21,Female,Student,6,6.1,Mobile Games,pubg mobile,PC,143.21,Good,2.35,8.0,10.7,4,8.2,5.6,Poor,Always,False,True,True,0.9,Normal,Daily,False,True,False,Moderate,1,3-6h,,N/A
GD0385,18,Male,Student,6,4.5,MMO,world of warcraft,PC,2.07,Average,2.29,,11.2,1,9.5,5.0,Fair,Always,False,False,False,3.4,Restless,Often,False,False,False,Low,0,3-6h,,N/A
GD0386,19,Female,Student,7,6.6,Mobile Games,clash of clans,Console,68.84,Failing,3.2,6.0,7.8,5,8.1,4.0,Poor,Never,False,True,True,1.0,Normal,Daily,True,True,False,High,2,6-9h,,N/A
GD0387,19,Female,Student,3,6.8,Battle Royale,apex legends,Mobile,20.72,Failing,1.87,7.0,7.6,4,5.2,5.0,Very Poor,Rarely,False,True,True,1.1,Angry,Rarely,True,True,False,High,2,6-9h,apex legends,176538.0
GD0387,19,Female,Student,3,6.8,Battle Royale,apex legends,Mobile,20.72,Failing,1.87,7.0,7.6,4,5.2,5.0,Very Poor,Rarely,False,True,True,1.1,Angry,Rarely,True,True,False,High,2,6-9h,apex legends,495480.0
GD0387,19,Female,Student,3,6.8,Battle Royale,apex legends,Mobile,20.72,Failing,1.87,7.0,7.6,4,5.2,5.0,Very Poor,Rarely,False,True,True,1.1,Angry,Rarely,True,True,False,High,2,6-9h,apex legends,176537.0
GD0388,18,Male,Student,5,5.2,MOBA,dota 2,Mobile,67.5,Good,3.09,,11.4,4,7.6,5.7,Fair,Never,False,False,False,0.0,Irritable,Sometimes,False,False,False,Low,0,3-6h,dota 2,570.0
GD0389,19,Female,Student,9,5.2,MOBA,dota 2,Console,148.41,Failing,1.45,6.0,10.8,2,6.9,5.1,Very Poor,Often,True,False,True,1.7,Normal,Sometimes,False,False,False,Low,0,3-6h,dota 2,570.0
GD0390,22,Female,Student,8,3.8,FPS,counter-strike: global offensive,Console,48.79,Below Average,3.83,4.0,10.6,1,6.7,6.0,Fair,Sometimes,False,False,False,1.0,Angry,Rarely,False,False,False,Low,0,3-6h,counter-strike: global offensive,3468.0
GD0391,14,Female,Student,4,5.8,Strategy,starcraft ii,PC,86.15,Average,2.4,,9.4,5,8.5,5.9,Poor,Often,False,True,True,2.7,Restless,Sometimes,False,False,False,Low,0,3-6h,,N/A
GD0392,26,Male,Professional,16,7.4,MOBA,mobile legends,Mobile,61.67,Below Average,,7.0,8.5,3,8.4,4.1,Poor,Sometimes,True,True,True,1.8,Euphoric,Daily,True,True,False,High,2,6-9h,,N/A
GD0393,19,Male,Student,8,9.3,FPS,overwatch,Multi-platform,232.19,Poor,1.42,8.0,2.4,5,7.2,3.0,Poor,Always,True,True,True,4.5,Depressed,Sometimes,False,False,False,Moderate,0,9-12h,,N/A
GD0394,19,Female,Student,7,5.9,Battle Royale,pubg,Multi-platform,120.38,Below Average,2.47,7.0,6.5,5,5.3,6.4,Fair,Rarely,True,False,True,0.9,Restless,Often,False,True,False,Moderate,1,3-6h,,N/A
GD0395,26,Female,Professional,13,13.9,Mobile Games,clash of clans,Console,247.18,Poor,,5.0,0.0,10,4.9,4.5,Poor,Often,True,False,True,2.9,Irritable,Sometimes,True,True,False,Severe,2,12h+,,N/A
GD0396,19,Male,Student,5,5.8,Mobile Games,genshin impact,Mobile,96.56,Average,2.61,5.0,5.0,4,6.5,5.7,Fair,Always,True,True,True,0.5,Anxious,Sometimes,False,True,False,Moderate,1,3-6h,genshin impact,410617.0
GD0396,19,Male,Student,5,5.8,Mobile Games,genshin impact,Mobile,96.56,Average,2.61,5.0,5.0,4,6.5,5.7,Fair,Always,True,True,True,0.5,Anxious,Sometimes,False,True,False,Moderate,1,3-6h,genshin impact,437991.0
GD0396,19,Male,Student,5,5.8,Mobile Games,genshin impact,Mobile,96.56,Average,2.61,5.0,5.0,4,6.5,5.7,Fair,Always,True,True,True,0.5,Anxious,Sometimes,False,True,False,Moderate,1,3-6h,genshin impact,410618.0
GD0396,19,Male,Student,5,5.8,Mobile Games,genshin impact,Mobile,96.56,Average,2.61,5.0,5.0,4,6.5,5.7,Fair,Always,True,True,True,0.5,Anxious,Sometimes,False,True,False,Moderate,1,3-6h,genshin impact,748280.0
GD0397,13,Male,Student,2,6.4,MMO,world of warcraft,Multi-platform,65.67,Average,3.75,,5.1,4,5.3,5.5,Good,Sometimes,False,True,True,0.3,Irritable,Often,False,True,False,Moderate,1,6-9h,,N/A
GD0398,21,Male,Student,10,12.6,Strategy,starcraft ii,Mobile,242.51,Below Average,3.67,1.0,0.0,9,4.1,5.7,Very Poor,Rarely,True,True,True,1.9,Anxious,Rarely,True,False,False,High,1,12h+,,N/A
GD0399,23,Male,Professional,3,8.9,Strategy,starcraft ii,Multi-platform,277.78,Poor,,1.0,6.7,5,6.7,3.5,Poor,Always,False,True,True,0.0,Anxious,Never,False,False,True,High,1,6-9h,,N/A
GD0400,26,Female,Professional,10,8.2,Strategy,sid meier's civilization vi,Console,44.07,Average,,1.0,5.5,5,5.2,3.9,Poor,Often,False,True,True,2.9,Normal,Rarely,True,False,False,Moderate,1,6-9h,sid meier's civilization vi,335483.0
GD0400,26,Female,Professional,10,8.2,Strategy,sid meier's civilization vi,Console,44.07,Average,,1.0,5.5,5,5.2,3.9,Poor,Often,False,True,True,2.9,Normal,Rarely,True,False,False,Moderate,1,6-9h,sid meier's civilization vi,335482.0
GD0400,26,Female,Professional,10,8.2,Strategy,sid meier's civilization vi,Console,44.07,Average,,1.0,5.5,5,5.2,3.9,Poor,Often,False,True,True,2.9,Normal,Rarely,True,False,False,Moderate,1,6-9h,sid meier's civilization vi,336792.0
GD0401,20,Male,Student,2,7.7,MOBA,league of legends,Mobile,65.22,Failing,2.46,7.0,3.0,3,4.9,4.7,Very Poor,Always,True,False,True,2.5,Restless,Often,False,True,True,High,2,6-9h,,N/A
GD0402,21,Female,Student,10,1.2,MOBA,dota 2,Mobile,41.12,Excellent,3.52,5.0,15.2,1,11.2,7.2,Good,Never,False,False,False,0.3,Normal,Rarely,False,False,False,Low,0,0-3h,dota 2,570.0
GD0403,19,Male,Student,6,4.6,Strategy,sid meier's civilization vi,Console,18.38,Good,2.32,9.0,7.6,3,6.3,5.9,Fair,Always,True,False,True,2.4,Euphoric,Never,False,False,False,Low,0,3-6h,sid meier's civilization vi,335483.0
GD0403,19,Male,Student,6,4.6,Strategy,sid meier's civilization vi,Console,18.38,Good,2.32,9.0,7.6,3,6.3,5.9,Fair,Always,True,False,True,2.4,Euphoric,Never,False,False,False,Low,0,3-6h,sid meier's civilization vi,335482.0
GD0403,19,Male,Student,6,4.6,Strategy,sid meier's civilization vi,Console,18.38,Good,2.32,9.0,7.6,3,6.3,5.9,Fair,Always,True,False,True,2.4,Euphoric,Never,False,False,False,Low,0,3-6h,sid meier's civilization vi,336792.0
GD0404,23,Male,Professional,7,6.4,MMO,world of warcraft,PC,22.81,Poor,,4.0,7.9,3,5.5,6.7,Poor,Sometimes,True,True,True,2.7,Irritable,Sometimes,False,False,False,Low,0,6-9h,,N/A
GD0405,15,Male,Student,5,10.0,Battle Royale,fortnite,PC,226.85,Average,1.3,,5.9,5,5.7,3.8,Very Poor,Often,True,True,True,3.2,Anxious,Rarely,True,True,False,Severe,2,9-12h,fortnite,18141.0
GD0405,15,Male,Student,5,10.0,Battle Royale,fortnite,PC,226.85,Average,1.3,,5.9,5,5.7,3.8,Very Poor,Often,True,True,True,3.2,Anxious,Rarely,True,True,False,Severe,2,9-12h,fortnite,417808.0
GD0405,15,Male,Student,5,10.0,Battle Royale,fortnite,PC,226.85,Average,1.3,,5.9,5,5.7,3.8,Very Poor,Often,True,True,True,3.2,Anxious,Rarely,True,True,False,Severe,2,9-12h,fortnite,18167.0
GD0405,15,Male,Student,5,10.0,Battle Royale,fortnite,PC,226.85,Average,1.3,,5.9,5,5.7,3.8,Very Poor,Often,True,True,True,3.2,Anxious,Rarely,True,True,False,Severe,2,9-12h,fortnite,18204.0
GD0406,20,Male,Student,4,13.3,MMO,final fantasy xiv online,Console,434.02,Poor,1.11,2.0,0.6,8,3.8,5.0,Poor,Never,True,True,True,2.8,Irritable,Daily,True,False,False,High,1,12h+,final fantasy xiv online,39210.0
GD0407,18,Male,Student,8,10.4,RPG,elden ring,Mobile,246.69,Below Average,3.15,,0.1,8,6.0,4.7,Very Poor,Often,True,True,True,0.3,Anxious,Never,True,False,True,Severe,2,9-12h,elden ring,1245620.0
GD0407,18,Male,Student,8,10.4,RPG,elden ring,Mobile,246.69,Below Average,3.15,,0.1,8,6.0,4.7,Very Poor,Often,True,True,True,0.3,Anxious,Never,True,False,True,Severe,2,9-12h,elden ring,489212.0
GD0408,31,Female,Professional,5,3.6,MOBA,league of legends,Mobile,23.15,Average,,2.0,12.4,1,8.2,6.3,Good,Rarely,False,False,False,0.3,Depressed,Never,False,False,False,Low,0,3-6h,,N/A
GD0409,17,Female,Student,6,1.6,Battle Royale,pubg,Console,7.58,Excellent,1.48,,11.9,1,7.1,8.3,Good,Rarely,False,False,False,0.1,Anxious,Daily,False,False,False,Low,0,0-3h,,N/A
GD0410,35,Female,Professional,15,3.1,Battle Royale,warzone,Mobile,45.22,Average,,8.0,9.1,2,7.1,7.1,Fair,Sometimes,False,False,False,1.1,Excited,Rarely,False,False,False,Low,0,0-3h,warzone,712230.0
GD0410,35,Female,Professional,15,3.1,Battle Royale,warzone,Mobile,45.22,Average,,8.0,9.1,2,7.1,7.1,Fair,Sometimes,False,False,False,1.1,Excited,Rarely,False,False,False,Low,0,0-3h,warzone,2298160.0
GD0411,22,Female,Student,8,6.0,RPG,cyberpunk 2077,Console,109.8,Poor,2.99,9.0,5.5,3,6.1,6.4,Poor,Rarely,True,False,True,2.5,Normal,Sometimes,False,True,False,Moderate,1,3-6h,cyberpunk 2077,1091500.0
GD0411,22,Female,Student,8,6.0,RPG,cyberpunk 2077,Console,109.8,Poor,2.99,9.0,5.5,3,6.1,6.4,Poor,Rarely,True,False,True,2.5,Normal,Sometimes,False,True,False,Moderate,1,3-6h,cyberpunk 2077,487113.0
GD0411,22,Female,Student,8,6.0,RPG,cyberpunk 2077,Console,109.8,Poor,2.99,9.0,5.5,3,6.1,6.4,Poor,Rarely,True,False,True,2.5,Normal,Sometimes,False,True,False,Moderate,1,3-6h,cyberpunk 2077,421702.0
GD0411,22,Female,Student,8,6.0,RPG,cyberpunk 2077,Console,109.8,Poor,2.99,9.0,5.5,3,6.1,6.4,Poor,Rarely,True,False,True,2.5,Normal,Sometimes,False,True,False,Moderate,1,3-6h,cyberpunk 2077,421362.0
GD0412,25,Female,Professional,7,10.3,Battle Royale,apex legends,Console,348.04,Average,,3.0,5.8,6,3.5,4.8,Poor,Never,False,True,True,0.7,Euphoric,Never,True,True,True,Severe,3,9-12h,apex legends,176538.0
GD0412,25,Female,Professional,7,10.3,Battle Royale,apex legends,Console,348.04,Average,,3.0,5.8,6,3.5,4.8,Poor,Never,False,True,True,0.7,Euphoric,Never,True,True,True,Severe,3,9-12h,apex legends,495480.0
GD0412,25,Female,Professional,7,10.3,Battle Royale,apex legends,Console,348.04,Average,,3.0,5.8,6,3.5,4.8,Poor,Never,False,True,True,0.7,Euphoric,Never,True,True,True,Severe,3,9-12h,apex legends,176537.0
GD0413,16,Male,Student,4,4.8,FPS,call of duty,PC,101.85,Below Average,2.17,,11.4,5,6.5,6.8,Fair,Sometimes,False,False,False,2.0,Normal,Daily,False,False,False,Low,0,3-6h,,N/A
GD0414,19,Female,Student,5,4.6,FPS,counter-strike: global offensive,PC,83.38,Average,2.46,1.0,9.5,5,8.5,6.5,Good,Never,True,False,True,1.8,Anxious,Often,False,False,False,Low,0,3-6h,counter-strike: global offensive,3468.0
GD0415,18,Female,Student,5,7.3,Mobile Games,clash of clans,Mobile,31.02,Good,2.13,,7.4,4,6.6,5.8,Poor,Always,False,True,True,3.6,Anxious,Rarely,False,True,False,Moderate,1,6-9h,,N/A
GD0416,17,Male,Student,2,7.5,FPS,valorant,PC,135.83,Poor,1.24,,6.7,2,6.9,5.0,Poor,Rarely,True,False,True,1.1,Restless,Rarely,False,True,False,Moderate,1,6-9h,valorant,682668.0
GD0416,17,Male,Student,2,7.5,FPS,valorant,PC,135.83,Poor,1.24,,6.7,2,6.9,5.0,Poor,Rarely,True,False,True,1.1,Restless,Rarely,False,True,False,Moderate,1,6-9h,valorant,682740.0
GD0417,17,Male,Student,3,6.2,MOBA,league of legends,Multi-platform,145.5,Below Average,1.68,,9.0,4,7.6,5.5,Good,Never,False,True,True,1.7,Depressed,Never,False,False,False,Low,0,3-6h,,N/A
GD0418,16,Male,Student,1,8.3,MOBA,dota 2,Console,14.14,Poor,2.24,,8.0,4,6.9,5.5,Poor,Sometimes,True,True,True,2.0,Anxious,Often,False,True,True,High,2,6-9h,dota 2,570.0
GD0419,31,Female,Professional,1,7.7,RPG,elden ring,Multi-platform,38.14,Below Average,,8.0,3.2,5,6.4,3.4,Poor,Rarely,True,False,True,2.8,Anxious,Sometimes,True,True,True,Severe,3,6-9h,elden ring,1245620.0
GD0419,31,Female,Professional,1,7.7,RPG,elden ring,Multi-platform,38.14,Below Average,,8.0,3.2,5,6.4,3.4,Poor,Rarely,True,False,True,2.8,Anxious,Sometimes,True,True,True,Severe,3,6-9h,elden ring,489212.0
GD0420,16,Male,Student,5,4.0,MMO,world of warcraft,Multi-platform,37.75,Excellent,2.79,,10.0,3,6.5,6.4,Good,Never,False,False,False,1.7,Euphoric,Often,False,False,False,Low,0,3-6h,,N/A
GD0421,19,Male,Student,5,1.3,Strategy,age of empires,PC,18.98,Excellent,2.8,2.0,15.9,1,9.4,8.2,Fair,Never,False,False,False,0.1,Withdrawn,Often,False,False,False,Low,0,0-3h,,N/A
GD0422,23,Male,Professional,9,8.6,Mobile Games,pubg mobile,Multi-platform,96.61,Average,,5.0,3.4,5,7.2,5.7,Poor,Never,True,False,True,4.9,Angry,Never,True,False,True,Severe,2,6-9h,,N/A
GD0423,21,Other,Student,2,5.2,MMO,world of warcraft,Mobile,144.76,Below Average,1.46,6.0,8.7,3,7.0,6.9,Fair,Always,True,False,True,0.3,Restless,Never,False,False,False,Low,0,3-6h,,N/A
GD0424,16,Female,Student,1,4.7,MOBA,mobile legends,Multi-platform,36.45,Poor,1.93,,10.1,3,9.3,5.7,Fair,Rarely,True,False,True,0.9,Irritable,Rarely,False,False,False,Low,0,3-6h,,N/A
GD0425,20,Male,Student,2,7.3,MMO,elder scrolls online,Multi-platform,30.38,Poor,3.71,6.0,4.9,4,5.5,3.1,Very Poor,Sometimes,True,False,True,0.7,Irritable,Daily,False,True,False,Moderate,1,6-9h,,N/A
GD0426,17,Female,Student,1,10.2,MOBA,league of legends,Mobile,263.64,Poor,3.91,,2.3,5,3.6,5.3,Good,Sometimes,False,False,False,3.0,Restless,Rarely,False,True,True,Severe,2,9-12h,,N/A
GD0427,29,Male,Professional,8,4.2,FPS,call of duty,Console,28.17,Good,,3.0,7.5,1,8.6,6.6,Good,Often,False,False,False,0.7,Depressed,Never,False,False,False,Low,0,3-6h,,N/A
GD0428,22,Male,Student,12,2.5,MOBA,league of legends,PC,40.43,Excellent,1.17,1.0,12.8,3,10.4,7.4,Good,Never,False,False,False,2.0,Euphoric,Often,False,False,False,Low,0,0-3h,,N/A
GD0429,26,Female,Professional,8,5.1,MMO,world of warcraft,Mobile,33.99,Average,,6.0,7.1,2,6.9,5.9,Very Poor,Always,True,False,True,0.4,Normal,Daily,False,False,False,Low,0,3-6h,,N/A
GD0430,29,Male,Professional,16,6.0,Mobile Games,genshin impact,PC,109.61,Below Average,,1.0,5.8,1,6.0,6.5,Good,Never,True,False,True,0.5,Euphoric,Often,False,False,False,Low,0,3-6h,genshin impact,410617.0
GD0430,29,Male,Professional,16,6.0,Mobile Games,genshin impact,PC,109.61,Below Average,,1.0,5.8,1,6.0,6.5,Good,Never,True,False,True,0.5,Euphoric,Often,False,False,False,Low,0,3-6h,genshin impact,437991.0
GD0430,29,Male,Professional,16,6.0,Mobile Games,genshin impact,PC,109.61,Below Average,,1.0,5.8,1,6.0,6.5,Good,Never,True,False,True,0.5,Euphoric,Often,False,False,False,Low,0,3-6h,genshin impact,410618.0
GD0430,29,Male,Professional,16,6.0,Mobile Games,genshin impact,PC,109.61,Below Average,,1.0,5.8,1,6.0,6.5,Good,Never,True,False,True,0.5,Euphoric,Often,False,False,False,Low,0,3-6h,genshin impact,748280.0
GD0431,22,Male,Student,5,5.0,Mobile Games,genshin impact,Console,89.73,Average,3.16,4.0,9.0,4,6.0,5.8,Fair,Never,False,False,False,0.1,Restless,Rarely,False,False,False,Low,0,3-6h,genshin impact,410617.0
GD0431,22,Male,Student,5,5.0,Mobile Games,genshin impact,Console,89.73,Average,3.16,4.0,9.0,4,6.0,5.8,Fair,Never,False,False,False,0.1,Restless,Rarely,False,False,False,Low,0,3-6h,genshin impact,437991.0
GD0431,22,Male,Student,5,5.0,Mobile Games,genshin impact,Console,89.73,Average,3.16,4.0,9.0,4,6.0,5.8,Fair,Never,False,False,False,0.1,Restless,Rarely,False,False,False,Low,0,3-6h,genshin impact,410618.0
GD0431,22,Male,Student,5,5.0,Mobile Games,genshin impact,Console,89.73,Average,3.16,4.0,9.0,4,6.0,5.8,Fair,Never,False,False,False,0.1,Restless,Rarely,False,False,False,Low,0,3-6h,genshin impact,748280.0
GD0432,20,Female,Student,7,3.9,Mobile Games,candy crush,Console,49.48,Average,3.17,7.0,10.8,2,7.4,5.3,Good,Rarely,False,False,False,0.4,Depressed,Often,False,False,False,Low,0,3-6h,,N/A
GD0433,20,Male,Student,6,4.5,FPS,counter-strike: global offensive,PC,135.01,Excellent,3.73,9.0,6.3,5,7.2,5.8,Fair,Often,True,False,True,0.8,Normal,Daily,False,False,False,Low,0,3-6h,counter-strike: global offensive,3468.0
GD0434,18,Male,Student,6,3.8,Mobile Games,clash of clans,Mobile,21.62,Average,3.04,,8.0,2,9.9,5.2,Fair,Often,False,False,False,1.1,Restless,Daily,False,False,False,Low,0,3-6h,,N/A
GD0435,17,Male,Student,4,7.8,Mobile Games,pubg mobile,Mobile,147.2,Below Average,2.53,,4.5,6,6.2,5.7,Insomnia,Never,True,True,True,0.9,Normal,Often,True,False,True,High,2,6-9h,,N/A
GD0436,20,Male,Student,7,5.3,FPS,overwatch,Mobile,97.04,Good,3.49,5.0,9.6,3,5.6,6.9,Fair,Never,True,False,True,1.7,Normal,Sometimes,False,False,False,Low,0,3-6h,,N/A
GD0437,23,Male,Professional,7,4.6,MOBA,league of legends,Multi-platform,74.83,Good,,5.0,9.7,4,9.0,5.4,Fair,Never,True,False,True,6.5,Restless,Never,False,False,False,Low,0,3-6h,,N/A
GD0438,22,Male,Student,2,3.7,Battle Royale,pubg,PC,13.27,Average,2.31,9.0,12.2,1,7.1,5.3,Good,Always,False,False,False,2.5,Anxious,Sometimes,False,False,False,Low,0,3-6h,,N/A
GD0439,17,Female,Student,7,3.9,Battle Royale,fortnite,PC,34.03,Good,1.67,,12.5,2,6.1,6.0,Fair,Never,False,False,False,0.1,Restless,Daily,False,False,False,Low,0,3-6h,fortnite,18141.0
GD0439,17,Female,Student,7,3.9,Battle Royale,fortnite,PC,34.03,Good,1.67,,12.5,2,6.1,6.0,Fair,Never,False,False,False,0.1,Restless,Daily,False,False,False,Low,0,3-6h,fortnite,417808.0
GD0439,17,Female,Student,7,3.9,Battle Royale,fortnite,PC,34.03,Good,1.67,,12.5,2,6.1,6.0,Fair,Never,False,False,False,0.1,Restless,Daily,False,False,False,Low,0,3-6h,fortnite,18167.0
GD0439,17,Female,Student,7,3.9,Battle Royale,fortnite,PC,34.03,Good,1.67,,12.5,2,6.1,6.0,Fair,Never,False,False,False,0.1,Restless,Daily,False,False,False,Low,0,3-6h,fortnite,18204.0
GD0440,32,Female,Professional,3,1.0,FPS,counter-strike: global offensive,Mobile,49.46,Below Average,,9.0,14.3,1,8.0,7.4,Good,Sometimes,False,False,False,0.2,Normal,Daily,False,False,False,Low,0,0-3h,counter-strike: global offensive,3468.0
GD0441,18,Female,Student,2,4.6,Strategy,starcraft ii,Multi-platform,100.04,Average,1.05,,6.2,2,8.2,6.9,Fair,Sometimes,False,False,False,0.4,Angry,Never,False,False,False,Low,0,3-6h,,N/A
GD0442,17,Female,Student,5,5.8,Battle Royale,pubg,PC,87.25,Good,3.6,,7.0,4,6.4,6.4,Fair,Always,True,False,True,3.6,Angry,Often,False,False,False,Low,0,3-6h,,N/A
GD0443,14,Male,Student,3,11.4,FPS,call of duty,Multi-platform,237.13,Failing,2.61,,3.2,6,3.2,4.8,Very Poor,Sometimes,True,True,True,5.3,Euphoric,Daily,False,True,False,High,1,9-12h,,N/A
GD0444,17,Male,Student,6,2.5,FPS,overwatch,Mobile,14.02,Excellent,2.61,,9.9,1,8.7,8.4,Fair,Rarely,False,False,False,0.5,Normal,Often,False,False,False,Low,0,0-3h,,N/A
GD0445,25,Female,Professional,1,5.2,Battle Royale,fortnite,Mobile,54.39,Excellent,,4.0,10.4,3,8.1,6.0,Fair,Always,True,False,True,1.5,Angry,Never,False,False,False,Low,0,3-6h,fortnite,18141.0
GD0445,25,Female,Professional,1,5.2,Battle Royale,fortnite,Mobile,54.39,Excellent,,4.0,10.4,3,8.1,6.0,Fair,Always,True,False,True,1.5,Angry,Never,False,False,False,Low,0,3-6h,fortnite,417808.0
GD0445,25,Female,Professional,1,5.2,Battle Royale,fortnite,Mobile,54.39,Excellent,,4.0,10.4,3,8.1,6.0,Fair,Always,True,False,True,1.5,Angry,Never,False,False,False,Low,0,3-6h,fortnite,18167.0
GD0445,25,Female,Professional,1,5.2,Battle Royale,fortnite,Mobile,54.39,Excellent,,4.0,10.4,3,8.1,6.0,Fair,Always,True,False,True,1.5,Angry,Never,False,False,False,Low,0,3-6h,fortnite,18204.0
GD0446,18,Male,Student,6,8.1,Mobile Games,genshin impact,Multi-platform,67.44,Below Average,3.21,,6.1,4,4.8,4.2,Poor,Always,False,False,False,0.8,Angry,Daily,True,True,False,High,2,6-9h,genshin impact,410617.0
GD0446,18,Male,Student,6,8.1,Mobile Games,genshin impact,Multi-platform,67.44,Below Average,3.21,,6.1,4,4.8,4.2,Poor,Always,False,False,False,0.8,Angry,Daily,True,True,False,High,2,6-9h,genshin impact,437991.0
GD0446,18,Male,Student,6,8.1,Mobile Games,genshin impact,Multi-platform,67.44,Below Average,3.21,,6.1,4,4.8,4.2,Poor,Always,False,False,False,0.8,Angry,Daily,True,True,False,High,2,6-9h,genshin impact,410618.0
GD0446,18,Male,Student,6,8.1,Mobile Games,genshin impact,Multi-platform,67.44,Below Average,3.21,,6.1,4,4.8,4.2,Poor,Always,False,False,False,0.8,Angry,Daily,True,True,False,High,2,6-9h,genshin impact,748280.0
GD0447,18,Female,Student,8,1.6,RPG,elden ring,Mobile,9.19,Average,3.63,,13.0,1,9.5,7.0,Good,Often,False,False,False,0.1,Normal,Often,False,False,False,Low,0,0-3h,elden ring,1245620.0
GD0447,18,Female,Student,8,1.6,RPG,elden ring,Mobile,9.19,Average,3.63,,13.0,1,9.5,7.0,Good,Often,False,False,False,0.1,Normal,Often,False,False,False,Low,0,0-3h,elden ring,489212.0
GD0448,19,Female,Student,5,2.1,MMO,elder scrolls online,PC,33.11,Good,1.32,10.0,14.5,2,7.6,8.9,Good,Always,False,False,False,0.1,Normal,Rarely,False,False,False,Low,0,0-3h,,N/A
GD0449,21,Male,Student,11,9.1,Strategy,age of empires,Multi-platform,493.27,Poor,1.88,4.0,7.1,4,3.8,5.3,Very Poor,Never,True,True,True,1.5,Anxious,Daily,False,True,True,Severe,2,6-9h,,N/A
GD0450,20,Female,Student,2,4.1,MOBA,mobile legends,PC,38.82,Excellent,2.52,4.0,7.8,2,8.5,6.9,Poor,Always,False,False,False,0.0,Euphoric,Often,False,False,False,Low,0,3-6h,,N/A
GD0451,15,Female,Student,1,9.5,MMO,final fantasy xiv online,Multi-platform,229.59,Below Average,3.53,,5.8,5,3.7,3.8,Very Poor,Rarely,True,True,True,1.5,Angry,Rarely,False,True,True,Severe,2,9-12h,final fantasy xiv online,39210.0
GD0452,21,Male,Student,1,5.0,Strategy,age of empires,PC,25.71,Good,1.65,8.0,6.8,3,8.8,6.6,Good,Rarely,False,False,False,1.4,Depressed,Never,False,False,False,Low,0,3-6h,,N/A
GD0453,15,Male,Student,1,3.7,MOBA,league of legends,PC,19.24,Good,1.51,,10.3,2,7.1,6.6,Very Poor,Rarely,False,False,False,0.2,Restless,Often,False,False,False,Low,0,3-6h,,N/A
GD0454,20,Female,Student,3,6.2,Mobile Games,clash of clans,Console,47.33,Good,1.95,10.0,7.8,4,8.4,5.3,Poor,Often,True,True,True,1.1,Euphoric,Sometimes,False,True,False,Moderate,1,3-6h,,N/A
GD0455,26,Male,Professional,12,5.4,RPG,elden ring,Console,118.39,Average,,2.0,11.4,3,9.1,5.7,Poor,Rarely,False,False,False,0.6,Restless,Often,False,False,False,Low,0,3-6h,elden ring,1245620.0
GD0455,26,Male,Professional,12,5.4,RPG,elden ring,Console,118.39,Average,,2.0,11.4,3,9.1,5.7,Poor,Rarely,False,False,False,0.6,Restless,Often,False,False,False,Low,0,3-6h,elden ring,489212.0
GD0456,15,Male,Student,5,6.8,MOBA,dota 2,PC,25.24,Poor,1.93,,8.5,4,6.3,4.5,Poor,Often,True,False,True,1.4,Irritable,Often,False,False,False,Low,0,6-9h,dota 2,570.0
GD0457,20,Male,Student,3,4.1,Strategy,age of empires,Multi-platform,39.06,Average,1.04,2.0,9.1,1,7.2,5.3,Fair,Rarely,False,False,False,2.0,Angry,Daily,False,False,False,Low,0,3-6h,,N/A
GD0458,30,Male,Professional,8,5.9,Mobile Games,pubg mobile,PC,32.6,Average,,1.0,9.5,4,6.1,5.3,Good,Always,True,False,True,0.3,Irritable,Never,False,False,False,Low,0,3-6h,,N/A
GD0459,16,Male,Student,3,8.5,Battle Royale,fortnite,Mobile,97.89,Average,1.52,,7.4,5,5.8,3.3,Poor,Never,True,True,True,0.9,Angry,Sometimes,False,False,True,Moderate,1,6-9h,fortnite,18141.0
GD0459,16,Male,Student,3,8.5,Battle Royale,fortnite,Mobile,97.89,Average,1.52,,7.4,5,5.8,3.3,Poor,Never,True,True,True,0.9,Angry,Sometimes,False,False,True,Moderate,1,6-9h,fortnite,417808.0
GD0459,16,Male,Student,3,8.5,Battle Royale,fortnite,Mobile,97.89,Average,1.52,,7.4,5,5.8,3.3,Poor,Never,True,True,True,0.9,Angry,Sometimes,False,False,True,Moderate,1,6-9h,fortnite,18167.0
GD0459,16,Male,Student,3,8.5,Battle Royale,fortnite,Mobile,97.89,Average,1.52,,7.4,5,5.8,3.3,Poor,Never,True,True,True,0.9,Angry,Sometimes,False,False,True,Moderate,1,6-9h,fortnite,18204.0
GD0460,21,Male,Student,8,7.7,RPG,elden ring,PC,93.4,Below Average,2.28,9.0,3.3,5,4.4,3.3,Very Poor,Often,True,True,True,1.2,Anxious,Often,True,True,False,High,2,6-9h,elden ring,1245620.0
GD0460,21,Male,Student,8,7.7,RPG,elden ring,PC,93.4,Below Average,2.28,9.0,3.3,5,4.4,3.3,Very Poor,Often,True,True,True,1.2,Anxious,Often,True,True,False,High,2,6-9h,elden ring,489212.0
GD0461,16,Male,Student,4,6.0,RPG,elden ring,PC,35.94,Average,3.61,,8.7,3,6.0,6.6,Good,Rarely,True,True,True,1.6,Restless,Sometimes,False,False,False,Low,0,3-6h,elden ring,1245620.0
GD0461,16,Male,Student,4,6.0,RPG,elden ring,PC,35.94,Average,3.61,,8.7,3,6.0,6.6,Good,Rarely,True,True,True,1.6,Restless,Sometimes,False,False,False,Low,0,3-6h,elden ring,489212.0
GD0462,21,Male,Student,2,5.5,MMO,final fantasy xiv online,Console,96.1,Poor,1.07,3.0,7.8,3,6.7,5.5,Good,Always,True,False,True,2.4,Restless,Sometimes,False,True,False,Moderate,1,3-6h,final fantasy xiv online,39210.0
GD0463,21,Female,Student,7,6.0,MMO,world of warcraft,Mobile,27.43,Good,1.82,1.0,5.0,5,7.3,5.3,Poor,Never,True,False,True,0.9,Angry,Never,False,True,False,Moderate,1,3-6h,,N/A
GD0464,25,Female,Professional,1,12.5,MOBA,mobile legends,Mobile,120.1,Failing,,6.0,0.0,10,3.8,3.5,Fair,Never,True,False,True,1.1,Restless,Daily,True,False,False,High,1,12h+,,N/A
GD0465,14,Female,Student,4,11.7,MMO,elder scrolls online,Multi-platform,339.9,Failing,3.22,,0.0,7,2.5,4.3,Poor,Sometimes,True,True,True,1.5,Depressed,Never,False,True,True,Severe,2,9-12h,,N/A
GD0466,18,Male,Student,4,5.7,Strategy,starcraft ii,Mobile,30.5,Below Average,1.87,,6.4,4,7.1,6.9,Fair,Always,True,True,True,0.7,Irritable,Sometimes,False,True,False,Moderate,1,3-6h,,N/A
GD0467,17,Female,Student,2,6.0,MOBA,dota 2,Multi-platform,32.23,Average,1.28,,7.4,2,5.5,5.2,Very Poor,Sometimes,True,True,True,1.0,Restless,Daily,False,True,False,Moderate,1,3-6h,dota 2,570.0
GD0468,14,Male,Student,4,2.9,MOBA,mobile legends,Mobile,36.59,Good,3.59,,11.7,1,8.9,8.8,Poor,Sometimes,False,False,False,1.0,Normal,Daily,False,False,False,Low,0,0-3h,,N/A
GD0469,14,Male,Student,3,9.7,Mobile Games,candy crush,Multi-platform,302.88,Poor,3.53,,2.8,6,5.4,3.6,Very Poor,Rarely,True,True,True,1.4,Irritable,Sometimes,False,False,False,Moderate,0,9-12h,,N/A
GD0470,16,Male,Student,6,1.9,RPG,elden ring,Console,28.1,Excellent,3.01,,11.5,1,7.0,7.5,Good,Rarely,False,False,False,0.1,Normal,Sometimes,False,False,False,Low,0,0-3h,elden ring,1245620.0
GD0470,16,Male,Student,6,1.9,RPG,elden ring,Console,28.1,Excellent,3.01,,11.5,1,7.0,7.5,Good,Rarely,False,False,False,0.1,Normal,Sometimes,False,False,False,Low,0,0-3h,elden ring,489212.0
GD0471,27,Female,Professional,12,0.7,MMO,final fantasy xiv online,Mobile,16.4,Good,,10.0,16.5,1,8.3,8.4,Poor,Always,False,False,False,0.3,Euphoric,Daily,False,False,False,Low,0,0-3h,final fantasy xiv online,39210.0
GD0472,14,Male,Student,2,5.5,Battle Royale,warzone,Mobile,57.54,Average,2.44,,7.5,4,7.0,5.4,Fair,Rarely,True,False,True,2.4,Anxious,Never,False,True,False,Moderate,1,3-6h,warzone,712230.0
GD0472,14,Male,Student,2,5.5,Battle Royale,warzone,Mobile,57.54,Average,2.44,,7.5,4,7.0,5.4,Fair,Rarely,True,False,True,2.4,Anxious,Never,False,True,False,Moderate,1,3-6h,warzone,2298160.0
GD0473,26,Male,Professional,8,1.0,RPG,cyberpunk 2077,Mobile,1.31,Good,,8.0,13.8,1,8.3,8.9,Good,Sometimes,False,False,False,0.3,Normal,Never,False,False,False,Low,0,0-3h,cyberpunk 2077,1091500.0
GD0473,26,Male,Professional,8,1.0,RPG,cyberpunk 2077,Mobile,1.31,Good,,8.0,13.8,1,8.3,8.9,Good,Sometimes,False,False,False,0.3,Normal,Never,False,False,False,Low,0,0-3h,cyberpunk 2077,487113.0
GD0473,26,Male,Professional,8,1.0,RPG,cyberpunk 2077,Mobile,1.31,Good,,8.0,13.8,1,8.3,8.9,Good,Sometimes,False,False,False,0.3,Normal,Never,False,False,False,Low,0,0-3h,cyberpunk 2077,421702.0
GD0473,26,Male,Professional,8,1.0,RPG,cyberpunk 2077,Mobile,1.31,Good,,8.0,13.8,1,8.3,8.9,Good,Sometimes,False,False,False,0.3,Normal,Never,False,False,False,Low,0,0-3h,cyberpunk 2077,421362.0
GD0474,20,Male,Student,1,9.3,MOBA,dota 2,Multi-platform,323.47,Poor,1.8,10.0,1.9,6,5.9,5.3,Insomnia,Always,True,False,True,4.1,Restless,Often,True,True,True,Severe,3,9-12h,dota 2,570.0
GD0475,30,Male,Professional,10,11.6,MMO,elder scrolls online,PC,317.18,Average,,3.0,2.5,7,2.6,4.5,Insomnia,Sometimes,True,False,True,5.4,Anxious,Daily,True,True,False,Severe,2,9-12h,,N/A
GD0476,21,Female,Student,4,4.8,MOBA,dota 2,Multi-platform,46.29,Good,1.4,4.0,8.2,3,9.0,5.1,Poor,Sometimes,True,False,True,2.5,Euphoric,Daily,False,False,False,Low,0,3-6h,dota 2,570.0
GD0477,25,Male,Professional,4,1.1,MMO,elder scrolls online,Multi-platform,47.51,Excellent,,6.0,12.2,1,7.7,8.0,Good,Never,False,False,False,0.2,Excited,Sometimes,False,False,False,Low,0,0-3h,,N/A
GD0478,19,Male,Student,7,4.0,MMO,world of warcraft,Mobile,8.23,Average,2.89,10.0,10.5,2,7.0,6.7,Fair,Sometimes,False,False,False,0.2,Anxious,Daily,False,False,False,Low,0,3-6h,,N/A
GD0479,23,Male,Professional,7,4.0,FPS,valorant,Mobile,41.19,Good,,5.0,12.3,2,7.1,5.6,Poor,Never,False,False,False,1.6,Euphoric,Sometimes,False,False,False,Low,0,3-6h,valorant,682668.0
GD0479,23,Male,Professional,7,4.0,FPS,valorant,Mobile,41.19,Good,,5.0,12.3,2,7.1,5.6,Poor,Never,False,False,False,1.6,Euphoric,Sometimes,False,False,False,Low,0,3-6h,valorant,682740.0
GD0480,17,Female,Student,7,7.3,MOBA,league of legends,PC,95.15,Average,3.36,,4.6,2,5.5,3.4,Very Poor,Never,True,True,True,1.5,Restless,Rarely,True,True,False,High,2,6-9h,,N/A
GD0481,22,Female,Student,6,9.9,RPG,skyrim,Mobile,426.59,Below Average,1.67,6.0,5.9,6,4.6,3.7,Poor,Sometimes,True,True,True,0.6,Irritable,Sometimes,True,False,True,Severe,2,9-12h,skyrim,2435.0
GD0482,24,Male,Professional,9,2.1,MOBA,mobile legends,PC,48.98,Good,,10.0,12.0,1,7.4,9.0,Fair,Often,False,False,False,0.5,Irritable,Sometimes,False,False,False,Low,0,0-3h,,N/A
GD0483,22,Male,Student,7,1.8,RPG,cyberpunk 2077,Multi-platform,15.91,Good,3.3,10.0,15.0,1,9.4,7.5,Fair,Never,False,False,False,0.1,Normal,Often,False,False,False,Low,0,0-3h,cyberpunk 2077,1091500.0
GD0483,22,Male,Student,7,1.8,RPG,cyberpunk 2077,Multi-platform,15.91,Good,3.3,10.0,15.0,1,9.4,7.5,Fair,Never,False,False,False,0.1,Normal,Often,False,False,False,Low,0,0-3h,cyberpunk 2077,487113.0
GD0483,22,Male,Student,7,1.8,RPG,cyberpunk 2077,Multi-platform,15.91,Good,3.3,10.0,15.0,1,9.4,7.5,Fair,Never,False,False,False,0.1,Normal,Often,False,False,False,Low,0,0-3h,cyberpunk 2077,421702.0
GD0483,22,Male,Student,7,1.8,RPG,cyberpunk 2077,Multi-platform,15.91,Good,3.3,10.0,15.0,1,9.4,7.5,Fair,Never,False,False,False,0.1,Normal,Often,False,False,False,Low,0,0-3h,cyberpunk 2077,421362.0
GD0484,22,Male,Student,10,8.1,FPS,call of duty,Multi-platform,121.33,Below Average,3.18,4.0,5.8,5,4.8,5.5,Fair,Never,True,True,True,1.0,Angry,Never,False,True,False,Moderate,1,6-9h,,N/A
GD0485,15,Male,Student,5,11.2,Battle Royale,fortnite,Console,352.98,Below Average,3.62,,1.1,6,3.6,3.9,Poor,Never,True,True,True,1.1,Restless,Never,True,True,True,Severe,3,9-12h,fortnite,18141.0
GD0485,15,Male,Student,5,11.2,Battle Royale,fortnite,Console,352.98,Below Average,3.62,,1.1,6,3.6,3.9,Poor,Never,True,True,True,1.1,Restless,Never,True,True,True,Severe,3,9-12h,fortnite,417808.0
GD0485,15,Male,Student,5,11.2,Battle Royale,fortnite,Console,352.98,Below Average,3.62,,1.1,6,3.6,3.9,Poor,Never,True,True,True,1.1,Restless,Never,True,True,True,Severe,3,9-12h,fortnite,18167.0
GD0485,15,Male,Student,5,11.2,Battle Royale,fortnite,Console,352.98,Below Average,3.62,,1.1,6,3.6,3.9,Poor,Never,True,True,True,1.1,Restless,Never,True,True,True,Severe,3,9-12h,fortnite,18204.0
GD0486,21,Male,Student,3,11.6,MMO,final fantasy xiv online,Mobile,426.48,Poor,2.57,3.0,0.0,10,3.8,5.4,Very Poor,Always,False,False,False,3.5,Anxious,Never,True,False,False,High,1,9-12h,final fantasy xiv online,39210.0
GD0487,30,Male,Professional,3,12.4,Strategy,sid meier's civilization vi,Console,238.32,Average,,4.0,0.0,9,4.7,5.3,Very Poor,Rarely,False,True,True,2.1,Restless,Sometimes,True,True,False,Severe,2,12h+,sid meier's civilization vi,335483.0
GD0487,30,Male,Professional,3,12.4,Strategy,sid meier's civilization vi,Console,238.32,Average,,4.0,0.0,9,4.7,5.3,Very Poor,Rarely,False,True,True,2.1,Restless,Sometimes,True,True,False,Severe,2,12h+,sid meier's civilization vi,335482.0
GD0487,30,Male,Professional,3,12.4,Strategy,sid meier's civilization vi,Console,238.32,Average,,4.0,0.0,9,4.7,5.3,Very Poor,Rarely,False,True,True,2.1,Restless,Sometimes,True,True,False,Severe,2,12h+,sid meier's civilization vi,336792.0
GD0488,14,Female,Student,2,3.9,MMO,final fantasy xiv online,Multi-platform,38.56,Good,3.55,,8.0,5,9.3,5.2,Poor,Rarely,False,False,False,1.3,Anxious,Never,False,False,False,Low,0,3-6h,final fantasy xiv online,39210.0
GD0489,16,Female,Student,4,5.5,Battle Royale,pubg,Multi-platform,128.87,Average,3.16,,5.3,3,7.3,6.6,Poor,Never,True,True,True,2.4,Depressed,Daily,False,True,False,Moderate,1,3-6h,,N/A
GD0490,28,Male,Professional,8,0.9,Battle Royale,fortnite,Multi-platform,7.57,Average,,2.0,12.0,1,7.9,8.4,Good,Rarely,False,False,False,0.6,Euphoric,Often,False,False,False,Low,0,0-3h,fortnite,18141.0
GD0490,28,Male,Professional,8,0.9,Battle Royale,fortnite,Multi-platform,7.57,Average,,2.0,12.0,1,7.9,8.4,Good,Rarely,False,False,False,0.6,Euphoric,Often,False,False,False,Low,0,0-3h,fortnite,417808.0
GD0490,28,Male,Professional,8,0.9,Battle Royale,fortnite,Multi-platform,7.57,Average,,2.0,12.0,1,7.9,8.4,Good,Rarely,False,False,False,0.6,Euphoric,Often,False,False,False,Low,0,0-3h,fortnite,18167.0
GD0490,28,Male,Professional,8,0.9,Battle Royale,fortnite,Multi-platform,7.57,Average,,2.0,12.0,1,7.9,8.4,Good,Rarely,False,False,False,0.6,Euphoric,Often,False,False,False,Low,0,0-3h,fortnite,18204.0
GD0491,20,Female,Student,8,5.7,Battle Royale,fortnite,Mobile,75.19,Good,1.53,5.0,4.9,5,5.4,5.5,Good,Always,False,True,True,1.9,Angry,Rarely,False,False,False,Low,0,3-6h,fortnite,18141.0
GD0491,20,Female,Student,8,5.7,Battle Royale,fortnite,Mobile,75.19,Good,1.53,5.0,4.9,5,5.4,5.5,Good,Always,False,True,True,1.9,Angry,Rarely,False,False,False,Low,0,3-6h,fortnite,417808.0
GD0491,20,Female,Student,8,5.7,Battle Royale,fortnite,Mobile,75.19,Good,1.53,5.0,4.9,5,5.4,5.5,Good,Always,False,True,True,1.9,Angry,Rarely,False,False,False,Low,0,3-6h,fortnite,18167.0
GD0491,20,Female,Student,8,5.7,Battle Royale,fortnite,Mobile,75.19,Good,1.53,5.0,4.9,5,5.4,5.5,Good,Always,False,True,True,1.9,Angry,Rarely,False,False,False,Low,0,3-6h,fortnite,18204.0
GD0492,24,Male,Professional,14,14.1,Battle Royale,fortnite,Multi-platform,394.74,Below Average,,2.0,0.0,10,4.8,3.9,Insomnia,Often,True,True,True,2.2,Anxious,Often,True,True,True,Severe,3,12h+,fortnite,18141.0
GD0492,24,Male,Professional,14,14.1,Battle Royale,fortnite,Multi-platform,394.74,Below Average,,2.0,0.0,10,4.8,3.9,Insomnia,Often,True,True,True,2.2,Anxious,Often,True,True,True,Severe,3,12h+,fortnite,417808.0
GD0492,24,Male,Professional,14,14.1,Battle Royale,fortnite,Multi-platform,394.74,Below Average,,2.0,0.0,10,4.8,3.9,Insomnia,Often,True,True,True,2.2,Anxious,Often,True,True,True,Severe,3,12h+,fortnite,18167.0
GD0492,24,Male,Professional,14,14.1,Battle Royale,fortnite,Multi-platform,394.74,Below Average,,2.0,0.0,10,4.8,3.9,Insomnia,Often,True,True,True,2.2,Anxious,Often,True,True,True,Severe,3,12h+,fortnite,18204.0
GD0493,19,Female,Student,2,5.8,MOBA,league of legends,PC,70.73,Average,2.43,6.0,10.4,4,6.9,6.8,Good,Never,False,False,False,2.6,Euphoric,Daily,False,True,False,Moderate,1,3-6h,,N/A
GD0494,20,Male,Student,10,6.0,FPS,counter-strike: global offensive,Console,95.85,Below Average,3.43,9.0,10.7,5,6.4,6.5,Very Poor,Often,True,False,True,1.2,Angry,Rarely,False,True,False,Moderate,1,3-6h,counter-strike: global offensive,3468.0
GD0495,20,Female,Student,1,3.8,Battle Royale,pubg,Console,9.48,Excellent,3.16,2.0,8.7,4,9.2,6.0,Fair,Sometimes,False,False,False,2.2,Irritable,Often,False,False,False,Low,0,3-6h,,N/A
GD0496,16,Male,Student,4,7.9,MMO,world of warcraft,PC,136.26,Average,3.47,,5.5,5,7.8,5.1,Fair,Often,False,True,True,3.0,Irritable,Rarely,False,True,False,Moderate,1,6-9h,,N/A
GD0497,27,Male,Professional,5,9.1,MMO,final fantasy xiv online,PC,224.46,Failing,,8.0,5.1,6,6.4,5.9,Very Poor,Never,True,True,True,0.2,Anxious,Rarely,True,False,False,High,1,6-9h,final fantasy xiv online,39210.0
GD0498,22,Male,Student,4,9.5,Battle Royale,fortnite,PC,207.65,Average,1.14,4.0,3.3,6,5.7,3.7,Fair,Always,True,True,True,2.2,Angry,Rarely,False,True,False,High,1,9-12h,fortnite,18141.0
GD0498,22,Male,Student,4,9.5,Battle Royale,fortnite,PC,207.65,Average,1.14,4.0,3.3,6,5.7,3.7,Fair,Always,True,True,True,2.2,Angry,Rarely,False,True,False,High,1,9-12h,fortnite,417808.0
GD0498,22,Male,Student,4,9.5,Battle Royale,fortnite,PC,207.65,Average,1.14,4.0,3.3,6,5.7,3.7,Fair,Always,True,True,True,2.2,Angry,Rarely,False,True,False,High,1,9-12h,fortnite,18167.0
GD0498,22,Male,Student,4,9.5,Battle Royale,fortnite,PC,207.65,Average,1.14,4.0,3.3,6,5.7,3.7,Fair,Always,True,True,True,2.2,Angry,Rarely,False,True,False,High,1,9-12h,fortnite,18204.0
GD0499,20,Male,Student,6,5.9,Battle Royale,pubg,Multi-platform,131.7,Average,2.14,8.0,10.7,3,5.4,6.7,Good,Always,False,True,True,0.3,Restless,Often,False,False,False,Low,0,3-6h,,N/A
GD0500,20,Female,Student,3,7.1,Battle Royale,fortnite,Console,142.02,Below Average,1.02,3.0,5.0,3,5.5,4.7,Poor,Sometimes,True,True,True,3.6,Irritable,Sometimes,True,True,False,High,2,6-9h,fortnite,18141.0
GD0500,20,Female,Student,3,7.1,Battle Royale,fortnite,Console,142.02,Below Average,1.02,3.0,5.0,3,5.5,4.7,Poor,Sometimes,True,True,True,3.6,Irritable,Sometimes,True,True,False,High,2,6-9h,fortnite,417808.0
GD0500,20,Female,Student,3,7.1,Battle Royale,fortnite,Console,142.02,Below Average,1.02,3.0,5.0,3,5.5,4.7,Poor,Sometimes,True,True,True,3.6,Irritable,Sometimes,True,True,False,High,2,6-9h,fortnite,18167.0
GD0500,20,Female,Student,3,7.1,Battle Royale,fortnite,Console,142.02,Below Average,1.02,3.0,5.0,3,5.5,4.7,Poor,Sometimes,True,True,True,3.6,Irritable,Sometimes,True,True,False,High,2,6-9h,fortnite,18204.0
GD0501,18,Male,Student,4,9.6,Battle Royale,apex legends,Multi-platform,82.52,Poor,3.97,,2.3,6,5.6,3.7,Very Poor,Always,True,True,True,6.7,Restless,Rarely,False,False,False,Moderate,0,9-12h,apex legends,176538.0
GD0501,18,Male,Student,4,9.6,Battle Royale,apex legends,Multi-platform,82.52,Poor,3.97,,2.3,6,5.6,3.7,Very Poor,Always,True,True,True,6.7,Restless,Rarely,False,False,False,Moderate,0,9-12h,apex legends,495480.0
GD0501,18,Male,Student,4,9.6,Battle Royale,apex legends,Multi-platform,82.52,Poor,3.97,,2.3,6,5.6,3.7,Very Poor,Always,True,True,True,6.7,Restless,Rarely,False,False,False,Moderate,0,9-12h,apex legends,176537.0
GD0502,23,Female,Professional,8,4.1,RPG,skyrim,Mobile,34.53,Below Average,,1.0,11.9,2,6.6,5.6,Poor,Rarely,False,False,False,2.5,Normal,Rarely,False,False,False,Low,0,3-6h,skyrim,2435.0
GD0503,19,Male,Student,5,7.5,RPG,skyrim,PC,70.7,Average,1.78,4.0,7.3,5,8.0,3.3,Insomnia,Sometimes,False,False,False,1.0,Depressed,Daily,False,False,False,Low,0,6-9h,skyrim,2435.0
GD0504,14,Male,Student,2,3.5,MMO,elder scrolls online,Multi-platform,10.74,Good,2.45,,11.2,3,7.9,7.9,Poor,Never,False,False,False,1.1,Restless,Rarely,False,False,False,Low,0,3-6h,,N/A
GD0505,27,Female,Professional,17,0.8,RPG,cyberpunk 2077,Multi-platform,27.33,Good,,6.0,14.3,1,10.5,8.2,Good,Often,False,False,False,0.2,Anxious,Often,False,False,False,Low,0,0-3h,cyberpunk 2077,1091500.0
GD0505,27,Female,Professional,17,0.8,RPG,cyberpunk 2077,Multi-platform,27.33,Good,,6.0,14.3,1,10.5,8.2,Good,Often,False,False,False,0.2,Anxious,Often,False,False,False,Low,0,0-3h,cyberpunk 2077,487113.0
GD0505,27,Female,Professional,17,0.8,RPG,cyberpunk 2077,Multi-platform,27.33,Good,,6.0,14.3,1,10.5,8.2,Good,Often,False,False,False,0.2,Anxious,Often,False,False,False,Low,0,0-3h,cyberpunk 2077,421702.0
GD0505,27,Female,Professional,17,0.8,RPG,cyberpunk 2077,Multi-platform,27.33,Good,,6.0,14.3,1,10.5,8.2,Good,Often,False,False,False,0.2,Anxious,Often,False,False,False,Low,0,0-3h,cyberpunk 2077,421362.0
GD0506,18,Female,Student,2,9.4,MMO,elder scrolls online,Mobile,470.19,Below Average,3.04,,5.3,4,7.1,3.6,Very Poor,Rarely,False,False,False,4.7,Irritable,Daily,False,False,True,High,1,9-12h,,N/A
GD0507,21,Male,Student,11,5.5,FPS,valorant,Multi-platform,91.49,Below Average,3.86,4.0,6.0,3,9.1,6.3,Fair,Sometimes,True,False,True,1.6,Irritable,Often,False,False,False,Low,0,3-6h,valorant,682668.0
GD0507,21,Male,Student,11,5.5,FPS,valorant,Multi-platform,91.49,Below Average,3.86,4.0,6.0,3,9.1,6.3,Fair,Sometimes,True,False,True,1.6,Irritable,Often,False,False,False,Low,0,3-6h,valorant,682740.0
GD0508,18,Male,Student,7,4.6,FPS,overwatch,PC,96.69,Poor,3.77,,7.1,2,8.5,6.8,Good,Always,True,False,True,2.4,Angry,Sometimes,False,False,False,Low,0,3-6h,,N/A
GD0509,18,Male,Student,6,3.5,FPS,overwatch,Multi-platform,38.67,Good,3.76,,12.8,1,10.0,8.4,Good,Never,False,False,False,1.0,Excited,Rarely,False,False,False,Low,0,3-6h,,N/A
GD0510,19,Male,Student,6,5.7,Battle Royale,warzone,PC,89.3,Below Average,2.06,7.0,10.0,6,6.6,6.4,Good,Always,True,True,True,4.3,Euphoric,Daily,False,True,False,Moderate,1,3-6h,warzone,712230.0
GD0510,19,Male,Student,6,5.7,Battle Royale,warzone,PC,89.3,Below Average,2.06,7.0,10.0,6,6.6,6.4,Good,Always,True,True,True,4.3,Euphoric,Daily,False,True,False,Moderate,1,3-6h,warzone,2298160.0
GD0511,22,Male,Student,6,1.0,Strategy,age of empires,Console,7.33,Good,3.87,9.0,14.9,1,11.3,8.0,Fair,Sometimes,False,False,False,0.1,Anxious,Daily,False,False,False,Low,0,0-3h,,N/A
GD0512,19,Female,Student,5,6.7,Mobile Games,pubg mobile,Console,103.77,Below Average,2.79,9.0,5.0,2,8.2,3.1,Fair,Never,False,True,True,1.2,Euphoric,Never,False,False,False,Low,0,6-9h,,N/A
GD0513,14,Male,Student,3,2.1,MOBA,dota 2,Console,41.89,Excellent,3.63,,12.1,3,8.2,7.3,Fair,Sometimes,False,False,False,0.5,Normal,Daily,False,False,False,Low,0,0-3h,dota 2,570.0
GD0514,24,Female,Professional,3,3.7,Strategy,sid meier's civilization vi,Mobile,7.4,Good,,1.0,10.8,3,6.1,6.1,Good,Often,False,False,False,2.1,Restless,Never,False,False,False,Low,0,3-6h,sid meier's civilization vi,335483.0
GD0514,24,Female,Professional,3,3.7,Strategy,sid meier's civilization vi,Mobile,7.4,Good,,1.0,10.8,3,6.1,6.1,Good,Often,False,False,False,2.1,Restless,Never,False,False,False,Low,0,3-6h,sid meier's civilization vi,335482.0
GD0514,24,Female,Professional,3,3.7,Strategy,sid meier's civilization vi,Mobile,7.4,Good,,1.0,10.8,3,6.1,6.1,Good,Often,False,False,False,2.1,Restless,Never,False,False,False,Low,0,3-6h,sid meier's civilization vi,336792.0
GD0515,15,Male,Student,5,11.2,Strategy,starcraft ii,Multi-platform,436.35,Below Average,2.41,,0.6,8,4.6,3.4,Very Poor,Sometimes,False,False,False,3.0,Irritable,Never,True,False,False,High,1,9-12h,,N/A
GD0516,17,Male,Student,3,6.3,Battle Royale,warzone,Multi-platform,85.83,Average,2.2,,9.9,4,7.1,6.2,Poor,Often,False,True,True,0.1,Normal,Rarely,False,True,False,Moderate,1,3-6h,warzone,712230.0
GD0516,17,Male,Student,3,6.3,Battle Royale,warzone,Multi-platform,85.83,Average,2.2,,9.9,4,7.1,6.2,Poor,Often,False,True,True,0.1,Normal,Rarely,False,True,False,Moderate,1,3-6h,warzone,2298160.0
GD0517,20,Male,Student,8,12.2,Battle Royale,apex legends,Console,343.9,Below Average,3.3,9.0,0.5,7,4.1,5.3,Very Poor,Rarely,True,True,True,1.2,Irritable,Daily,True,False,False,High,1,12h+,apex legends,176538.0
GD0517,20,Male,Student,8,12.2,Battle Royale,apex legends,Console,343.9,Below Average,3.3,9.0,0.5,7,4.1,5.3,Very Poor,Rarely,True,True,True,1.2,Irritable,Daily,True,False,False,High,1,12h+,apex legends,495480.0
GD0517,20,Male,Student,8,12.2,Battle Royale,apex legends,Console,343.9,Below Average,3.3,9.0,0.5,7,4.1,5.3,Very Poor,Rarely,True,True,True,1.2,Irritable,Daily,True,False,False,High,1,12h+,apex legends,176537.0
GD0518,20,Male,Student,9,5.4,MMO,final fantasy xiv online,Mobile,114.75,Poor,1.63,10.0,9.9,3,6.9,5.9,Very Poor,Often,True,False,True,0.2,Anxious,Never,False,False,False,Low,0,3-6h,final fantasy xiv online,39210.0
GD0519,16,Male,Student,2,7.8,MOBA,mobile legends,Mobile,50.64,Good,1.33,,6.0,5,4.5,3.1,Fair,Never,True,True,True,0.5,Irritable,Often,True,False,True,High,2,6-9h,,N/A
GD0520,21,Male,Student,8,3.1,Mobile Games,clash of clans,Console,1.5,Average,3.87,1.0,11.2,1,7.0,8.7,Poor,Often,False,False,False,0.5,Normal,Daily,False,False,False,Low,0,0-3h,,N/A
GD0521,24,Male,Professional,2,8.2,Strategy,starcraft ii,Multi-platform,29.0,Poor,,10.0,5.9,6,4.1,3.6,Fair,Sometimes,True,True,True,2.1,Angry,Rarely,False,False,True,Moderate,1,6-9h,,N/A
GD0522,20,Male,Student,6,6.6,MMO,final fantasy xiv online,Console,35.07,Below Average,2.86,1.0,6.9,5,6.8,4.9,Poor,Always,True,False,True,2.5,Normal,Rarely,True,True,False,High,2,6-9h,final fantasy xiv online,39210.0
GD0523,21,Female,Student,7,9.1,MOBA,league of legends,Mobile,479.29,Poor,3.33,5.0,4.1,6,4.3,4.7,Poor,Never,False,True,True,0.3,Anxious,Often,False,False,True,High,1,6-9h,,N/A
GD0524,17,Male,Student,4,4.6,FPS,valorant,Multi-platform,40.53,Average,1.61,,8.6,6,9.1,6.2,Good,Sometimes,False,False,False,2.5,Restless,Never,False,False,False,Low,0,3-6h,valorant,682668.0
GD0524,17,Male,Student,4,4.6,FPS,valorant,Multi-platform,40.53,Average,1.61,,8.6,6,9.1,6.2,Good,Sometimes,False,False,False,2.5,Restless,Never,False,False,False,Low,0,3-6h,valorant,682740.0
GD0525,19,Male,Student,4,7.3,Strategy,sid meier's civilization vi,Console,84.52,Poor,3.31,3.0,7.1,4,5.3,3.2,Fair,Rarely,True,True,True,1.4,Anxious,Daily,True,True,False,High,2,6-9h,sid meier's civilization vi,335483.0
GD0525,19,Male,Student,4,7.3,Strategy,sid meier's civilization vi,Console,84.52,Poor,3.31,3.0,7.1,4,5.3,3.2,Fair,Rarely,True,True,True,1.4,Anxious,Daily,True,True,False,High,2,6-9h,sid meier's civilization vi,335482.0
GD0525,19,Male,Student,4,7.3,Strategy,sid meier's civilization vi,Console,84.52,Poor,3.31,3.0,7.1,4,5.3,3.2,Fair,Rarely,True,True,True,1.4,Anxious,Daily,True,True,False,High,2,6-9h,sid meier's civilization vi,336792.0
GD0526,16,Male,Student,4,1.7,FPS,valorant,Multi-platform,12.32,Excellent,3.03,,9.7,1,7.6,8.2,Poor,Sometimes,False,False,False,0.8,Excited,Rarely,False,False,False,Low,0,0-3h,valorant,682668.0
GD0526,16,Male,Student,4,1.7,FPS,valorant,Multi-platform,12.32,Excellent,3.03,,9.7,1,7.6,8.2,Poor,Sometimes,False,False,False,0.8,Excited,Rarely,False,False,False,Low,0,0-3h,valorant,682740.0
GD0527,18,Male,Student,5,4.3,FPS,overwatch,Console,32.71,Below Average,3.2,,9.0,4,9.5,6.9,Fair,Sometimes,False,False,False,0.0,Euphoric,Sometimes,False,False,False,Low,0,3-6h,,N/A
GD0528,21,Male,Student,11,1.3,FPS,overwatch,Multi-platform,44.99,Average,3.92,8.0,12.2,1,9.2,8.5,Fair,Often,False,False,False,0.1,Excited,Never,False,False,False,Low,0,0-3h,,N/A
GD0529,25,Male,Professional,11,10.4,MMO,world of warcraft,Console,61.9,Poor,,3.0,0.6,5,6.4,4.3,Fair,Often,True,False,True,5.0,Restless,Sometimes,True,True,False,Severe,2,9-12h,,N/A
GD0530,20,Female,Student,6,10.1,MOBA,dota 2,Mobile,350.42,Below Average,2.09,1.0,5.2,8,3.6,5.7,Very Poor,Always,True,True,True,8.9,Depressed,Often,True,True,True,Severe,3,9-12h,dota 2,570.0
GD0531,20,Female,Student,7,5.8,Mobile Games,genshin impact,Console,124.29,Average,1.63,3.0,7.8,5,8.8,6.3,Very Poor,Rarely,False,False,False,2.4,Euphoric,Daily,False,False,False,Low,0,3-6h,genshin impact,410617.0
GD0531,20,Female,Student,7,5.8,Mobile Games,genshin impact,Console,124.29,Average,1.63,3.0,7.8,5,8.8,6.3,Very Poor,Rarely,False,False,False,2.4,Euphoric,Daily,False,False,False,Low,0,3-6h,genshin impact,437991.0
GD0531,20,Female,Student,7,5.8,Mobile Games,genshin impact,Console,124.29,Average,1.63,3.0,7.8,5,8.8,6.3,Very Poor,Rarely,False,False,False,2.4,Euphoric,Daily,False,False,False,Low,0,3-6h,genshin impact,410618.0
GD0531,20,Female,Student,7,5.8,Mobile Games,genshin impact,Console,124.29,Average,1.63,3.0,7.8,5,8.8,6.3,Very Poor,Rarely,False,False,False,2.4,Euphoric,Daily,False,False,False,Low,0,3-6h,genshin impact,748280.0
GD0532,18,Male,Student,5,2.5,Mobile Games,clash of clans,Mobile,30.97,Average,1.57,,12.3,1,10.4,8.9,Good,Often,False,False,False,0.5,Normal,Daily,False,False,False,Low,0,0-3h,,N/A
GD0533,18,Male,Student,7,2.6,MMO,final fantasy xiv online,Mobile,26.71,Excellent,2.58,,12.4,2,10.1,8.8,Good,Never,False,False,False,0.2,Normal,Never,False,False,False,Low,0,0-3h,final fantasy xiv online,39210.0
GD0534,19,Male,Student,1,10.2,MOBA,league of legends,PC,207.43,Failing,3.44,10.0,3.0,7,6.9,3.3,Very Poor,Rarely,False,False,False,0.8,Euphoric,Daily,True,False,False,High,1,9-12h,,N/A
GD0535,14,Male,Student,1,5.8,FPS,counter-strike: global offensive,Console,88.33,Poor,2.69,,9.4,4,7.1,6.2,Fair,Never,True,True,True,0.4,Restless,Never,False,True,False,Moderate,1,3-6h,counter-strike: global offensive,3468.0
GD0536,17,Female,Student,6,1.9,MMO,final fantasy xiv online,PC,23.78,Average,1.78,,11.5,1,10.9,7.1,Good,Always,False,False,False,0.1,Withdrawn,Rarely,False,False,False,Low,0,0-3h,final fantasy xiv online,39210.0
GD0537,18,Male,Student,4,8.0,RPG,elden ring,PC,85.28,Poor,3.81,,5.3,5,7.7,5.0,Poor,Never,True,True,True,0.1,Angry,Rarely,False,True,True,High,2,6-9h,elden ring,1245620.0
GD0537,18,Male,Student,4,8.0,RPG,elden ring,PC,85.28,Poor,3.81,,5.3,5,7.7,5.0,Poor,Never,True,True,True,0.1,Angry,Rarely,False,True,True,High,2,6-9h,elden ring,489212.0
GD0538,18,Male,Student,4,3.4,MMO,elder scrolls online,Multi-platform,30.22,Average,2.15,,9.6,1,9.0,7.4,Poor,Never,False,False,False,0.3,Normal,Daily,False,False,False,Low,0,0-3h,,N/A
GD0539,24,Male,Professional,10,1.2,Strategy,age of empires,PC,32.34,Average,,1.0,14.2,1,8.6,7.6,Fair,Often,False,False,False,0.3,Irritable,Sometimes,False,False,False,Low,0,0-3h,,N/A
GD0540,19,Male,Student,4,4.3,MMO,elder scrolls online,PC,43.72,Below Average,2.46,10.0,11.9,3,9.2,6.3,Good,Rarely,False,False,False,0.7,Restless,Sometimes,False,False,False,Low,0,3-6h,,N/A
GD0541,18,Male,Student,1,10.7,Battle Royale,apex legends,Mobile,115.6,Below Average,3.11,,4.3,7,4.3,5.3,Fair,Never,True,True,True,4.8,Depressed,Sometimes,True,True,True,Severe,3,9-12h,apex legends,176538.0
GD0541,18,Male,Student,1,10.7,Battle Royale,apex legends,Mobile,115.6,Below Average,3.11,,4.3,7,4.3,5.3,Fair,Never,True,True,True,4.8,Depressed,Sometimes,True,True,True,Severe,3,9-12h,apex legends,495480.0
GD0541,18,Male,Student,1,10.7,Battle Royale,apex legends,Mobile,115.6,Below Average,3.11,,4.3,7,4.3,5.3,Fair,Never,True,True,True,4.8,Depressed,Sometimes,True,True,True,Severe,3,9-12h,apex legends,176537.0
GD0542,27,Male,Professional,15,3.3,Battle Royale,pubg,Console,11.66,Below Average,,6.0,9.0,3,9.3,8.9,Poor,Often,False,False,False,0.4,Anxious,Sometimes,False,False,False,Low,0,0-3h,,N/A
GD0543,31,Male,Professional,7,10.4,Strategy,sid meier's civilization vi,Console,339.48,Average,,10.0,1.8,7,7.0,3.2,Poor,Sometimes,False,False,False,4.1,Normal,Often,False,True,True,Severe,2,9-12h,sid meier's civilization vi,335483.0
GD0543,31,Male,Professional,7,10.4,Strategy,sid meier's civilization vi,Console,339.48,Average,,10.0,1.8,7,7.0,3.2,Poor,Sometimes,False,False,False,4.1,Normal,Often,False,True,True,Severe,2,9-12h,sid meier's civilization vi,335482.0
GD0543,31,Male,Professional,7,10.4,Strategy,sid meier's civilization vi,Console,339.48,Average,,10.0,1.8,7,7.0,3.2,Poor,Sometimes,False,False,False,4.1,Normal,Often,False,True,True,Severe,2,9-12h,sid meier's civilization vi,336792.0
GD0544,22,Female,Student,4,6.7,Mobile Games,candy crush,PC,37.0,Poor,1.18,5.0,6.5,5,6.5,4.6,Poor,Rarely,True,True,True,1.4,Angry,Sometimes,True,True,False,High,2,6-9h,,N/A
GD0545,16,Male,Student,4,6.3,MMO,elder scrolls online,Mobile,33.58,Excellent,1.91,,4.8,3,7.7,5.1,Poor,Sometimes,False,False,False,0.8,Irritable,Daily,False,False,False,Low,0,3-6h,,N/A
GD0546,19,Male,Student,6,6.2,MMO,world of warcraft,Mobile,138.86,Average,3.56,6.0,7.4,3,5.9,6.7,Fair,Often,True,False,True,3.6,Depressed,Rarely,False,True,False,Moderate,1,3-6h,,N/A
GD0547,22,Male,Student,3,3.2,MMO,world of warcraft,Multi-platform,42.64,Average,3.82,6.0,8.7,4,8.4,8.7,Poor,Sometimes,False,False,False,0.6,Withdrawn,Sometimes,False,False,False,Low,0,0-3h,,N/A
GD0548,24,Male,Professional,13,7.1,FPS,call of duty,Console,96.9,Below Average,,8.0,4.9,5,6.0,3.8,Good,Never,False,False,False,2.2,Depressed,Daily,True,True,False,High,2,6-9h,,N/A
GD0549,18,Male,Student,1,8.4,MOBA,dota 2,Mobile,73.02,Poor,3.2,,7.2,5,4.7,5.2,Poor,Rarely,True,True,True,0.7,Restless,Sometimes,False,False,False,Low,0,6-9h,dota 2,570.0
GD0550,21,Female,Student,9,7.2,Battle Royale,fortnite,PC,99.01,Excellent,1.41,2.0,5.0,4,6.2,5.9,Fair,Never,True,True,True,0.6,Irritable,Sometimes,True,False,False,Moderate,1,6-9h,fortnite,18141.0
GD0550,21,Female,Student,9,7.2,Battle Royale,fortnite,PC,99.01,Excellent,1.41,2.0,5.0,4,6.2,5.9,Fair,Never,True,True,True,0.6,Irritable,Sometimes,True,False,False,Moderate,1,6-9h,fortnite,417808.0
GD0550,21,Female,Student,9,7.2,Battle Royale,fortnite,PC,99.01,Excellent,1.41,2.0,5.0,4,6.2,5.9,Fair,Never,True,True,True,0.6,Irritable,Sometimes,True,False,False,Moderate,1,6-9h,fortnite,18167.0
GD0550,21,Female,Student,9,7.2,Battle Royale,fortnite,PC,99.01,Excellent,1.41,2.0,5.0,4,6.2,5.9,Fair,Never,True,True,True,0.6,Irritable,Sometimes,True,False,False,Moderate,1,6-9h,fortnite,18204.0
GD0551,19,Male,Student,6,9.5,Strategy,age of empires,Multi-platform,90.31,Excellent,1.94,5.0,2.4,6,4.6,3.2,Poor,Always,True,False,True,0.6,Irritable,Daily,True,True,True,Severe,3,9-12h,,N/A
GD0552,19,Male,Student,6,6.0,Mobile Games,pubg mobile,Console,35.25,Average,1.42,9.0,10.2,4,5.4,5.3,Fair,Rarely,False,False,False,3.5,Restless,Daily,False,False,False,Low,0,3-6h,,N/A
GD0553,19,Female,Student,5,2.3,MOBA,mobile legends,Console,39.46,Good,3.61,10.0,14.5,2,9.8,8.9,Good,Often,False,False,False,0.6,Normal,Never,False,False,False,Low,0,0-3h,,N/A
GD0554,27,Male,Professional,5,4.2,Strategy,age of empires,PC,18.36,Excellent,,2.0,12.6,3,8.9,5.9,Good,Always,False,False,False,1.3,Euphoric,Sometimes,False,False,False,Low,0,3-6h,,N/A
GD0555,19,Female,Student,5,4.6,RPG,cyberpunk 2077,Console,70.56,Average,3.24,2.0,11.3,5,7.3,6.1,Good,Always,True,False,True,1.3,Angry,Rarely,False,False,False,Low,0,3-6h,cyberpunk 2077,1091500.0
GD0555,19,Female,Student,5,4.6,RPG,cyberpunk 2077,Console,70.56,Average,3.24,2.0,11.3,5,7.3,6.1,Good,Always,True,False,True,1.3,Angry,Rarely,False,False,False,Low,0,3-6h,cyberpunk 2077,487113.0
GD0555,19,Female,Student,5,4.6,RPG,cyberpunk 2077,Console,70.56,Average,3.24,2.0,11.3,5,7.3,6.1,Good,Always,True,False,True,1.3,Angry,Rarely,False,False,False,Low,0,3-6h,cyberpunk 2077,421702.0
GD0555,19,Female,Student,5,4.6,RPG,cyberpunk 2077,Console,70.56,Average,3.24,2.0,11.3,5,7.3,6.1,Good,Always,True,False,True,1.3,Angry,Rarely,False,False,False,Low,0,3-6h,cyberpunk 2077,421362.0
GD0556,19,Male,Student,6,4.8,Strategy,age of empires,Console,97.99,Poor,2.78,1.0,8.6,2,8.1,7.0,Poor,Often,True,False,True,3.2,Euphoric,Daily,False,False,False,Low,0,3-6h,,N/A
GD0557,20,Male,Student,3,11.7,Mobile Games,pubg mobile,Console,360.29,Average,2.69,7.0,0.2,7,5.4,5.5,Very Poor,Always,True,False,True,0.1,Euphoric,Daily,True,True,True,Severe,3,9-12h,,N/A
GD0558,26,Male,Professional,11,2.5,MOBA,dota 2,PC,0.43,Good,,4.0,13.5,1,8.8,7.6,Good,Always,False,False,False,0.5,Anxious,Daily,False,False,False,Low,0,0-3h,dota 2,570.0
GD0559,33,Male,Professional,19,5.2,MOBA,mobile legends,Console,102.88,Excellent,,10.0,9.2,2,8.2,5.3,Good,Rarely,True,False,True,0.7,Irritable,Sometimes,False,False,False,Low,0,3-6h,,N/A
GD0560,19,Male,Student,7,4.6,MOBA,mobile legends,Multi-platform,37.92,Average,1.85,9.0,11.2,1,5.5,5.4,Fair,Rarely,False,False,False,0.2,Restless,Never,False,False,False,Low,0,3-6h,,N/A
GD0561,18,Male,Student,4,4.0,MOBA,mobile legends,Multi-platform,26.29,Excellent,3.29,,13.2,3,8.7,5.8,Poor,Always,False,False,False,0.1,Normal,Sometimes,False,False,False,Low,0,3-6h,,N/A
GD0562,20,Female,Student,3,1.7,Mobile Games,clash of clans,Console,2.01,Excellent,3.88,7.0,10.4,1,7.6,8.7,Good,Rarely,False,False,False,0.1,Normal,Daily,False,False,False,Low,0,0-3h,,N/A
GD0563,16,Male,Student,1,7.6,FPS,valorant,Mobile,42.16,Poor,1.73,,4.1,3,6.9,3.3,Insomnia,Always,False,True,True,4.6,Withdrawn,Daily,True,False,False,Moderate,1,6-9h,valorant,682668.0
GD0563,16,Male,Student,1,7.6,FPS,valorant,Mobile,42.16,Poor,1.73,,4.1,3,6.9,3.3,Insomnia,Always,False,True,True,4.6,Withdrawn,Daily,True,False,False,Moderate,1,6-9h,valorant,682740.0
GD0564,22,Male,Student,8,4.5,MMO,final fantasy xiv online,Mobile,92.49,Below Average,1.54,10.0,11.8,2,7.1,6.9,Poor,Sometimes,True,False,True,2.7,Euphoric,Sometimes,False,False,False,Low,0,3-6h,final fantasy xiv online,39210.0
GD0565,23,Other,Professional,11,4.6,MMO,world of warcraft,Mobile,134.52,Below Average,,6.0,10.9,4,6.8,6.3,Fair,Often,False,False,False,0.8,Normal,Never,False,False,False,Low,0,3-6h,,N/A
GD0566,18,Male,Student,2,2.3,Strategy,sid meier's civilization vi,Console,35.89,Average,1.63,,13.1,1,9.8,7.3,Good,Sometimes,False,False,False,0.4,Normal,Rarely,False,False,False,Low,0,0-3h,sid meier's civilization vi,335483.0
GD0566,18,Male,Student,2,2.3,Strategy,sid meier's civilization vi,Console,35.89,Average,1.63,,13.1,1,9.8,7.3,Good,Sometimes,False,False,False,0.4,Normal,Rarely,False,False,False,Low,0,0-3h,sid meier's civilization vi,335482.0
GD0566,18,Male,Student,2,2.3,Strategy,sid meier's civilization vi,Console,35.89,Average,1.63,,13.1,1,9.8,7.3,Good,Sometimes,False,False,False,0.4,Normal,Rarely,False,False,False,Low,0,0-3h,sid meier's civilization vi,336792.0
GD0567,25,Female,Professional,6,5.3,MOBA,mobile legends,Mobile,123.9,Below Average,,3.0,6.3,2,8.8,6.0,Poor,Never,True,False,True,0.6,Depressed,Daily,False,False,False,Low,0,3-6h,,N/A
GD0568,20,Male,Student,3,8.0,MOBA,dota 2,Multi-platform,42.42,Below Average,2.75,6.0,6.2,5,4.7,5.8,Poor,Rarely,False,True,True,1.2,Euphoric,Often,True,True,True,Severe,3,6-9h,dota 2,570.0
GD0569,13,Male,Student,1,2.3,MOBA,league of legends,Mobile,13.49,Below Average,2.99,,10.7,1,10.6,8.2,Fair,Always,False,False,False,0.1,Normal,Sometimes,False,False,False,Low,0,0-3h,,N/A
GD0570,34,Male,Professional,17,3.9,MOBA,dota 2,PC,23.55,Excellent,,2.0,8.8,2,6.5,5.1,Fair,Sometimes,False,False,False,0.1,Irritable,Sometimes,False,False,False,Low,0,3-6h,dota 2,570.0
GD0571,28,Female,Professional,14,7.8,Battle Royale,warzone,Mobile,88.65,Poor,,1.0,2.7,6,4.0,4.7,Fair,Rarely,True,True,True,0.8,Anxious,Rarely,True,True,True,Severe,3,6-9h,warzone,712230.0
GD0571,28,Female,Professional,14,7.8,Battle Royale,warzone,Mobile,88.65,Poor,,1.0,2.7,6,4.0,4.7,Fair,Rarely,True,True,True,0.8,Anxious,Rarely,True,True,True,Severe,3,6-9h,warzone,2298160.0
GD0572,17,Male,Student,1,8.4,MMO,world of warcraft,Console,76.72,Average,3.69,,2.7,3,7.9,3.4,Poor,Always,False,False,False,2.7,Angry,Sometimes,True,False,True,High,2,6-9h,,N/A
GD0573,20,Male,Student,5,5.3,Strategy,sid meier's civilization vi,Multi-platform,140.81,Poor,2.34,6.0,8.7,4,8.5,5.5,Very Poor,Sometimes,True,False,True,1.3,Irritable,Sometimes,False,False,False,Low,0,3-6h,sid meier's civilization vi,335483.0
GD0573,20,Male,Student,5,5.3,Strategy,sid meier's civilization vi,Multi-platform,140.81,Poor,2.34,6.0,8.7,4,8.5,5.5,Very Poor,Sometimes,True,False,True,1.3,Irritable,Sometimes,False,False,False,Low,0,3-6h,sid meier's civilization vi,335482.0
GD0573,20,Male,Student,5,5.3,Strategy,sid meier's civilization vi,Multi-platform,140.81,Poor,2.34,6.0,8.7,4,8.5,5.5,Very Poor,Sometimes,True,False,True,1.3,Irritable,Sometimes,False,False,False,Low,0,3-6h,sid meier's civilization vi,336792.0
GD0574,23,Male,Professional,2,3.5,Battle Royale,warzone,Multi-platform,11.59,Below Average,,2.0,12.1,3,9.4,6.9,Very Poor,Often,False,False,False,0.4,Restless,Often,False,False,False,Low,0,3-6h,warzone,712230.0
GD0574,23,Male,Professional,2,3.5,Battle Royale,warzone,Multi-platform,11.59,Below Average,,2.0,12.1,3,9.4,6.9,Very Poor,Often,False,False,False,0.4,Restless,Often,False,False,False,Low,0,3-6h,warzone,2298160.0
GD0575,23,Male,Professional,6,4.3,RPG,elden ring,PC,6.68,Average,,1.0,12.6,1,6.4,5.5,Poor,Often,False,False,False,2.4,Depressed,Often,False,False,False,Low,0,3-6h,elden ring,1245620.0
GD0575,23,Male,Professional,6,4.3,RPG,elden ring,PC,6.68,Average,,1.0,12.6,1,6.4,5.5,Poor,Often,False,False,False,2.4,Depressed,Often,False,False,False,Low,0,3-6h,elden ring,489212.0
GD0576,21,Male,Student,4,6.5,RPG,skyrim,Mobile,132.29,Failing,1.76,7.0,5.4,4,6.2,5.7,Poor,Sometimes,True,True,True,1.0,Anxious,Sometimes,True,True,False,High,2,6-9h,skyrim,2435.0
GD0577,19,Female,Student,5,1.3,RPG,skyrim,Console,25.35,Excellent,3.45,10.0,11.5,1,11.3,9.0,Good,Never,False,False,False,0.1,Excited,Sometimes,False,False,False,Low,0,0-3h,skyrim,2435.0
GD0578,17,Female,Student,5,7.1,Battle Royale,warzone,PC,86.64,Below Average,3.36,,9.2,5,4.5,5.2,Very Poor,Sometimes,False,True,True,2.8,Irritable,Often,True,False,False,Moderate,1,6-9h,warzone,712230.0
GD0578,17,Female,Student,5,7.1,Battle Royale,warzone,PC,86.64,Below Average,3.36,,9.2,5,4.5,5.2,Very Poor,Sometimes,False,True,True,2.8,Irritable,Often,True,False,False,Moderate,1,6-9h,warzone,2298160.0
GD0579,21,Female,Student,3,2.7,Mobile Games,clash of clans,Console,34.35,Excellent,3.63,9.0,13.2,2,10.0,8.2,Good,Always,False,False,False,0.4,Normal,Often,False,False,False,Low,0,0-3h,,N/A
GD0580,21,Male,Student,8,5.9,Strategy,starcraft ii,Console,57.6,Poor,2.78,7.0,6.4,2,5.7,5.1,Poor,Sometimes,True,True,True,2.2,Normal,Never,False,False,False,Low,0,3-6h,,N/A
GD0581,18,Female,Student,4,6.4,Battle Royale,fortnite,Mobile,34.21,Below Average,1.23,,10.7,4,5.9,6.2,Very Poor,Often,True,True,True,0.9,Anxious,Daily,False,True,False,Moderate,1,6-9h,fortnite,18141.0
GD0581,18,Female,Student,4,6.4,Battle Royale,fortnite,Mobile,34.21,Below Average,1.23,,10.7,4,5.9,6.2,Very Poor,Often,True,True,True,0.9,Anxious,Daily,False,True,False,Moderate,1,6-9h,fortnite,417808.0
GD0581,18,Female,Student,4,6.4,Battle Royale,fortnite,Mobile,34.21,Below Average,1.23,,10.7,4,5.9,6.2,Very Poor,Often,True,True,True,0.9,Anxious,Daily,False,True,False,Moderate,1,6-9h,fortnite,18167.0
GD0581,18,Female,Student,4,6.4,Battle Royale,fortnite,Mobile,34.21,Below Average,1.23,,10.7,4,5.9,6.2,Very Poor,Often,True,True,True,0.9,Anxious,Daily,False,True,False,Moderate,1,6-9h,fortnite,18204.0
GD0582,17,Female,Student,5,8.3,FPS,call of duty,Console,40.05,Good,3.97,,6.7,6,4.0,3.7,Poor,Often,True,True,True,0.2,Angry,Rarely,True,True,True,Severe,3,6-9h,,N/A
GD0583,18,Male,Student,3,9.5,RPG,cyberpunk 2077,Console,327.63,Average,3.66,,3.8,4,7.0,4.6,Poor,Always,True,True,True,0.5,Anxious,Rarely,False,False,False,Moderate,0,9-12h,cyberpunk 2077,1091500.0
GD0583,18,Male,Student,3,9.5,RPG,cyberpunk 2077,Console,327.63,Average,3.66,,3.8,4,7.0,4.6,Poor,Always,True,True,True,0.5,Anxious,Rarely,False,False,False,Moderate,0,9-12h,cyberpunk 2077,487113.0
GD0583,18,Male,Student,3,9.5,RPG,cyberpunk 2077,Console,327.63,Average,3.66,,3.8,4,7.0,4.6,Poor,Always,True,True,True,0.5,Anxious,Rarely,False,False,False,Moderate,0,9-12h,cyberpunk 2077,421702.0
GD0583,18,Male,Student,3,9.5,RPG,cyberpunk 2077,Console,327.63,Average,3.66,,3.8,4,7.0,4.6,Poor,Always,True,True,True,0.5,Anxious,Rarely,False,False,False,Moderate,0,9-12h,cyberpunk 2077,421362.0
GD0584,17,Female,Student,4,7.8,RPG,skyrim,Mobile,80.16,Average,2.75,,5.7,4,5.5,5.7,Poor,Never,True,False,True,2.2,Angry,Rarely,True,True,False,High,2,6-9h,skyrim,2435.0
GD0585,21,Male,Student,7,8.3,MMO,elder scrolls online,PC,76.85,Poor,1.36,4.0,4.9,5,7.9,3.8,Fair,Often,False,False,False,2.8,Angry,Never,True,True,True,Severe,3,6-9h,,N/A
GD0586,16,Male,Student,6,1.0,RPG,skyrim,Multi-platform,4.9,Excellent,2.61,,13.7,1,7.6,7.4,Good,Often,False,False,False,0.2,Excited,Rarely,False,False,False,Low,0,0-3h,skyrim,2435.0
GD0587,19,Female,Student,9,8.4,RPG,skyrim,PC,94.45,Poor,1.69,7.0,2.6,6,5.4,3.8,Poor,Sometimes,True,True,True,1.9,Restless,Often,False,True,False,Moderate,1,6-9h,skyrim,2435.0
GD0588,16,Male,Student,2,6.9,MMO,elder scrolls online,Multi-platform,11.92,Below Average,2.13,,8.4,4,8.2,4.7,Poor,Always,False,True,True,0.2,Angry,Daily,False,False,False,Low,0,6-9h,,N/A
GD0589,24,Female,Professional,14,8.4,Battle Royale,fortnite,Console,144.35,Poor,,4.0,4.5,5,5.5,5.2,Very Poor,Rarely,False,True,True,0.7,Irritable,Rarely,True,True,False,High,2,6-9h,fortnite,18141.0
GD0589,24,Female,Professional,14,8.4,Battle Royale,fortnite,Console,144.35,Poor,,4.0,4.5,5,5.5,5.2,Very Poor,Rarely,False,True,True,0.7,Irritable,Rarely,True,True,False,High,2,6-9h,fortnite,417808.0
GD0589,24,Female,Professional,14,8.4,Battle Royale,fortnite,Console,144.35,Poor,,4.0,4.5,5,5.5,5.2,Very Poor,Rarely,False,True,True,0.7,Irritable,Rarely,True,True,False,High,2,6-9h,fortnite,18167.0
GD0589,24,Female,Professional,14,8.4,Battle Royale,fortnite,Console,144.35,Poor,,4.0,4.5,5,5.5,5.2,Very Poor,Rarely,False,True,True,0.7,Irritable,Rarely,True,True,False,High,2,6-9h,fortnite,18204.0
GD0590,22,Male,Student,11,1.7,MMO,elder scrolls online,Mobile,42.67,Average,1.77,7.0,11.1,1,7.6,7.1,Good,Sometimes,False,False,False,0.1,Normal,Rarely,False,False,False,Low,0,0-3h,,N/A
GD0591,18,Female,Student,3,6.3,MMO,world of warcraft,PC,29.37,Good,1.96,,7.4,3,6.5,5.2,Fair,Rarely,True,True,True,1.8,Excited,Daily,False,True,False,Moderate,1,3-6h,,N/A
GD0592,20,Male,Student,4,5.8,RPG,elden ring,Multi-platform,125.21,Below Average,1.5,3.0,8.3,4,5.1,5.4,Good,Never,True,False,True,0.2,Euphoric,Sometimes,False,False,False,Low,0,3-6h,elden ring,1245620.0
GD0592,20,Male,Student,4,5.8,RPG,elden ring,Multi-platform,125.21,Below Average,1.5,3.0,8.3,4,5.1,5.4,Good,Never,True,False,True,0.2,Euphoric,Sometimes,False,False,False,Low,0,3-6h,elden ring,489212.0
GD0593,17,Female,Student,2,1.5,MMO,elder scrolls online,PC,4.91,Good,3.35,,12.2,1,8.0,9.0,Good,Always,False,False,False,0.3,Restless,Sometimes,False,False,False,Low,0,0-3h,,N/A
GD0594,21,Male,Student,1,8.6,Strategy,starcraft ii,PC,314.32,Below Average,2.71,3.0,1.6,5,6.0,5.0,Fair,Sometimes,True,True,True,4.0,Anxious,Daily,True,False,True,Severe,2,6-9h,,N/A
GD0595,21,Female,Student,2,6.5,MMO,world of warcraft,Multi-platform,119.21,Below Average,1.4,9.0,9.9,3,5.9,6.9,Fair,Never,True,True,True,1.3,Irritable,Often,False,True,False,Moderate,1,6-9h,,N/A
GD0596,27,Female,Professional,15,3.9,MOBA,mobile legends,Multi-platform,37.27,Below Average,,2.0,10.7,2,8.8,5.6,Fair,Rarely,False,False,False,1.1,Anxious,Never,False,False,False,Low,0,3-6h,,N/A
GD0597,22,Male,Student,3,6.0,Mobile Games,candy crush,PC,114.69,Average,3.21,7.0,8.0,4,8.3,7.0,Fair,Never,True,False,True,3.1,Depressed,Daily,False,True,False,Moderate,1,3-6h,,N/A
GD0598,16,Female,Student,6,9.3,Strategy,sid meier's civilization vi,Multi-platform,69.4,Below Average,3.22,,6.7,5,6.9,4.7,Poor,Often,True,False,True,3.0,Normal,Daily,False,True,True,Severe,2,9-12h,sid meier's civilization vi,335483.0
GD0598,16,Female,Student,6,9.3,Strategy,sid meier's civilization vi,Multi-platform,69.4,Below Average,3.22,,6.7,5,6.9,4.7,Poor,Often,True,False,True,3.0,Normal,Daily,False,True,True,Severe,2,9-12h,sid meier's civilization vi,335482.0
GD0598,16,Female,Student,6,9.3,Strategy,sid meier's civilization vi,Multi-platform,69.4,Below Average,3.22,,6.7,5,6.9,4.7,Poor,Often,True,False,True,3.0,Normal,Daily,False,True,True,Severe,2,9-12h,sid meier's civilization vi,336792.0
GD0599,19,Male,Student,4,7.5,RPG,cyberpunk 2077,Console,128.77,Failing,1.89,1.0,6.0,7,6.9,3.2,Poor,Sometimes,True,True,True,0.9,Depressed,Rarely,True,True,True,Severe,3,6-9h,cyberpunk 2077,1091500.0
GD0599,19,Male,Student,4,7.5,RPG,cyberpunk 2077,Console,128.77,Failing,1.89,1.0,6.0,7,6.9,3.2,Poor,Sometimes,True,True,True,0.9,Depressed,Rarely,True,True,True,Severe,3,6-9h,cyberpunk 2077,487113.0
GD0599,19,Male,Student,4,7.5,RPG,cyberpunk 2077,Console,128.77,Failing,1.89,1.0,6.0,7,6.9,3.2,Poor,Sometimes,True,True,True,0.9,Depressed,Rarely,True,True,True,Severe,3,6-9h,cyberpunk 2077,421702.0
GD0599,19,Male,Student,4,7.5,RPG,cyberpunk 2077,Console,128.77,Failing,1.89,1.0,6.0,7,6.9,3.2,Poor,Sometimes,True,True,True,0.9,Depressed,Rarely,True,True,True,Severe,3,6-9h,cyberpunk 2077,421362.0
GD0600,21,Female,Student,7,5.8,Battle Royale,fortnite,Mobile,88.08,Average,3.36,3.0,7.4,4,6.9,5.3,Fair,Often,False,True,True,0.8,Euphoric,Never,False,False,False,Low,0,3-6h,fortnite,18141.0
GD0600,21,Female,Student,7,5.8,Battle Royale,fortnite,Mobile,88.08,Average,3.36,3.0,7.4,4,6.9,5.3,Fair,Often,False,True,True,0.8,Euphoric,Never,False,False,False,Low,0,3-6h,fortnite,417808.0
GD0600,21,Female,Student,7,5.8,Battle Royale,fortnite,Mobile,88.08,Average,3.36,3.0,7.4,4,6.9,5.3,Fair,Often,False,True,True,0.8,Euphoric,Never,False,False,False,Low,0,3-6h,fortnite,18167.0
GD0600,21,Female,Student,7,5.8,Battle Royale,fortnite,Mobile,88.08,Average,3.36,3.0,7.4,4,6.9,5.3,Fair,Often,False,True,True,0.8,Euphoric,Never,False,False,False,Low,0,3-6h,fortnite,18204.0
GD0601,20,Male,Student,7,1.1,RPG,elden ring,PC,44.51,Excellent,2.65,10.0,15.4,1,9.4,8.4,Poor,Rarely,False,False,False,0.2,Normal,Rarely,False,False,False,Low,0,0-3h,elden ring,1245620.0
GD0601,20,Male,Student,7,1.1,RPG,elden ring,PC,44.51,Excellent,2.65,10.0,15.4,1,9.4,8.4,Poor,Rarely,False,False,False,0.2,Normal,Rarely,False,False,False,Low,0,0-3h,elden ring,489212.0
GD0602,16,Male,Student,2,4.2,Strategy,sid meier's civilization vi,Console,34.04,Below Average,2.21,,12.0,2,6.6,5.8,Good,Always,False,False,False,1.3,Depressed,Daily,False,False,False,Low,0,3-6h,sid meier's civilization vi,335483.0
GD0602,16,Male,Student,2,4.2,Strategy,sid meier's civilization vi,Console,34.04,Below Average,2.21,,12.0,2,6.6,5.8,Good,Always,False,False,False,1.3,Depressed,Daily,False,False,False,Low,0,3-6h,sid meier's civilization vi,335482.0
GD0602,16,Male,Student,2,4.2,Strategy,sid meier's civilization vi,Console,34.04,Below Average,2.21,,12.0,2,6.6,5.8,Good,Always,False,False,False,1.3,Depressed,Daily,False,False,False,Low,0,3-6h,sid meier's civilization vi,336792.0
GD0603,14,Female,Student,3,7.4,Strategy,sid meier's civilization vi,Mobile,87.18,Below Average,2.18,,8.7,4,7.1,3.4,Very Poor,Always,True,True,True,0.0,Withdrawn,Often,False,True,False,Moderate,1,6-9h,sid meier's civilization vi,335483.0
GD0603,14,Female,Student,3,7.4,Strategy,sid meier's civilization vi,Mobile,87.18,Below Average,2.18,,8.7,4,7.1,3.4,Very Poor,Always,True,True,True,0.0,Withdrawn,Often,False,True,False,Moderate,1,6-9h,sid meier's civilization vi,335482.0
GD0603,14,Female,Student,3,7.4,Strategy,sid meier's civilization vi,Mobile,87.18,Below Average,2.18,,8.7,4,7.1,3.4,Very Poor,Always,True,True,True,0.0,Withdrawn,Often,False,True,False,Moderate,1,6-9h,sid meier's civilization vi,336792.0
GD0604,21,Male,Student,10,4.8,Mobile Games,candy crush,PC,29.12,Below Average,2.28,5.0,6.4,4,6.4,6.9,Fair,Often,True,False,True,1.0,Euphoric,Daily,False,False,False,Low,0,3-6h,,N/A
GD0605,19,Male,Student,6,7.4,MOBA,league of legends,Mobile,130.69,Good,3.54,5.0,6.6,5,7.1,5.8,Very Poor,Never,True,True,True,3.2,Restless,Rarely,True,False,False,Moderate,1,6-9h,,N/A
GD0606,22,Female,Student,11,11.4,Battle Royale,warzone,Multi-platform,90.88,Poor,1.95,5.0,3.7,6,4.5,4.3,Poor,Never,False,True,True,2.1,Restless,Daily,True,True,False,Severe,2,9-12h,warzone,712230.0
GD0606,22,Female,Student,11,11.4,Battle Royale,warzone,Multi-platform,90.88,Poor,1.95,5.0,3.7,6,4.5,4.3,Poor,Never,False,True,True,2.1,Restless,Daily,True,True,False,Severe,2,9-12h,warzone,2298160.0
GD0607,15,Male,Student,2,13.2,RPG,cyberpunk 2077,Multi-platform,475.36,Poor,3.63,,0.0,8,5.5,4.2,Insomnia,Rarely,False,False,False,6.5,Irritable,Rarely,True,False,False,High,1,12h+,cyberpunk 2077,1091500.0
GD0607,15,Male,Student,2,13.2,RPG,cyberpunk 2077,Multi-platform,475.36,Poor,3.63,,0.0,8,5.5,4.2,Insomnia,Rarely,False,False,False,6.5,Irritable,Rarely,True,False,False,High,1,12h+,cyberpunk 2077,487113.0
GD0607,15,Male,Student,2,13.2,RPG,cyberpunk 2077,Multi-platform,475.36,Poor,3.63,,0.0,8,5.5,4.2,Insomnia,Rarely,False,False,False,6.5,Irritable,Rarely,True,False,False,High,1,12h+,cyberpunk 2077,421702.0
GD0607,15,Male,Student,2,13.2,RPG,cyberpunk 2077,Multi-platform,475.36,Poor,3.63,,0.0,8,5.5,4.2,Insomnia,Rarely,False,False,False,6.5,Irritable,Rarely,True,False,False,High,1,12h+,cyberpunk 2077,421362.0
GD0608,16,Male,Student,5,4.6,MMO,world of warcraft,Console,70.11,Good,1.25,,6.0,5,6.5,6.5,Fair,Always,True,False,True,0.8,Euphoric,Daily,False,False,False,Low,0,3-6h,,N/A
GD0609,17,Male,Student,3,8.7,Battle Royale,pubg,Console,119.98,Average,3.48,,1.8,6,6.6,4.7,Poor,Often,True,False,True,1.9,Excited,Never,False,False,False,Moderate,0,6-9h,,N/A
GD0610,26,Female,Professional,13,4.8,Battle Royale,apex legends,Multi-platform,75.94,Below Average,,2.0,9.3,3,8.1,6.7,Good,Sometimes,True,False,True,2.7,Anxious,Rarely,False,False,False,Low,0,3-6h,apex legends,176538.0
GD0610,26,Female,Professional,13,4.8,Battle Royale,apex legends,Multi-platform,75.94,Below Average,,2.0,9.3,3,8.1,6.7,Good,Sometimes,True,False,True,2.7,Anxious,Rarely,False,False,False,Low,0,3-6h,apex legends,495480.0
GD0610,26,Female,Professional,13,4.8,Battle Royale,apex legends,Multi-platform,75.94,Below Average,,2.0,9.3,3,8.1,6.7,Good,Sometimes,True,False,True,2.7,Anxious,Rarely,False,False,False,Low,0,3-6h,apex legends,176537.0
GD0611,20,Male,Student,6,6.4,FPS,call of duty,Console,80.75,Average,1.28,6.0,7.2,2,5.9,5.4,Poor,Never,True,True,True,3.9,Normal,Never,False,False,False,Low,0,6-9h,,N/A
GD0612,20,Male,Student,4,5.4,MMO,final fantasy xiv online,Mobile,98.4,Excellent,2.81,6.0,10.2,3,6.7,6.0,Poor,Always,True,False,True,1.1,Normal,Sometimes,False,False,False,Low,0,3-6h,final fantasy xiv online,39210.0
GD0613,19,Male,Student,7,2.6,Battle Royale,pubg,Mobile,19.48,Poor,2.48,1.0,11.2,2,8.2,8.6,Fair,Always,False,False,False,0.9,Anxious,Daily,False,False,False,Low,0,0-3h,,N/A
GD0614,17,Male,Student,5,1.3,MOBA,mobile legends,PC,1.18,Average,3.15,,16.1,1,11.1,8.4,Good,Rarely,False,False,False,0.2,Normal,Never,False,False,False,Low,0,0-3h,,N/A
GD0615,18,Female,Student,6,3.7,FPS,overwatch,Multi-platform,46.28,Below Average,3.55,,11.5,2,9.4,5.0,Poor,Often,False,False,False,2.0,Euphoric,Sometimes,False,False,False,Low,0,3-6h,,N/A
GD0616,18,Female,Student,4,4.7,Battle Royale,warzone,Mobile,127.9,Average,2.82,,6.6,2,6.6,6.0,Good,Always,True,False,True,0.1,Restless,Often,False,False,False,Low,0,3-6h,warzone,712230.0
GD0616,18,Female,Student,4,4.7,Battle Royale,warzone,Mobile,127.9,Average,2.82,,6.6,2,6.6,6.0,Good,Always,True,False,True,0.1,Restless,Often,False,False,False,Low,0,3-6h,warzone,2298160.0
GD0617,24,Male,Professional,7,8.4,MMO,final fantasy xiv online,Multi-platform,111.33,Failing,,8.0,7.8,4,5.5,4.2,Insomnia,Often,True,True,True,1.8,Anxious,Never,False,False,True,Moderate,1,6-9h,final fantasy xiv online,39210.0
GD0618,30,Male,Professional,12,7.2,MOBA,mobile legends,Mobile,74.44,Below Average,,3.0,6.3,5,6.3,4.0,Poor,Sometimes,False,True,True,1.8,Irritable,Sometimes,True,True,False,High,2,6-9h,,N/A
GD0619,21,Male,Student,4,6.4,Mobile Games,pubg mobile,Multi-platform,112.63,Excellent,2.43,5.0,8.9,4,7.6,5.6,Good,Never,True,True,True,1.2,Restless,Often,False,True,False,Moderate,1,6-9h,,N/A
GD0620,15,Male,Student,3,2.6,Mobile Games,genshin impact,Multi-platform,32.91,Good,2.19,,9.7,1,6.6,7.8,Good,Always,False,False,False,0.7,Normal,Rarely,False,False,False,Low,0,0-3h,genshin impact,410617.0
GD0620,15,Male,Student,3,2.6,Mobile Games,genshin impact,Multi-platform,32.91,Good,2.19,,9.7,1,6.6,7.8,Good,Always,False,False,False,0.7,Normal,Rarely,False,False,False,Low,0,0-3h,genshin impact,437991.0
GD0620,15,Male,Student,3,2.6,Mobile Games,genshin impact,Multi-platform,32.91,Good,2.19,,9.7,1,6.6,7.8,Good,Always,False,False,False,0.7,Normal,Rarely,False,False,False,Low,0,0-3h,genshin impact,410618.0
GD0620,15,Male,Student,3,2.6,Mobile Games,genshin impact,Multi-platform,32.91,Good,2.19,,9.7,1,6.6,7.8,Good,Always,False,False,False,0.7,Normal,Rarely,False,False,False,Low,0,0-3h,genshin impact,748280.0
GD0621,27,Male,Professional,12,3.4,FPS,overwatch,Multi-platform,29.73,Excellent,,2.0,12.2,1,8.5,8.4,Good,Never,False,False,False,1.1,Normal,Sometimes,False,False,False,Low,0,0-3h,,N/A
GD0622,15,Female,Student,5,7.0,Mobile Games,clash of clans,Multi-platform,54.93,Poor,3.52,,7.6,6,5.9,4.7,Poor,Often,True,False,True,0.8,Anxious,Daily,False,False,False,Low,0,6-9h,,N/A
GD0623,27,Female,Professional,11,1.6,FPS,call of duty,Multi-platform,24.49,Average,,9.0,15.5,2,9.0,7.5,Fair,Never,False,False,False,0.2,Normal,Never,False,False,False,Low,0,0-3h,,N/A
GD0624,19,Male,Student,6,7.7,MOBA,dota 2,Multi-platform,33.95,Average,1.1,6.0,6.0,6,7.8,3.5,Very Poor,Sometimes,True,False,True,3.6,Irritable,Often,False,True,False,Moderate,1,6-9h,dota 2,570.0
GD0625,20,Male,Student,2,4.8,MOBA,dota 2,Mobile,94.88,Average,2.5,2.0,6.8,4,8.8,5.5,Poor,Always,True,False,True,0.8,Depressed,Sometimes,False,False,False,Low,0,3-6h,dota 2,570.0
GD0626,35,Male,Professional,7,6.9,Strategy,starcraft ii,Mobile,105.61,Failing,,8.0,5.7,5,7.8,5.2,Very Poor,Often,True,False,True,2.3,Normal,Never,True,True,False,High,2,6-9h,,N/A
GD0627,22,Female,Student,12,4.8,Strategy,age of empires,Multi-platform,19.11,Good,1.74,8.0,7.9,4,7.5,6.0,Fair,Rarely,True,False,True,0.9,Irritable,Often,False,False,False,Low,0,3-6h,,N/A
GD0628,16,Male,Student,2,4.5,MMO,final fantasy xiv online,PC,77.9,Below Average,2.23,,8.9,3,7.0,5.6,Poor,Sometimes,False,False,False,2.0,Anxious,Often,False,False,False,Low,0,3-6h,final fantasy xiv online,39210.0
GD0629,21,Female,Student,11,3.6,FPS,overwatch,Mobile,40.97,Good,3.09,3.0,8.0,3,6.1,5.4,Good,Often,False,False,False,1.9,Withdrawn,Never,False,False,False,Low,0,3-6h,,N/A
GD0630,27,Female,Professional,16,12.0,Battle Royale,apex legends,Console,348.26,Average,,4.0,0.0,9,4.9,5.2,Very Poor,Always,True,True,True,3.2,Restless,Sometimes,True,False,True,Severe,2,9-12h,apex legends,176538.0
GD0630,27,Female,Professional,16,12.0,Battle Royale,apex legends,Console,348.26,Average,,4.0,0.0,9,4.9,5.2,Very Poor,Always,True,True,True,3.2,Restless,Sometimes,True,False,True,Severe,2,9-12h,apex legends,495480.0
GD0630,27,Female,Professional,16,12.0,Battle Royale,apex legends,Console,348.26,Average,,4.0,0.0,9,4.9,5.2,Very Poor,Always,True,True,True,3.2,Restless,Sometimes,True,False,True,Severe,2,9-12h,apex legends,176537.0
GD0631,16,Female,Student,4,5.4,FPS,counter-strike: global offensive,Console,34.87,Poor,2.81,,6.0,2,8.3,5.8,Poor,Always,False,False,False,0.4,Irritable,Daily,False,False,False,Low,0,3-6h,counter-strike: global offensive,3468.0
GD0632,23,Male,Professional,5,7.0,Mobile Games,clash of clans,PC,128.77,Average,,9.0,9.5,5,4.8,3.8,Poor,Never,True,False,True,6.2,Depressed,Often,True,True,False,High,2,6-9h,,N/A
GD0633,25,Male,Professional,4,6.2,Strategy,age of empires,Console,30.42,Below Average,,8.0,10.2,6,8.0,5.9,Fair,Often,False,True,True,0.0,Restless,Daily,False,True,False,Moderate,1,3-6h,,N/A
GD0634,24,Male,Professional,5,5.7,MMO,elder scrolls online,Mobile,76.37,Good,,1.0,8.6,3,6.5,5.7,Poor,Sometimes,True,False,True,0.1,Anxious,Rarely,False,True,False,Moderate,1,3-6h,,N/A
GD0635,16,Female,Student,2,6.2,MOBA,mobile legends,Multi-platform,57.17,Good,3.53,,8.7,4,5.4,5.8,Poor,Sometimes,False,True,True,1.2,Restless,Rarely,False,True,False,Moderate,1,3-6h,,N/A
GD0636,19,Male,Student,8,9.6,RPG,elden ring,Console,451.73,Good,2.57,8.0,0.5,7,7.0,3.6,Poor,Sometimes,False,True,True,4.7,Restless,Sometimes,False,True,False,High,1,9-12h,elden ring,1245620.0
GD0636,19,Male,Student,8,9.6,RPG,elden ring,Console,451.73,Good,2.57,8.0,0.5,7,7.0,3.6,Poor,Sometimes,False,True,True,4.7,Restless,Sometimes,False,True,False,High,1,9-12h,elden ring,489212.0
GD0637,19,Male,Student,8,11.1,MMO,elder scrolls online,Multi-platform,80.87,Excellent,1.58,9.0,0.8,8,3.8,5.9,Fair,Rarely,False,True,True,5.3,Angry,Sometimes,False,True,False,High,1,9-12h,,N/A
GD0638,24,Male,Professional,10,7.8,Mobile Games,clash of clans,Console,143.11,Poor,,6.0,8.0,3,7.0,5.9,Insomnia,Often,True,True,True,0.0,Angry,Daily,False,True,True,High,2,6-9h,,N/A
GD0639,20,Male,Student,4,6.0,Battle Royale,pubg,Console,33.26,Failing,3.88,8.0,10.7,6,6.0,5.5,Good,Often,True,True,True,0.2,Restless,Never,False,True,False,Moderate,1,3-6h,,N/A
GD0640,14,Female,Student,1,3.1,MOBA,dota 2,Mobile,37.55,Excellent,2.8,,13.4,1,8.4,7.0,Good,Often,False,False,False,1.5,Normal,Daily,False,False,False,Low,0,0-3h,dota 2,570.0
GD0641,25,Female,Professional,5,7.2,Strategy,sid meier's civilization vi,Console,135.46,Below Average,,1.0,6.8,4,7.3,4.4,Fair,Always,True,False,True,1.4,Irritable,Never,True,True,False,High,2,6-9h,sid meier's civilization vi,335483.0
GD0641,25,Female,Professional,5,7.2,Strategy,sid meier's civilization vi,Console,135.46,Below Average,,1.0,6.8,4,7.3,4.4,Fair,Always,True,False,True,1.4,Irritable,Never,True,True,False,High,2,6-9h,sid meier's civilization vi,335482.0
GD0641,25,Female,Professional,5,7.2,Strategy,sid meier's civilization vi,Console,135.46,Below Average,,1.0,6.8,4,7.3,4.4,Fair,Always,True,False,True,1.4,Irritable,Never,True,True,False,High,2,6-9h,sid meier's civilization vi,336792.0
GD0642,22,Male,Student,11,6.9,Mobile Games,genshin impact,Mobile,140.64,Below Average,3.05,8.0,5.0,4,7.7,6.0,Fair,Rarely,True,True,True,0.2,Euphoric,Sometimes,True,False,False,Moderate,1,6-9h,genshin impact,410617.0
GD0642,22,Male,Student,11,6.9,Mobile Games,genshin impact,Mobile,140.64,Below Average,3.05,8.0,5.0,4,7.7,6.0,Fair,Rarely,True,True,True,0.2,Euphoric,Sometimes,True,False,False,Moderate,1,6-9h,genshin impact,437991.0
GD0642,22,Male,Student,11,6.9,Mobile Games,genshin impact,Mobile,140.64,Below Average,3.05,8.0,5.0,4,7.7,6.0,Fair,Rarely,True,True,True,0.2,Euphoric,Sometimes,True,False,False,Moderate,1,6-9h,genshin impact,410618.0
GD0642,22,Male,Student,11,6.9,Mobile Games,genshin impact,Mobile,140.64,Below Average,3.05,8.0,5.0,4,7.7,6.0,Fair,Rarely,True,True,True,0.2,Euphoric,Sometimes,True,False,False,Moderate,1,6-9h,genshin impact,748280.0
GD0643,22,Male,Student,3,2.5,FPS,valorant,Mobile,28.41,Below Average,3.54,2.0,10.5,3,8.7,8.1,Fair,Always,False,False,False,0.0,Normal,Never,False,False,False,Low,0,0-3h,valorant,682668.0
GD0643,22,Male,Student,3,2.5,FPS,valorant,Mobile,28.41,Below Average,3.54,2.0,10.5,3,8.7,8.1,Fair,Always,False,False,False,0.0,Normal,Never,False,False,False,Low,0,0-3h,valorant,682740.0
GD0644,28,Female,Professional,5,5.9,RPG,skyrim,Mobile,97.31,Excellent,,3.0,10.3,3,5.6,6.6,Good,Rarely,True,False,True,0.0,Anxious,Rarely,False,True,False,Moderate,1,3-6h,skyrim,2435.0
GD0645,26,Male,Professional,9,5.9,RPG,skyrim,PC,112.85,Good,,6.0,10.6,3,7.3,6.3,Fair,Never,False,False,False,1.7,Restless,Rarely,False,False,False,Low,0,3-6h,skyrim,2435.0
GD0646,19,Male,Student,7,4.8,Strategy,age of empires,Multi-platform,115.72,Good,1.51,9.0,8.2,4,5.5,5.9,Poor,Often,True,False,True,3.7,Normal,Rarely,False,False,False,Low,0,3-6h,,N/A
GD0647,17,Female,Student,6,4.6,MOBA,dota 2,Multi-platform,20.94,Average,2.23,,10.5,4,8.1,6.0,Fair,Rarely,True,False,True,1.3,Irritable,Rarely,False,False,False,Low,0,3-6h,dota 2,570.0
GD0648,16,Female,Student,5,5.2,Strategy,starcraft ii,PC,10.52,Good,2.22,,9.1,2,8.9,6.3,Fair,Often,True,False,True,3.2,Irritable,Sometimes,False,False,False,Low,0,3-6h,,N/A
GD0649,30,Female,Professional,18,5.2,MMO,final fantasy xiv online,PC,126.54,Good,,9.0,8.3,4,8.5,6.5,Good,Often,True,False,True,1.8,Irritable,Sometimes,False,False,False,Low,0,3-6h,final fantasy xiv online,39210.0
GD0650,22,Male,Student,4,5.6,MMO,world of warcraft,Mobile,130.0,Average,3.42,2.0,10.2,4,5.9,6.3,Poor,Rarely,True,False,True,0.3,Anxious,Often,False,True,False,Moderate,1,3-6h,,N/A
GD0651,16,Female,Student,4,5.0,MMO,world of warcraft,Console,145.08,Poor,2.26,,10.4,3,5.5,5.9,Poor,Never,True,False,True,2.1,Normal,Sometimes,False,False,False,Low,0,3-6h,,N/A
GD0652,21,Male,Student,3,7.0,MOBA,league of legends,Mobile,142.25,Poor,3.57,4.0,5.1,3,8.2,4.8,Very Poor,Often,True,True,True,1.0,Angry,Rarely,False,True,False,Moderate,1,6-9h,,N/A
GD0653,19,Male,Student,2,1.7,RPG,cyberpunk 2077,Console,36.8,Excellent,2.23,10.0,9.8,2,10.4,8.7,Good,Often,False,False,False,0.4,Depressed,Often,False,False,False,Low,0,0-3h,cyberpunk 2077,1091500.0
GD0653,19,Male,Student,2,1.7,RPG,cyberpunk 2077,Console,36.8,Excellent,2.23,10.0,9.8,2,10.4,8.7,Good,Often,False,False,False,0.4,Depressed,Often,False,False,False,Low,0,0-3h,cyberpunk 2077,487113.0
GD0653,19,Male,Student,2,1.7,RPG,cyberpunk 2077,Console,36.8,Excellent,2.23,10.0,9.8,2,10.4,8.7,Good,Often,False,False,False,0.4,Depressed,Often,False,False,False,Low,0,0-3h,cyberpunk 2077,421702.0
GD0653,19,Male,Student,2,1.7,RPG,cyberpunk 2077,Console,36.8,Excellent,2.23,10.0,9.8,2,10.4,8.7,Good,Often,False,False,False,0.4,Depressed,Often,False,False,False,Low,0,0-3h,cyberpunk 2077,421362.0
GD0654,22,Female,Student,1,6.4,Battle Royale,warzone,Multi-platform,145.93,Average,3.24,4.0,9.5,2,6.1,5.4,Poor,Rarely,True,False,True,0.3,Irritable,Never,False,True,False,Moderate,1,6-9h,warzone,712230.0
GD0654,22,Female,Student,1,6.4,Battle Royale,warzone,Multi-platform,145.93,Average,3.24,4.0,9.5,2,6.1,5.4,Poor,Rarely,True,False,True,0.3,Irritable,Never,False,True,False,Moderate,1,6-9h,warzone,2298160.0
GD0655,20,Female,Student,6,3.3,Mobile Games,pubg mobile,Mobile,13.68,Excellent,2.74,3.0,10.7,1,9.1,8.3,Good,Sometimes,False,False,False,1.2,Normal,Daily,False,False,False,Low,0,0-3h,,N/A
GD0656,16,Female,Student,4,9.3,Strategy,starcraft ii,Multi-platform,90.17,Below Average,1.82,,4.5,6,3.7,3.1,Fair,Always,False,True,True,0.5,Irritable,Sometimes,False,True,True,Severe,2,9-12h,,N/A
GD0657,20,Female,Student,6,6.3,MMO,final fantasy xiv online,Mobile,80.72,Average,2.54,5.0,9.5,6,8.5,6.2,Poor,Rarely,False,True,True,3.1,Normal,Rarely,False,False,False,Low,0,3-6h,final fantasy xiv online,39210.0
GD0658,24,Male,Professional,14,13.4,MMO,final fantasy xiv online,PC,64.52,Below Average,,3.0,1.6,9,5.2,3.9,Very Poor,Never,True,False,True,6.3,Depressed,Daily,False,True,False,High,1,12h+,final fantasy xiv online,39210.0
GD0659,18,Male,Student,4,6.6,Battle Royale,apex legends,Mobile,80.91,Poor,2.34,,7.0,5,5.6,5.4,Insomnia,Often,True,True,True,0.8,Restless,Often,False,False,False,Low,0,6-9h,apex legends,176538.0
GD0659,18,Male,Student,4,6.6,Battle Royale,apex legends,Mobile,80.91,Poor,2.34,,7.0,5,5.6,5.4,Insomnia,Often,True,True,True,0.8,Restless,Often,False,False,False,Low,0,6-9h,apex legends,495480.0
GD0659,18,Male,Student,4,6.6,Battle Royale,apex legends,Mobile,80.91,Poor,2.34,,7.0,5,5.6,5.4,Insomnia,Often,True,True,True,0.8,Restless,Often,False,False,False,Low,0,6-9h,apex legends,176537.0
GD0660,20,Female,Student,8,5.3,MMO,world of warcraft,Console,128.13,Poor,3.93,2.0,7.1,2,9.0,6.8,Fair,Never,True,False,True,0.4,Irritable,Daily,False,False,False,Low,0,3-6h,,N/A
GD0661,16,Male,Student,4,7.4,RPG,elden ring,Console,67.44,Below Average,3.68,,8.7,3,5.8,5.2,Fair,Sometimes,True,True,True,2.1,Irritable,Often,True,True,False,High,2,6-9h,elden ring,1245620.0
GD0661,16,Male,Student,4,7.4,RPG,elden ring,Console,67.44,Below Average,3.68,,8.7,3,5.8,5.2,Fair,Sometimes,True,True,True,2.1,Irritable,Often,True,True,False,High,2,6-9h,elden ring,489212.0
GD0662,22,Female,Student,6,1.8,Strategy,age of empires,Multi-platform,40.78,Excellent,3.17,10.0,14.2,2,8.9,8.0,Good,Rarely,False,False,False,0.2,Restless,Often,False,False,False,Low,0,0-3h,,N/A
GD0663,20,Male,Student,9,4.4,RPG,elden ring,Multi-platform,38.47,Good,1.51,2.0,8.7,4,7.6,6.3,Fair,Rarely,False,False,False,0.3,Euphoric,Daily,False,False,False,Low,0,3-6h,elden ring,1245620.0
GD0663,20,Male,Student,9,4.4,RPG,elden ring,Multi-platform,38.47,Good,1.51,2.0,8.7,4,7.6,6.3,Fair,Rarely,False,False,False,0.3,Euphoric,Daily,False,False,False,Low,0,3-6h,elden ring,489212.0
GD0664,16,Male,Student,6,4.5,FPS,valorant,Console,104.97,Average,3.45,,6.2,4,7.0,5.1,Poor,Never,False,False,False,0.4,Depressed,Sometimes,False,False,False,Low,0,3-6h,valorant,682668.0
GD0664,16,Male,Student,6,4.5,FPS,valorant,Console,104.97,Average,3.45,,6.2,4,7.0,5.1,Poor,Never,False,False,False,0.4,Depressed,Sometimes,False,False,False,Low,0,3-6h,valorant,682740.0
GD0665,33,Female,Professional,14,3.7,Battle Royale,fortnite,Console,23.14,Average,,10.0,11.5,3,9.3,6.5,Poor,Never,False,False,False,0.1,Depressed,Sometimes,False,False,False,Low,0,3-6h,fortnite,18141.0
GD0665,33,Female,Professional,14,3.7,Battle Royale,fortnite,Console,23.14,Average,,10.0,11.5,3,9.3,6.5,Poor,Never,False,False,False,0.1,Depressed,Sometimes,False,False,False,Low,0,3-6h,fortnite,417808.0
GD0665,33,Female,Professional,14,3.7,Battle Royale,fortnite,Console,23.14,Average,,10.0,11.5,3,9.3,6.5,Poor,Never,False,False,False,0.1,Depressed,Sometimes,False,False,False,Low,0,3-6h,fortnite,18167.0
GD0665,33,Female,Professional,14,3.7,Battle Royale,fortnite,Console,23.14,Average,,10.0,11.5,3,9.3,6.5,Poor,Never,False,False,False,0.1,Depressed,Sometimes,False,False,False,Low,0,3-6h,fortnite,18204.0
GD0666,18,Female,Student,7,1.5,RPG,elden ring,PC,0.1,Good,1.91,,11.9,1,8.1,7.1,Fair,Rarely,False,False,False,0.7,Withdrawn,Rarely,False,False,False,Low,0,0-3h,elden ring,1245620.0
GD0666,18,Female,Student,7,1.5,RPG,elden ring,PC,0.1,Good,1.91,,11.9,1,8.1,7.1,Fair,Rarely,False,False,False,0.7,Withdrawn,Rarely,False,False,False,Low,0,0-3h,elden ring,489212.0
GD0667,19,Male,Student,8,6.7,Battle Royale,apex legends,Mobile,117.79,Below Average,3.61,5.0,7.5,2,6.6,3.8,Very Poor,Sometimes,True,False,True,0.4,Withdrawn,Daily,True,True,False,High,2,6-9h,apex legends,176538.0
GD0667,19,Male,Student,8,6.7,Battle Royale,apex legends,Mobile,117.79,Below Average,3.61,5.0,7.5,2,6.6,3.8,Very Poor,Sometimes,True,False,True,0.4,Withdrawn,Daily,True,True,False,High,2,6-9h,apex legends,495480.0
GD0667,19,Male,Student,8,6.7,Battle Royale,apex legends,Mobile,117.79,Below Average,3.61,5.0,7.5,2,6.6,3.8,Very Poor,Sometimes,True,False,True,0.4,Withdrawn,Daily,True,True,False,High,2,6-9h,apex legends,176537.0
GD0668,15,Male,Student,1,6.5,MMO,world of warcraft,Mobile,109.59,Good,3.57,,6.9,2,5.0,4.7,Very Poor,Always,True,False,True,4.2,Anxious,Sometimes,True,False,False,Moderate,1,6-9h,,N/A
GD0669,31,Male,Professional,3,1.4,RPG,skyrim,Console,24.22,Poor,,1.0,14.6,1,10.5,8.8,Good,Always,False,False,False,0.3,Irritable,Never,False,False,False,Low,0,0-3h,skyrim,2435.0
GD0670,14,Male,Student,4,8.3,Mobile Games,genshin impact,Multi-platform,37.2,Poor,1.19,,8.2,6,5.5,6.0,Very Poor,Always,False,False,False,4.4,Restless,Rarely,True,False,False,Moderate,1,6-9h,genshin impact,410617.0
GD0670,14,Male,Student,4,8.3,Mobile Games,genshin impact,Multi-platform,37.2,Poor,1.19,,8.2,6,5.5,6.0,Very Poor,Always,False,False,False,4.4,Restless,Rarely,True,False,False,Moderate,1,6-9h,genshin impact,437991.0
GD0670,14,Male,Student,4,8.3,Mobile Games,genshin impact,Multi-platform,37.2,Poor,1.19,,8.2,6,5.5,6.0,Very Poor,Always,False,False,False,4.4,Restless,Rarely,True,False,False,Moderate,1,6-9h,genshin impact,410618.0
GD0670,14,Male,Student,4,8.3,Mobile Games,genshin impact,Multi-platform,37.2,Poor,1.19,,8.2,6,5.5,6.0,Very Poor,Always,False,False,False,4.4,Restless,Rarely,True,False,False,Moderate,1,6-9h,genshin impact,748280.0
GD0671,24,Male,Professional,12,9.3,Strategy,age of empires,Multi-platform,170.31,Poor,,8.0,3.2,6,6.6,4.0,Fair,Never,True,False,True,4.3,Anxious,Daily,True,True,True,Severe,3,9-12h,,N/A
GD0672,19,Male,Student,9,4.0,RPG,skyrim,Console,29.01,Excellent,3.33,3.0,11.4,1,9.1,6.9,Poor,Always,False,False,False,1.1,Irritable,Daily,False,False,False,Low,0,3-6h,skyrim,2435.0
GD0673,15,Male,Student,4,8.0,MMO,world of warcraft,Multi-platform,80.45,Poor,2.83,,7.3,5,6.3,5.4,Very Poor,Often,True,True,True,4.0,Depressed,Rarely,True,False,True,High,2,6-9h,,N/A
GD0674,26,Male,Professional,14,6.0,Strategy,sid meier's civilization vi,PC,24.29,Poor,,7.0,7.9,4,6.2,6.0,Poor,Always,True,True,True,1.6,Anxious,Never,False,True,False,Moderate,1,3-6h,sid meier's civilization vi,335483.0
GD0674,26,Male,Professional,14,6.0,Strategy,sid meier's civilization vi,PC,24.29,Poor,,7.0,7.9,4,6.2,6.0,Poor,Always,True,True,True,1.6,Anxious,Never,False,True,False,Moderate,1,3-6h,sid meier's civilization vi,335482.0
GD0674,26,Male,Professional,14,6.0,Strategy,sid meier's civilization vi,PC,24.29,Poor,,7.0,7.9,4,6.2,6.0,Poor,Always,True,True,True,1.6,Anxious,Never,False,True,False,Moderate,1,3-6h,sid meier's civilization vi,336792.0
GD0675,33,Male,Professional,18,4.2,MMO,world of warcraft,PC,17.42,Excellent,,7.0,10.5,2,6.2,5.9,Fair,Sometimes,False,False,False,0.0,Normal,Rarely,False,False,False,Low,0,3-6h,,N/A
GD0676,14,Male,Student,3,4.0,Mobile Games,genshin impact,Mobile,15.49,Good,1.44,,9.6,2,7.8,6.8,Poor,Sometimes,False,False,False,1.5,Depressed,Sometimes,False,False,False,Low,0,3-6h,genshin impact,410617.0
GD0676,14,Male,Student,3,4.0,Mobile Games,genshin impact,Mobile,15.49,Good,1.44,,9.6,2,7.8,6.8,Poor,Sometimes,False,False,False,1.5,Depressed,Sometimes,False,False,False,Low,0,3-6h,genshin impact,437991.0
GD0676,14,Male,Student,3,4.0,Mobile Games,genshin impact,Mobile,15.49,Good,1.44,,9.6,2,7.8,6.8,Poor,Sometimes,False,False,False,1.5,Depressed,Sometimes,False,False,False,Low,0,3-6h,genshin impact,410618.0
GD0676,14,Male,Student,3,4.0,Mobile Games,genshin impact,Mobile,15.49,Good,1.44,,9.6,2,7.8,6.8,Poor,Sometimes,False,False,False,1.5,Depressed,Sometimes,False,False,False,Low,0,3-6h,genshin impact,748280.0
GD0677,16,Female,Student,2,6.5,Mobile Games,pubg mobile,PC,83.36,Below Average,1.86,,5.9,4,7.1,5.6,Insomnia,Always,True,True,True,2.3,Euphoric,Never,True,False,False,Moderate,1,6-9h,,N/A
GD0678,18,Female,Student,7,8.0,RPG,cyberpunk 2077,Mobile,41.3,Below Average,3.11,,3.6,6,5.9,3.2,Poor,Often,True,False,True,4.8,Withdrawn,Daily,True,True,False,High,2,6-9h,cyberpunk 2077,1091500.0
GD0678,18,Female,Student,7,8.0,RPG,cyberpunk 2077,Mobile,41.3,Below Average,3.11,,3.6,6,5.9,3.2,Poor,Often,True,False,True,4.8,Withdrawn,Daily,True,True,False,High,2,6-9h,cyberpunk 2077,487113.0
GD0678,18,Female,Student,7,8.0,RPG,cyberpunk 2077,Mobile,41.3,Below Average,3.11,,3.6,6,5.9,3.2,Poor,Often,True,False,True,4.8,Withdrawn,Daily,True,True,False,High,2,6-9h,cyberpunk 2077,421702.0
GD0678,18,Female,Student,7,8.0,RPG,cyberpunk 2077,Mobile,41.3,Below Average,3.11,,3.6,6,5.9,3.2,Poor,Often,True,False,True,4.8,Withdrawn,Daily,True,True,False,High,2,6-9h,cyberpunk 2077,421362.0
GD0679,18,Male,Student,5,3.5,Strategy,sid meier's civilization vi,Mobile,24.33,Below Average,2.01,,11.2,1,7.5,8.8,Fair,Sometimes,False,False,False,0.4,Anxious,Daily,False,False,False,Low,0,3-6h,sid meier's civilization vi,335483.0
GD0679,18,Male,Student,5,3.5,Strategy,sid meier's civilization vi,Mobile,24.33,Below Average,2.01,,11.2,1,7.5,8.8,Fair,Sometimes,False,False,False,0.4,Anxious,Daily,False,False,False,Low,0,3-6h,sid meier's civilization vi,335482.0
GD0679,18,Male,Student,5,3.5,Strategy,sid meier's civilization vi,Mobile,24.33,Below Average,2.01,,11.2,1,7.5,8.8,Fair,Sometimes,False,False,False,0.4,Anxious,Daily,False,False,False,Low,0,3-6h,sid meier's civilization vi,336792.0
GD0680,15,Female,Student,2,6.4,Mobile Games,clash of clans,PC,84.7,Average,1.46,,5.5,5,5.1,5.7,Poor,Often,False,True,True,0.9,Restless,Daily,False,False,False,Low,0,6-9h,,N/A
GD0681,19,Male,Student,1,8.2,FPS,valorant,Mobile,41.81,Below Average,1.1,4.0,4.5,4,5.2,4.0,Poor,Sometimes,False,True,True,1.1,Euphoric,Often,False,False,True,Moderate,1,6-9h,valorant,682668.0
GD0681,19,Male,Student,1,8.2,FPS,valorant,Mobile,41.81,Below Average,1.1,4.0,4.5,4,5.2,4.0,Poor,Sometimes,False,True,True,1.1,Euphoric,Often,False,False,True,Moderate,1,6-9h,valorant,682740.0
GD0682,15,Male,Student,2,0.7,MOBA,dota 2,PC,15.58,Good,3.68,,16.5,1,10.6,7.5,Good,Often,False,False,False,0.0,Normal,Sometimes,False,False,False,Low,0,0-3h,dota 2,570.0
GD0683,17,Female,Student,1,3.7,RPG,skyrim,PC,23.73,Average,1.27,,10.9,3,9.7,5.6,Very Poor,Often,False,False,False,0.7,Angry,Often,False,False,False,Low,0,3-6h,skyrim,2435.0
GD0684,20,Female,Student,10,2.0,MOBA,dota 2,Mobile,10.61,Average,3.82,4.0,12.2,2,10.4,7.9,Good,Always,False,False,False,0.7,Normal,Rarely,False,False,False,Low,0,0-3h,dota 2,570.0
GD0685,23,Female,Professional,11,9.7,FPS,call of duty,Multi-platform,118.63,Below Average,,3.0,3.1,6,3.2,5.7,Very Poor,Always,True,False,True,1.0,Normal,Sometimes,False,False,True,High,1,9-12h,,N/A
GD0686,15,Female,Student,2,4.3,Mobile Games,clash of clans,Multi-platform,8.15,Poor,3.12,,8.6,4,7.6,5.0,Poor,Never,False,False,False,0.4,Angry,Rarely,False,False,False,Low,0,3-6h,,N/A
GD0687,22,Male,Student,3,3.5,FPS,counter-strike: global offensive,Console,44.2,Average,2.17,8.0,8.6,1,8.1,8.9,Good,Always,False,False,False,0.2,Normal,Daily,False,False,False,Low,0,3-6h,counter-strike: global offensive,3468.0
GD0688,19,Female,Student,9,12.3,FPS,valorant,PC,413.29,Poor,2.55,2.0,1.6,9,4.4,3.5,Fair,Sometimes,False,True,True,1.6,Restless,Never,True,True,False,Severe,2,12h+,valorant,682668.0
GD0688,19,Female,Student,9,12.3,FPS,valorant,PC,413.29,Poor,2.55,2.0,1.6,9,4.4,3.5,Fair,Sometimes,False,True,True,1.6,Restless,Never,True,True,False,Severe,2,12h+,valorant,682740.0
GD0689,16,Male,Student,4,3.8,FPS,counter-strike: global offensive,Mobile,34.33,Good,1.68,,9.8,2,9.2,5.0,Poor,Rarely,False,False,False,0.4,Excited,Sometimes,False,False,False,Low,0,3-6h,counter-strike: global offensive,3468.0
GD0690,16,Male,Student,2,10.9,RPG,cyberpunk 2077,Console,52.19,Below Average,1.71,,0.0,9,5.9,5.3,Poor,Never,False,True,True,5.0,Depressed,Often,True,True,False,Severe,2,9-12h,cyberpunk 2077,1091500.0
GD0690,16,Male,Student,2,10.9,RPG,cyberpunk 2077,Console,52.19,Below Average,1.71,,0.0,9,5.9,5.3,Poor,Never,False,True,True,5.0,Depressed,Often,True,True,False,Severe,2,9-12h,cyberpunk 2077,487113.0
GD0690,16,Male,Student,2,10.9,RPG,cyberpunk 2077,Console,52.19,Below Average,1.71,,0.0,9,5.9,5.3,Poor,Never,False,True,True,5.0,Depressed,Often,True,True,False,Severe,2,9-12h,cyberpunk 2077,421702.0
GD0690,16,Male,Student,2,10.9,RPG,cyberpunk 2077,Console,52.19,Below Average,1.71,,0.0,9,5.9,5.3,Poor,Never,False,True,True,5.0,Depressed,Often,True,True,False,Severe,2,9-12h,cyberpunk 2077,421362.0
GD0691,26,Male,Professional,3,4.8,FPS,valorant,Multi-platform,107.55,Average,,10.0,6.6,4,9.2,6.3,Good,Rarely,True,False,True,2.3,Anxious,Sometimes,False,False,False,Low,0,3-6h,valorant,682668.0
GD0691,26,Male,Professional,3,4.8,FPS,valorant,Multi-platform,107.55,Average,,10.0,6.6,4,9.2,6.3,Good,Rarely,True,False,True,2.3,Anxious,Sometimes,False,False,False,Low,0,3-6h,valorant,682740.0
GD0692,23,Male,Professional,10,3.8,RPG,skyrim,PC,32.76,Failing,,1.0,10.6,3,7.5,5.5,Poor,Rarely,False,False,False,0.9,Excited,Sometimes,False,False,False,Low,0,3-6h,skyrim,2435.0
GD0693,19,Male,Student,6,12.5,FPS,counter-strike: global offensive,Multi-platform,376.05,Average,1.55,3.0,0.0,9,2.4,5.7,Insomnia,Rarely,True,True,True,1.3,Irritable,Daily,False,False,False,Moderate,0,12h+,counter-strike: global offensive,3468.0
GD0694,22,Other,Student,4,4.4,Battle Royale,warzone,Console,17.3,Below Average,1.66,9.0,10.2,2,6.4,6.6,Poor,Often,False,False,False,0.1,Angry,Daily,False,False,False,Low,0,3-6h,warzone,712230.0
GD0694,22,Other,Student,4,4.4,Battle Royale,warzone,Console,17.3,Below Average,1.66,9.0,10.2,2,6.4,6.6,Poor,Often,False,False,False,0.1,Angry,Daily,False,False,False,Low,0,3-6h,warzone,2298160.0
GD0695,16,Male,Student,4,11.4,Strategy,age of empires,Console,233.11,Poor,1.49,,2.3,7,3.9,3.3,Poor,Often,True,False,True,2.9,Euphoric,Rarely,False,True,False,High,1,9-12h,,N/A
GD0696,27,Male,Professional,1,8.9,RPG,elden ring,Mobile,258.94,Poor,,9.0,3.3,6,5.8,4.4,Poor,Never,True,False,True,1.5,Anxious,Sometimes,False,False,False,Moderate,0,6-9h,elden ring,1245620.0
GD0696,27,Male,Professional,1,8.9,RPG,elden ring,Mobile,258.94,Poor,,9.0,3.3,6,5.8,4.4,Poor,Never,True,False,True,1.5,Anxious,Sometimes,False,False,False,Moderate,0,6-9h,elden ring,489212.0
GD0697,24,Male,Professional,2,2.3,Battle Royale,apex legends,Console,6.27,Good,,5.0,14.1,1,9.5,8.5,Fair,Never,False,False,False,0.2,Normal,Often,False,False,False,Low,0,0-3h,apex legends,176538.0
GD0697,24,Male,Professional,2,2.3,Battle Royale,apex legends,Console,6.27,Good,,5.0,14.1,1,9.5,8.5,Fair,Never,False,False,False,0.2,Normal,Often,False,False,False,Low,0,0-3h,apex legends,495480.0
GD0697,24,Male,Professional,2,2.3,Battle Royale,apex legends,Console,6.27,Good,,5.0,14.1,1,9.5,8.5,Fair,Never,False,False,False,0.2,Normal,Often,False,False,False,Low,0,0-3h,apex legends,176537.0
GD0698,16,Other,Student,1,4.7,MMO,world of warcraft,Console,24.44,Excellent,3.71,,7.1,2,9.2,6.2,Fair,Never,False,False,False,0.1,Angry,Daily,False,False,False,Low,0,3-6h,,N/A
GD0699,15,Female,Student,2,5.0,Strategy,sid meier's civilization vi,PC,10.19,Good,1.54,,11.5,2,5.8,6.4,Good,Always,True,False,True,0.3,Normal,Often,False,False,False,Low,0,3-6h,sid meier's civilization vi,335483.0
GD0699,15,Female,Student,2,5.0,Strategy,sid meier's civilization vi,PC,10.19,Good,1.54,,11.5,2,5.8,6.4,Good,Always,True,False,True,0.3,Normal,Often,False,False,False,Low,0,3-6h,sid meier's civilization vi,335482.0
GD0699,15,Female,Student,2,5.0,Strategy,sid meier's civilization vi,PC,10.19,Good,1.54,,11.5,2,5.8,6.4,Good,Always,True,False,True,0.3,Normal,Often,False,False,False,Low,0,3-6h,sid meier's civilization vi,336792.0
GD0700,17,Male,Student,1,3.0,FPS,counter-strike: global offensive,Mobile,30.68,Average,1.99,,12.2,1,9.1,8.4,Poor,Sometimes,False,False,False,3.4,Normal,Often,False,False,False,Low,0,0-3h,counter-strike: global offensive,3468.0
GD0701,17,Male,Student,4,7.1,RPG,cyberpunk 2077,Console,49.26,Failing,2.91,,5.4,6,6.4,5.0,Poor,Never,True,True,True,0.6,Anxious,Sometimes,False,False,False,Low,0,6-9h,cyberpunk 2077,1091500.0
GD0701,17,Male,Student,4,7.1,RPG,cyberpunk 2077,Console,49.26,Failing,2.91,,5.4,6,6.4,5.0,Poor,Never,True,True,True,0.6,Anxious,Sometimes,False,False,False,Low,0,6-9h,cyberpunk 2077,487113.0
GD0701,17,Male,Student,4,7.1,RPG,cyberpunk 2077,Console,49.26,Failing,2.91,,5.4,6,6.4,5.0,Poor,Never,True,True,True,0.6,Anxious,Sometimes,False,False,False,Low,0,6-9h,cyberpunk 2077,421702.0
GD0701,17,Male,Student,4,7.1,RPG,cyberpunk 2077,Console,49.26,Failing,2.91,,5.4,6,6.4,5.0,Poor,Never,True,True,True,0.6,Anxious,Sometimes,False,False,False,Low,0,6-9h,cyberpunk 2077,421362.0
GD0702,19,Female,Student,6,8.5,MOBA,dota 2,Mobile,354.28,Excellent,1.77,8.0,3.8,5,4.7,3.3,Poor,Sometimes,True,True,True,1.2,Depressed,Never,True,True,False,Severe,2,6-9h,dota 2,570.0
GD0703,25,Female,Professional,13,4.8,MOBA,mobile legends,Mobile,35.97,Below Average,,3.0,9.7,2,9.2,6.0,Fair,Rarely,True,False,True,1.5,Irritable,Sometimes,False,False,False,Low,0,3-6h,,N/A
GD0704,27,Male,Professional,14,1.7,RPG,cyberpunk 2077,Console,15.3,Excellent,,6.0,10.9,1,7.0,7.7,Fair,Rarely,False,False,False,0.1,Normal,Rarely,False,False,False,Low,0,0-3h,cyberpunk 2077,1091500.0
GD0704,27,Male,Professional,14,1.7,RPG,cyberpunk 2077,Console,15.3,Excellent,,6.0,10.9,1,7.0,7.7,Fair,Rarely,False,False,False,0.1,Normal,Rarely,False,False,False,Low,0,0-3h,cyberpunk 2077,487113.0
GD0704,27,Male,Professional,14,1.7,RPG,cyberpunk 2077,Console,15.3,Excellent,,6.0,10.9,1,7.0,7.7,Fair,Rarely,False,False,False,0.1,Normal,Rarely,False,False,False,Low,0,0-3h,cyberpunk 2077,421702.0
GD0704,27,Male,Professional,14,1.7,RPG,cyberpunk 2077,Console,15.3,Excellent,,6.0,10.9,1,7.0,7.7,Fair,Rarely,False,False,False,0.1,Normal,Rarely,False,False,False,Low,0,0-3h,cyberpunk 2077,421362.0
GD0705,20,Male,Student,2,8.3,MOBA,mobile legends,Multi-platform,69.71,Excellent,1.09,10.0,3.6,6,4.0,5.9,Very Poor,Often,False,False,False,1.1,Depressed,Often,False,False,False,Low,0,6-9h,,N/A
GD0706,17,Male,Student,4,12.1,Mobile Games,genshin impact,PC,380.39,Below Average,1.75,,2.6,8,3.0,5.6,Insomnia,Rarely,True,True,True,6.0,Normal,Rarely,True,False,True,Severe,2,9-12h,genshin impact,410617.0
GD0706,17,Male,Student,4,12.1,Mobile Games,genshin impact,PC,380.39,Below Average,1.75,,2.6,8,3.0,5.6,Insomnia,Rarely,True,True,True,6.0,Normal,Rarely,True,False,True,Severe,2,9-12h,genshin impact,437991.0
GD0706,17,Male,Student,4,12.1,Mobile Games,genshin impact,PC,380.39,Below Average,1.75,,2.6,8,3.0,5.6,Insomnia,Rarely,True,True,True,6.0,Normal,Rarely,True,False,True,Severe,2,9-12h,genshin impact,410618.0
GD0706,17,Male,Student,4,12.1,Mobile Games,genshin impact,PC,380.39,Below Average,1.75,,2.6,8,3.0,5.6,Insomnia,Rarely,True,True,True,6.0,Normal,Rarely,True,False,True,Severe,2,9-12h,genshin impact,748280.0
GD0707,17,Female,Student,3,5.8,Battle Royale,warzone,Multi-platform,123.39,Below Average,2.7,,9.5,3,5.2,6.8,Very Poor,Always,True,False,True,0.3,Angry,Rarely,False,True,False,Moderate,1,3-6h,warzone,712230.0
GD0707,17,Female,Student,3,5.8,Battle Royale,warzone,Multi-platform,123.39,Below Average,2.7,,9.5,3,5.2,6.8,Very Poor,Always,True,False,True,0.3,Angry,Rarely,False,True,False,Moderate,1,3-6h,warzone,2298160.0
GD0708,17,Female,Student,4,8.5,Mobile Games,pubg mobile,Multi-platform,200.6,Poor,1.42,,3.8,8,3.6,3.9,Poor,Always,False,False,False,1.5,Restless,Daily,True,True,False,Severe,2,6-9h,,N/A
GD0709,19,Male,Student,5,3.9,Battle Royale,warzone,Mobile,27.46,Good,1.56,1.0,9.5,1,7.9,5.3,Very Poor,Never,False,False,False,0.2,Depressed,Daily,False,False,False,Low,0,3-6h,warzone,712230.0
GD0709,19,Male,Student,5,3.9,Battle Royale,warzone,Mobile,27.46,Good,1.56,1.0,9.5,1,7.9,5.3,Very Poor,Never,False,False,False,0.2,Depressed,Daily,False,False,False,Low,0,3-6h,warzone,2298160.0
GD0710,24,Female,Professional,7,3.7,MOBA,mobile legends,Mobile,30.53,Good,,9.0,9.7,1,7.7,5.5,Fair,Always,False,False,False,1.0,Normal,Daily,False,False,False,Low,0,3-6h,,N/A
GD0711,21,Male,Student,4,10.4,MOBA,dota 2,Multi-platform,380.83,Failing,2.21,10.0,5.8,6,3.9,5.7,Very Poor,Never,True,True,True,1.1,Depressed,Never,True,True,False,Severe,2,9-12h,dota 2,570.0
GD0712,28,Female,Professional,3,6.4,RPG,cyberpunk 2077,Mobile,86.39,Below Average,,1.0,8.9,4,8.2,6.5,Very Poor,Sometimes,False,True,True,1.5,Irritable,Daily,False,True,False,Moderate,1,6-9h,cyberpunk 2077,1091500.0
GD0712,28,Female,Professional,3,6.4,RPG,cyberpunk 2077,Mobile,86.39,Below Average,,1.0,8.9,4,8.2,6.5,Very Poor,Sometimes,False,True,True,1.5,Irritable,Daily,False,True,False,Moderate,1,6-9h,cyberpunk 2077,487113.0
GD0712,28,Female,Professional,3,6.4,RPG,cyberpunk 2077,Mobile,86.39,Below Average,,1.0,8.9,4,8.2,6.5,Very Poor,Sometimes,False,True,True,1.5,Irritable,Daily,False,True,False,Moderate,1,6-9h,cyberpunk 2077,421702.0
GD0712,28,Female,Professional,3,6.4,RPG,cyberpunk 2077,Mobile,86.39,Below Average,,1.0,8.9,4,8.2,6.5,Very Poor,Sometimes,False,True,True,1.5,Irritable,Daily,False,True,False,Moderate,1,6-9h,cyberpunk 2077,421362.0
GD0713,19,Male,Student,6,10.0,RPG,elden ring,Multi-platform,270.84,Failing,3.7,9.0,3.9,5,5.8,5.4,Good,Rarely,True,False,True,1.0,Anxious,Daily,False,False,True,High,1,9-12h,elden ring,1245620.0
GD0713,19,Male,Student,6,10.0,RPG,elden ring,Multi-platform,270.84,Failing,3.7,9.0,3.9,5,5.8,5.4,Good,Rarely,True,False,True,1.0,Anxious,Daily,False,False,True,High,1,9-12h,elden ring,489212.0
GD0714,20,Male,Student,4,11.1,FPS,valorant,Mobile,396.0,Poor,1.98,6.0,2.0,6,5.8,5.6,Fair,Rarely,False,True,True,0.4,Restless,Sometimes,True,True,True,Severe,3,9-12h,valorant,682668.0
GD0714,20,Male,Student,4,11.1,FPS,valorant,Mobile,396.0,Poor,1.98,6.0,2.0,6,5.8,5.6,Fair,Rarely,False,True,True,0.4,Restless,Sometimes,True,True,True,Severe,3,9-12h,valorant,682740.0
GD0715,19,Male,Student,5,6.7,Mobile Games,candy crush,Console,56.05,Good,3.55,4.0,8.2,5,6.4,4.9,Fair,Often,True,True,True,3.4,Anxious,Rarely,True,False,False,Moderate,1,6-9h,,N/A
GD0716,24,Male,Professional,14,5.9,FPS,counter-strike: global offensive,PC,37.44,Average,,3.0,6.7,4,6.6,6.8,Good,Rarely,False,False,False,0.5,Normal,Rarely,False,False,False,Low,0,3-6h,counter-strike: global offensive,3468.0
GD0717,30,Male,Professional,11,3.0,RPG,cyberpunk 2077,Multi-platform,13.32,Good,,6.0,12.2,1,7.4,8.3,Good,Always,False,False,False,1.0,Excited,Sometimes,False,False,False,Low,0,0-3h,cyberpunk 2077,1091500.0
GD0717,30,Male,Professional,11,3.0,RPG,cyberpunk 2077,Multi-platform,13.32,Good,,6.0,12.2,1,7.4,8.3,Good,Always,False,False,False,1.0,Excited,Sometimes,False,False,False,Low,0,0-3h,cyberpunk 2077,487113.0
GD0717,30,Male,Professional,11,3.0,RPG,cyberpunk 2077,Multi-platform,13.32,Good,,6.0,12.2,1,7.4,8.3,Good,Always,False,False,False,1.0,Excited,Sometimes,False,False,False,Low,0,0-3h,cyberpunk 2077,421702.0
GD0717,30,Male,Professional,11,3.0,RPG,cyberpunk 2077,Multi-platform,13.32,Good,,6.0,12.2,1,7.4,8.3,Good,Always,False,False,False,1.0,Excited,Sometimes,False,False,False,Low,0,0-3h,cyberpunk 2077,421362.0
GD0718,17,Male,Student,3,6.6,MOBA,dota 2,Console,17.0,Average,3.92,,5.2,3,6.8,4.8,Fair,Never,True,False,True,0.3,Angry,Daily,True,True,False,High,2,6-9h,dota 2,570.0
GD0719,21,Male,Student,1,11.7,FPS,overwatch,Mobile,303.54,Poor,3.05,5.0,0.0,7,5.1,6.0,Very Poor,Never,True,True,True,0.8,Depressed,Often,False,True,False,High,1,9-12h,,N/A
GD0720,23,Female,Professional,6,13.0,RPG,elden ring,Console,239.25,Below Average,,7.0,0.0,8,5.1,5.2,Insomnia,Sometimes,True,False,True,6.4,Anxious,Daily,True,True,False,Severe,2,12h+,elden ring,1245620.0
GD0720,23,Female,Professional,6,13.0,RPG,elden ring,Console,239.25,Below Average,,7.0,0.0,8,5.1,5.2,Insomnia,Sometimes,True,False,True,6.4,Anxious,Daily,True,True,False,Severe,2,12h+,elden ring,489212.0
GD0721,14,Male,Student,3,4.3,Mobile Games,candy crush,Mobile,27.9,Average,2.63,,9.7,2,6.6,5.6,Fair,Rarely,False,False,False,0.0,Depressed,Often,False,False,False,Low,0,3-6h,,N/A
GD0722,21,Male,Student,10,4.8,MOBA,dota 2,Multi-platform,110.49,Poor,2.42,3.0,7.7,2,6.0,7.0,Poor,Often,True,False,True,2.7,Angry,Never,False,False,False,Low,0,3-6h,dota 2,570.0
GD0723,23,Male,Professional,5,3.9,Strategy,sid meier's civilization vi,Multi-platform,29.56,Poor,,8.0,10.4,2,7.2,6.7,Poor,Always,False,False,False,0.3,Angry,Never,False,False,False,Low,0,3-6h,sid meier's civilization vi,335483.0
GD0723,23,Male,Professional,5,3.9,Strategy,sid meier's civilization vi,Multi-platform,29.56,Poor,,8.0,10.4,2,7.2,6.7,Poor,Always,False,False,False,0.3,Angry,Never,False,False,False,Low,0,3-6h,sid meier's civilization vi,335482.0
GD0723,23,Male,Professional,5,3.9,Strategy,sid meier's civilization vi,Multi-platform,29.56,Poor,,8.0,10.4,2,7.2,6.7,Poor,Always,False,False,False,0.3,Angry,Never,False,False,False,Low,0,3-6h,sid meier's civilization vi,336792.0
GD0724,17,Female,Student,6,5.1,Mobile Games,clash of clans,PC,97.92,Below Average,3.96,,10.6,1,5.8,7.0,Good,Often,True,False,True,0.3,Normal,Sometimes,False,False,False,Low,0,3-6h,,N/A
GD0725,19,Male,Student,2,7.8,MOBA,mobile legends,Mobile,106.73,Poor,1.74,4.0,7.1,6,7.2,4.1,Very Poor,Sometimes,False,True,True,1.5,Anxious,Daily,True,True,True,Severe,3,6-9h,,N/A
GD0726,18,Female,Student,5,2.1,Battle Royale,fortnite,Multi-platform,49.39,Average,1.86,,9.8,1,9.3,8.6,Good,Sometimes,False,False,False,0.7,Normal,Daily,False,False,False,Low,0,0-3h,fortnite,18141.0
GD0726,18,Female,Student,5,2.1,Battle Royale,fortnite,Multi-platform,49.39,Average,1.86,,9.8,1,9.3,8.6,Good,Sometimes,False,False,False,0.7,Normal,Daily,False,False,False,Low,0,0-3h,fortnite,417808.0
GD0726,18,Female,Student,5,2.1,Battle Royale,fortnite,Multi-platform,49.39,Average,1.86,,9.8,1,9.3,8.6,Good,Sometimes,False,False,False,0.7,Normal,Daily,False,False,False,Low,0,0-3h,fortnite,18167.0
GD0726,18,Female,Student,5,2.1,Battle Royale,fortnite,Multi-platform,49.39,Average,1.86,,9.8,1,9.3,8.6,Good,Sometimes,False,False,False,0.7,Normal,Daily,False,False,False,Low,0,0-3h,fortnite,18204.0
GD0727,17,Female,Student,6,6.2,Mobile Games,genshin impact,Mobile,37.0,Below Average,2.22,,5.2,4,5.2,5.7,Fair,Sometimes,True,True,True,2.2,Angry,Often,False,True,False,Moderate,1,3-6h,genshin impact,410617.0
GD0727,17,Female,Student,6,6.2,Mobile Games,genshin impact,Mobile,37.0,Below Average,2.22,,5.2,4,5.2,5.7,Fair,Sometimes,True,True,True,2.2,Angry,Often,False,True,False,Moderate,1,3-6h,genshin impact,437991.0
GD0727,17,Female,Student,6,6.2,Mobile Games,genshin impact,Mobile,37.0,Below Average,2.22,,5.2,4,5.2,5.7,Fair,Sometimes,True,True,True,2.2,Angry,Often,False,True,False,Moderate,1,3-6h,genshin impact,410618.0
GD0727,17,Female,Student,6,6.2,Mobile Games,genshin impact,Mobile,37.0,Below Average,2.22,,5.2,4,5.2,5.7,Fair,Sometimes,True,True,True,2.2,Angry,Often,False,True,False,Moderate,1,3-6h,genshin impact,748280.0
GD0728,17,Male,Student,2,6.3,MOBA,mobile legends,Console,147.26,Average,3.01,,8.6,2,6.9,6.6,Fair,Often,True,True,True,2.0,Anxious,Never,False,True,False,Moderate,1,3-6h,,N/A
GD0729,21,Male,Student,8,8.4,FPS,valorant,Multi-platform,73.12,Below Average,2.38,10.0,2.8,6,5.8,5.1,Poor,Never,False,True,True,1.8,Anxious,Rarely,True,True,True,Severe,3,6-9h,valorant,682668.0
GD0729,21,Male,Student,8,8.4,FPS,valorant,Multi-platform,73.12,Below Average,2.38,10.0,2.8,6,5.8,5.1,Poor,Never,False,True,True,1.8,Anxious,Rarely,True,True,True,Severe,3,6-9h,valorant,682740.0
GD0730,22,Male,Student,11,10.3,Strategy,age of empires,PC,446.66,Poor,2.9,10.0,2.9,6,4.1,5.8,Poor,Sometimes,True,True,True,3.9,Irritable,Rarely,True,True,False,Severe,2,9-12h,,N/A
GD0731,17,Female,Student,3,3.2,Battle Royale,fortnite,PC,12.37,Poor,3.6,,13.8,1,7.9,7.2,Good,Never,False,False,False,0.9,Euphoric,Sometimes,False,False,False,Low,0,0-3h,fortnite,18141.0
GD0731,17,Female,Student,3,3.2,Battle Royale,fortnite,PC,12.37,Poor,3.6,,13.8,1,7.9,7.2,Good,Never,False,False,False,0.9,Euphoric,Sometimes,False,False,False,Low,0,0-3h,fortnite,417808.0
GD0731,17,Female,Student,3,3.2,Battle Royale,fortnite,PC,12.37,Poor,3.6,,13.8,1,7.9,7.2,Good,Never,False,False,False,0.9,Euphoric,Sometimes,False,False,False,Low,0,0-3h,fortnite,18167.0
GD0731,17,Female,Student,3,3.2,Battle Royale,fortnite,PC,12.37,Poor,3.6,,13.8,1,7.9,7.2,Good,Never,False,False,False,0.9,Euphoric,Sometimes,False,False,False,Low,0,0-3h,fortnite,18204.0
GD0732,28,Female,Professional,9,8.6,MOBA,league of legends,Multi-platform,309.02,Average,,2.0,4.8,6,5.3,4.2,Fair,Rarely,False,True,True,3.7,Anxious,Sometimes,False,True,True,Severe,2,6-9h,,N/A
GD0733,19,Female,Student,4,4.3,Battle Royale,fortnite,Console,18.74,Below Average,1.96,1.0,8.1,3,8.2,5.5,Fair,Often,False,False,False,1.0,Depressed,Sometimes,False,False,False,Low,0,3-6h,fortnite,18141.0
GD0733,19,Female,Student,4,4.3,Battle Royale,fortnite,Console,18.74,Below Average,1.96,1.0,8.1,3,8.2,5.5,Fair,Often,False,False,False,1.0,Depressed,Sometimes,False,False,False,Low,0,3-6h,fortnite,417808.0
GD0733,19,Female,Student,4,4.3,Battle Royale,fortnite,Console,18.74,Below Average,1.96,1.0,8.1,3,8.2,5.5,Fair,Often,False,False,False,1.0,Depressed,Sometimes,False,False,False,Low,0,3-6h,fortnite,18167.0
GD0733,19,Female,Student,4,4.3,Battle Royale,fortnite,Console,18.74,Below Average,1.96,1.0,8.1,3,8.2,5.5,Fair,Often,False,False,False,1.0,Depressed,Sometimes,False,False,False,Low,0,3-6h,fortnite,18204.0
GD0734,23,Male,Professional,10,5.4,Battle Royale,warzone,Multi-platform,101.27,Average,,9.0,12.0,3,7.2,6.7,Good,Often,True,False,True,0.0,Normal,Never,False,False,False,Low,0,3-6h,warzone,712230.0
GD0734,23,Male,Professional,10,5.4,Battle Royale,warzone,Multi-platform,101.27,Average,,9.0,12.0,3,7.2,6.7,Good,Often,True,False,True,0.0,Normal,Never,False,False,False,Low,0,3-6h,warzone,2298160.0
GD0735,17,Female,Student,5,4.4,FPS,overwatch,Mobile,35.72,Poor,1.03,,8.1,2,9.5,6.1,Fair,Never,False,False,False,0.3,Normal,Sometimes,False,False,False,Low,0,3-6h,,N/A
GD0736,18,Male,Student,5,11.4,Battle Royale,fortnite,Mobile,151.46,Below Average,1.61,,0.2,8,5.1,4.6,Very Poor,Sometimes,False,True,True,2.5,Anxious,Often,True,False,False,High,1,9-12h,fortnite,18141.0
GD0736,18,Male,Student,5,11.4,Battle Royale,fortnite,Mobile,151.46,Below Average,1.61,,0.2,8,5.1,4.6,Very Poor,Sometimes,False,True,True,2.5,Anxious,Often,True,False,False,High,1,9-12h,fortnite,417808.0
GD0736,18,Male,Student,5,11.4,Battle Royale,fortnite,Mobile,151.46,Below Average,1.61,,0.2,8,5.1,4.6,Very Poor,Sometimes,False,True,True,2.5,Anxious,Often,True,False,False,High,1,9-12h,fortnite,18167.0
GD0736,18,Male,Student,5,11.4,Battle Royale,fortnite,Mobile,151.46,Below Average,1.61,,0.2,8,5.1,4.6,Very Poor,Sometimes,False,True,True,2.5,Anxious,Often,True,False,False,High,1,9-12h,fortnite,18204.0
GD0737,17,Male,Student,7,8.6,RPG,skyrim,Multi-platform,123.19,Poor,2.95,,3.8,5,5.6,4.9,Poor,Never,True,True,True,2.6,Irritable,Often,True,True,True,Severe,3,6-9h,skyrim,2435.0
GD0738,15,Female,Student,5,7.0,Strategy,sid meier's civilization vi,PC,65.22,Failing,1.93,,3.7,4,8.4,4.0,Poor,Rarely,True,True,True,0.1,Anxious,Often,True,False,False,Moderate,1,6-9h,sid meier's civilization vi,335483.0
GD0738,15,Female,Student,5,7.0,Strategy,sid meier's civilization vi,PC,65.22,Failing,1.93,,3.7,4,8.4,4.0,Poor,Rarely,True,True,True,0.1,Anxious,Often,True,False,False,Moderate,1,6-9h,sid meier's civilization vi,335482.0
GD0738,15,Female,Student,5,7.0,Strategy,sid meier's civilization vi,PC,65.22,Failing,1.93,,3.7,4,8.4,4.0,Poor,Rarely,True,True,True,0.1,Anxious,Often,True,False,False,Moderate,1,6-9h,sid meier's civilization vi,336792.0
GD0739,29,Male,Professional,4,5.8,MMO,world of warcraft,Console,27.31,Poor,,1.0,9.5,4,7.7,6.6,Good,Rarely,False,True,True,0.5,Normal,Rarely,False,True,False,Moderate,1,3-6h,,N/A
GD0740,17,Male,Student,7,6.2,Strategy,sid meier's civilization vi,PC,115.5,Average,3.01,,6.2,5,7.0,5.4,Poor,Rarely,True,False,True,2.2,Anxious,Never,False,False,False,Low,0,3-6h,sid meier's civilization vi,335483.0
GD0740,17,Male,Student,7,6.2,Strategy,sid meier's civilization vi,PC,115.5,Average,3.01,,6.2,5,7.0,5.4,Poor,Rarely,True,False,True,2.2,Anxious,Never,False,False,False,Low,0,3-6h,sid meier's civilization vi,335482.0
GD0740,17,Male,Student,7,6.2,Strategy,sid meier's civilization vi,PC,115.5,Average,3.01,,6.2,5,7.0,5.4,Poor,Rarely,True,False,True,2.2,Anxious,Never,False,False,False,Low,0,3-6h,sid meier's civilization vi,336792.0
GD0741,17,Male,Student,7,6.3,MMO,elder scrolls online,PC,35.84,Good,2.75,,7.5,3,7.9,6.2,Very Poor,Often,True,True,True,0.8,Restless,Sometimes,False,False,False,Low,0,3-6h,,N/A
GD0742,22,Male,Student,8,13.5,FPS,overwatch,Mobile,52.68,Poor,1.93,10.0,0.0,10,2.0,4.3,Very Poor,Never,True,False,True,0.8,Restless,Often,False,True,False,High,1,12h+,,N/A
GD0743,26,Male,Professional,2,7.4,Mobile Games,genshin impact,PC,75.3,Poor,,3.0,5.0,4,7.7,3.0,Fair,Often,True,False,True,0.8,Euphoric,Daily,True,True,False,High,2,6-9h,genshin impact,410617.0
GD0743,26,Male,Professional,2,7.4,Mobile Games,genshin impact,PC,75.3,Poor,,3.0,5.0,4,7.7,3.0,Fair,Often,True,False,True,0.8,Euphoric,Daily,True,True,False,High,2,6-9h,genshin impact,437991.0
GD0743,26,Male,Professional,2,7.4,Mobile Games,genshin impact,PC,75.3,Poor,,3.0,5.0,4,7.7,3.0,Fair,Often,True,False,True,0.8,Euphoric,Daily,True,True,False,High,2,6-9h,genshin impact,410618.0
GD0743,26,Male,Professional,2,7.4,Mobile Games,genshin impact,PC,75.3,Poor,,3.0,5.0,4,7.7,3.0,Fair,Often,True,False,True,0.8,Euphoric,Daily,True,True,False,High,2,6-9h,genshin impact,748280.0
GD0744,20,Male,Student,1,1.2,MOBA,dota 2,Multi-platform,39.28,Average,1.86,10.0,15.1,1,9.7,8.2,Fair,Rarely,False,False,False,0.3,Restless,Rarely,False,False,False,Low,0,0-3h,dota 2,570.0
GD0745,18,Male,Student,6,2.3,Strategy,age of empires,Mobile,35.69,Excellent,1.76,,12.9,2,10.2,7.4,Fair,Often,False,False,False,0.6,Normal,Often,False,False,False,Low,0,0-3h,,N/A
GD0746,22,Female,Student,11,4.6,MOBA,league of legends,Console,46.89,Excellent,1.71,2.0,9.0,3,7.5,6.0,Fair,Never,True,False,True,0.5,Euphoric,Sometimes,False,False,False,Low,0,3-6h,,N/A
GD0747,29,Male,Professional,15,0.7,MOBA,mobile legends,Multi-platform,46.38,Below Average,,4.0,11.8,1,8.5,7.3,Fair,Sometimes,False,False,False,0.3,Restless,Daily,False,False,False,Low,0,0-3h,,N/A
GD0748,18,Male,Student,8,0.6,Mobile Games,candy crush,Console,36.92,Good,1.46,,13.5,1,10.8,8.1,Fair,Often,False,False,False,0.2,Normal,Daily,False,False,False,Low,0,0-3h,,N/A
GD0749,19,Male,Student,4,4.8,Mobile Games,genshin impact,PC,47.78,Average,3.46,6.0,11.1,3,8.4,6.8,Poor,Often,True,False,True,1.3,Euphoric,Rarely,False,False,False,Low,0,3-6h,genshin impact,410617.0
GD0749,19,Male,Student,4,4.8,Mobile Games,genshin impact,PC,47.78,Average,3.46,6.0,11.1,3,8.4,6.8,Poor,Often,True,False,True,1.3,Euphoric,Rarely,False,False,False,Low,0,3-6h,genshin impact,437991.0
GD0749,19,Male,Student,4,4.8,Mobile Games,genshin impact,PC,47.78,Average,3.46,6.0,11.1,3,8.4,6.8,Poor,Often,True,False,True,1.3,Euphoric,Rarely,False,False,False,Low,0,3-6h,genshin impact,410618.0
GD0749,19,Male,Student,4,4.8,Mobile Games,genshin impact,PC,47.78,Average,3.46,6.0,11.1,3,8.4,6.8,Poor,Often,True,False,True,1.3,Euphoric,Rarely,False,False,False,Low,0,3-6h,genshin impact,748280.0
GD0750,23,Male,Professional,8,5.5,MMO,world of warcraft,Console,51.25,Poor,,6.0,7.6,4,6.6,6.3,Poor,Never,True,True,True,1.7,Excited,Rarely,False,False,False,Low,0,3-6h,,N/A
GD0751,18,Male,Student,5,6.3,RPG,skyrim,Multi-platform,10.47,Good,1.02,,10.8,4,5.8,5.6,Good,Never,True,False,True,0.7,Irritable,Often,False,True,False,Moderate,1,3-6h,skyrim,2435.0
GD0752,21,Male,Student,10,11.9,Strategy,starcraft ii,Console,374.32,Poor,3.34,3.0,2.6,8,4.1,4.2,Poor,Always,True,True,True,2.6,Anxious,Never,True,True,True,Severe,3,9-12h,,N/A
GD0753,21,Male,Student,2,4.1,RPG,elden ring,PC,45.63,Good,2.63,9.0,11.2,3,8.7,5.2,Fair,Always,False,False,False,1.3,Euphoric,Often,False,False,False,Low,0,3-6h,elden ring,1245620.0
GD0753,21,Male,Student,2,4.1,RPG,elden ring,PC,45.63,Good,2.63,9.0,11.2,3,8.7,5.2,Fair,Always,False,False,False,1.3,Euphoric,Often,False,False,False,Low,0,3-6h,elden ring,489212.0
GD0754,19,Female,Student,3,0.8,FPS,call of duty,PC,35.12,Good,1.43,2.0,11.8,1,8.8,7.4,Fair,Sometimes,False,False,False,0.1,Normal,Sometimes,False,False,False,Low,0,0-3h,,N/A
GD0755,17,Female,Student,7,3.7,Strategy,starcraft ii,PC,22.33,Average,1.86,,11.0,1,6.3,5.5,Fair,Rarely,False,False,False,0.1,Euphoric,Daily,False,False,False,Low,0,3-6h,,N/A
GD0756,23,Male,Professional,8,11.0,MOBA,league of legends,Multi-platform,144.47,Poor,,6.0,0.0,7,4.5,3.4,Very Poor,Always,True,True,True,2.5,Restless,Sometimes,True,True,False,Severe,2,9-12h,,N/A
GD0757,27,Male,Professional,12,1.5,FPS,valorant,Mobile,10.08,Average,,3.0,12.0,1,10.4,9.0,Good,Sometimes,False,False,False,0.5,Euphoric,Often,False,False,False,Low,0,0-3h,valorant,682668.0
GD0757,27,Male,Professional,12,1.5,FPS,valorant,Mobile,10.08,Average,,3.0,12.0,1,10.4,9.0,Good,Sometimes,False,False,False,0.5,Euphoric,Often,False,False,False,Low,0,0-3h,valorant,682740.0
GD0758,17,Male,Student,7,6.6,Mobile Games,clash of clans,PC,29.91,Below Average,1.5,,5.3,6,5.5,3.7,Poor,Always,True,True,True,1.2,Angry,Rarely,True,True,False,High,2,6-9h,,N/A
GD0759,16,Female,Student,2,5.9,RPG,skyrim,Console,19.38,Below Average,1.77,,6.5,3,5.9,6.6,Fair,Always,True,True,True,0.2,Anxious,Sometimes,False,True,False,Moderate,1,3-6h,skyrim,2435.0
GD0760,33,Female,Professional,6,5.5,MOBA,league of legends,PC,82.37,Below Average,,5.0,6.4,3,8.1,6.1,Good,Never,False,False,False,1.4,Normal,Never,False,True,False,Moderate,1,3-6h,,N/A
GD0761,16,Male,Student,2,11.4,MOBA,league of legends,Console,73.87,Below Average,3.91,,3.1,7,5.6,3.0,Poor,Always,False,True,True,1.5,Anxious,Sometimes,True,False,True,Severe,2,9-12h,,N/A
GD0762,18,Female,Student,3,2.7,MMO,elder scrolls online,Multi-platform,42.45,Excellent,3.85,,9.7,1,6.9,8.6,Good,Often,False,False,False,0.1,Normal,Often,False,False,False,Low,0,0-3h,,N/A
GD0763,22,Male,Student,10,5.5,FPS,valorant,Console,91.34,Average,1.06,1.0,9.6,3,8.8,6.0,Insomnia,Often,True,False,True,0.8,Normal,Never,False,False,False,Low,0,3-6h,valorant,682668.0
GD0763,22,Male,Student,10,5.5,FPS,valorant,Console,91.34,Average,1.06,1.0,9.6,3,8.8,6.0,Insomnia,Often,True,False,True,0.8,Normal,Never,False,False,False,Low,0,3-6h,valorant,682740.0
GD0764,15,Male,Student,1,7.3,MOBA,mobile legends,Mobile,115.77,Average,2.89,,6.0,5,4.9,4.5,Very Poor,Never,True,True,True,1.6,Anxious,Daily,True,True,False,High,2,6-9h,,N/A
GD0765,24,Male,Professional,7,7.7,MMO,world of warcraft,Mobile,30.64,Failing,,8.0,4.0,3,5.7,3.2,Poor,Often,True,True,True,1.0,Euphoric,Sometimes,True,True,False,High,2,6-9h,,N/A
GD0766,19,Female,Student,4,8.3,Battle Royale,apex legends,Console,10.32,Average,1.44,10.0,8.2,5,4.4,5.5,Poor,Always,False,True,True,1.4,Restless,Sometimes,True,True,True,Severe,3,6-9h,apex legends,176538.0
GD0766,19,Female,Student,4,8.3,Battle Royale,apex legends,Console,10.32,Average,1.44,10.0,8.2,5,4.4,5.5,Poor,Always,False,True,True,1.4,Restless,Sometimes,True,True,True,Severe,3,6-9h,apex legends,495480.0
GD0766,19,Female,Student,4,8.3,Battle Royale,apex legends,Console,10.32,Average,1.44,10.0,8.2,5,4.4,5.5,Poor,Always,False,True,True,1.4,Restless,Sometimes,True,True,True,Severe,3,6-9h,apex legends,176537.0
GD0767,19,Male,Student,7,9.5,MMO,elder scrolls online,Multi-platform,336.84,Below Average,3.65,1.0,6.9,6,3.7,4.6,Very Poor,Often,False,True,True,3.4,Normal,Daily,True,False,False,High,1,9-12h,,N/A
GD0768,20,Female,Student,4,10.0,Battle Royale,pubg,Multi-platform,386.2,Below Average,2.71,7.0,2.0,5,6.9,5.3,Very Poor,Never,False,True,True,5.7,Irritable,Never,True,False,False,High,1,9-12h,,N/A
GD0769,27,Male,Professional,14,2.8,Battle Royale,fortnite,Console,16.42,Average,,7.0,11.2,1,9.3,7.3,Good,Often,False,False,False,2.2,Normal,Never,False,False,False,Low,0,0-3h,fortnite,18141.0
GD0769,27,Male,Professional,14,2.8,Battle Royale,fortnite,Console,16.42,Average,,7.0,11.2,1,9.3,7.3,Good,Often,False,False,False,2.2,Normal,Never,False,False,False,Low,0,0-3h,fortnite,417808.0
GD0769,27,Male,Professional,14,2.8,Battle Royale,fortnite,Console,16.42,Average,,7.0,11.2,1,9.3,7.3,Good,Often,False,False,False,2.2,Normal,Never,False,False,False,Low,0,0-3h,fortnite,18167.0
GD0769,27,Male,Professional,14,2.8,Battle Royale,fortnite,Console,16.42,Average,,7.0,11.2,1,9.3,7.3,Good,Often,False,False,False,2.2,Normal,Never,False,False,False,Low,0,0-3h,fortnite,18204.0
GD0770,21,Male,Student,2,8.6,MOBA,league of legends,Multi-platform,471.04,Poor,2.67,4.0,1.7,5,6.9,4.0,Fair,Sometimes,True,True,True,1.6,Anxious,Rarely,True,True,False,Severe,2,6-9h,,N/A
GD0771,16,Female,Student,2,4.9,Strategy,starcraft ii,PC,89.56,Average,3.44,,9.8,3,9.2,5.1,Poor,Always,True,False,True,0.8,Euphoric,Often,False,False,False,Low,0,3-6h,,N/A
GD0772,17,Male,Student,5,3.4,RPG,skyrim,PC,13.73,Good,2.86,,9.5,1,8.5,8.8,Good,Sometimes,False,False,False,0.8,Normal,Never,False,False,False,Low,0,0-3h,skyrim,2435.0
GD0773,19,Male,Student,3,2.2,FPS,valorant,Console,38.09,Good,1.03,10.0,14.0,1,9.0,8.9,Good,Always,False,False,False,0.1,Excited,Daily,False,False,False,Low,0,0-3h,valorant,682668.0
GD0773,19,Male,Student,3,2.2,FPS,valorant,Console,38.09,Good,1.03,10.0,14.0,1,9.0,8.9,Good,Always,False,False,False,0.1,Excited,Daily,False,False,False,Low,0,0-3h,valorant,682740.0
GD0774,20,Female,Student,1,4.2,RPG,elden ring,Console,22.92,Below Average,2.77,2.0,10.9,3,7.8,6.1,Fair,Often,False,False,False,1.2,Normal,Sometimes,False,False,False,Low,0,3-6h,elden ring,1245620.0
GD0774,20,Female,Student,1,4.2,RPG,elden ring,Console,22.92,Below Average,2.77,2.0,10.9,3,7.8,6.1,Fair,Often,False,False,False,1.2,Normal,Sometimes,False,False,False,Low,0,3-6h,elden ring,489212.0
GD0775,18,Male,Student,5,5.0,Strategy,age of empires,PC,130.46,Below Average,2.76,,8.8,3,5.7,6.4,Fair,Often,False,False,False,1.8,Restless,Sometimes,False,False,False,Low,0,3-6h,,N/A
GD0776,21,Other,Student,9,7.9,Strategy,starcraft ii,PC,70.68,Poor,1.63,6.0,6.3,4,5.8,5.1,Poor,Rarely,False,False,False,1.6,Anxious,Sometimes,False,True,False,Moderate,1,6-9h,,N/A
GD0777,21,Female,Student,2,10.7,Mobile Games,pubg mobile,Console,394.92,Average,1.13,6.0,0.7,8,5.7,3.7,Very Poor,Often,True,True,True,0.1,Depressed,Sometimes,True,False,False,High,1,9-12h,,N/A
GD0778,25,Male,Professional,5,8.6,Battle Royale,fortnite,PC,141.47,Below Average,,9.0,5.5,6,6.6,5.1,Poor,Often,False,True,True,2.8,Anxious,Daily,False,False,True,High,1,6-9h,fortnite,18141.0
GD0778,25,Male,Professional,5,8.6,Battle Royale,fortnite,PC,141.47,Below Average,,9.0,5.5,6,6.6,5.1,Poor,Often,False,True,True,2.8,Anxious,Daily,False,False,True,High,1,6-9h,fortnite,417808.0
GD0778,25,Male,Professional,5,8.6,Battle Royale,fortnite,PC,141.47,Below Average,,9.0,5.5,6,6.6,5.1,Poor,Often,False,True,True,2.8,Anxious,Daily,False,False,True,High,1,6-9h,fortnite,18167.0
GD0778,25,Male,Professional,5,8.6,Battle Royale,fortnite,PC,141.47,Below Average,,9.0,5.5,6,6.6,5.1,Poor,Often,False,True,True,2.8,Anxious,Daily,False,False,True,High,1,6-9h,fortnite,18204.0
GD0779,28,Female,Professional,5,8.8,MOBA,league of legends,Console,442.42,Failing,,5.0,2.5,6,7.4,4.8,Poor,Rarely,False,True,True,4.2,Irritable,Sometimes,False,False,True,High,1,6-9h,,N/A
GD0780,23,Male,Professional,9,3.4,Battle Royale,fortnite,Mobile,36.34,Good,,6.0,13.9,1,8.9,7.5,Good,Sometimes,False,False,False,0.4,Irritable,Never,False,False,False,Low,0,0-3h,fortnite,18141.0
GD0780,23,Male,Professional,9,3.4,Battle Royale,fortnite,Mobile,36.34,Good,,6.0,13.9,1,8.9,7.5,Good,Sometimes,False,False,False,0.4,Irritable,Never,False,False,False,Low,0,0-3h,fortnite,417808.0
GD0780,23,Male,Professional,9,3.4,Battle Royale,fortnite,Mobile,36.34,Good,,6.0,13.9,1,8.9,7.5,Good,Sometimes,False,False,False,0.4,Irritable,Never,False,False,False,Low,0,0-3h,fortnite,18167.0
GD0780,23,Male,Professional,9,3.4,Battle Royale,fortnite,Mobile,36.34,Good,,6.0,13.9,1,8.9,7.5,Good,Sometimes,False,False,False,0.4,Irritable,Never,False,False,False,Low,0,0-3h,fortnite,18204.0
GD0781,21,Female,Student,11,6.3,FPS,valorant,PC,120.62,Poor,1.67,4.0,9.6,2,5.1,6.1,Good,Never,True,True,True,4.1,Normal,Rarely,False,True,False,Moderate,1,3-6h,valorant,682668.0
GD0781,21,Female,Student,11,6.3,FPS,valorant,PC,120.62,Poor,1.67,4.0,9.6,2,5.1,6.1,Good,Never,True,True,True,4.1,Normal,Rarely,False,True,False,Moderate,1,3-6h,valorant,682740.0
GD0782,18,Male,Student,3,2.1,FPS,valorant,PC,39.9,Excellent,1.79,,11.1,2,10.6,7.4,Good,Never,False,False,False,0.3,Normal,Sometimes,False,False,False,Low,0,0-3h,valorant,682668.0
GD0782,18,Male,Student,3,2.1,FPS,valorant,PC,39.9,Excellent,1.79,,11.1,2,10.6,7.4,Good,Never,False,False,False,0.3,Normal,Sometimes,False,False,False,Low,0,0-3h,valorant,682740.0
GD0783,17,Male,Student,3,4.6,RPG,cyberpunk 2077,Multi-platform,15.54,Below Average,1.44,,10.6,3,6.1,5.1,Fair,Never,False,False,False,2.0,Euphoric,Sometimes,False,False,False,Low,0,3-6h,cyberpunk 2077,1091500.0
GD0783,17,Male,Student,3,4.6,RPG,cyberpunk 2077,Multi-platform,15.54,Below Average,1.44,,10.6,3,6.1,5.1,Fair,Never,False,False,False,2.0,Euphoric,Sometimes,False,False,False,Low,0,3-6h,cyberpunk 2077,487113.0
GD0783,17,Male,Student,3,4.6,RPG,cyberpunk 2077,Multi-platform,15.54,Below Average,1.44,,10.6,3,6.1,5.1,Fair,Never,False,False,False,2.0,Euphoric,Sometimes,False,False,False,Low,0,3-6h,cyberpunk 2077,421702.0
GD0783,17,Male,Student,3,4.6,RPG,cyberpunk 2077,Multi-platform,15.54,Below Average,1.44,,10.6,3,6.1,5.1,Fair,Never,False,False,False,2.0,Euphoric,Sometimes,False,False,False,Low,0,3-6h,cyberpunk 2077,421362.0
GD0784,25,Female,Professional,10,9.8,Mobile Games,clash of clans,Console,63.25,Poor,,7.0,2.2,6,3.2,5.2,Fair,Always,False,False,False,8.1,Euphoric,Often,True,True,True,Severe,3,9-12h,,N/A
GD0785,20,Male,Student,1,3.0,Battle Royale,fortnite,Mobile,34.88,Excellent,3.26,1.0,8.9,1,9.7,8.1,Good,Never,False,False,False,0.7,Excited,Rarely,False,False,False,Low,0,0-3h,fortnite,18141.0
GD0785,20,Male,Student,1,3.0,Battle Royale,fortnite,Mobile,34.88,Excellent,3.26,1.0,8.9,1,9.7,8.1,Good,Never,False,False,False,0.7,Excited,Rarely,False,False,False,Low,0,0-3h,fortnite,417808.0
GD0785,20,Male,Student,1,3.0,Battle Royale,fortnite,Mobile,34.88,Excellent,3.26,1.0,8.9,1,9.7,8.1,Good,Never,False,False,False,0.7,Excited,Rarely,False,False,False,Low,0,0-3h,fortnite,18167.0
GD0785,20,Male,Student,1,3.0,Battle Royale,fortnite,Mobile,34.88,Excellent,3.26,1.0,8.9,1,9.7,8.1,Good,Never,False,False,False,0.7,Excited,Rarely,False,False,False,Low,0,0-3h,fortnite,18204.0
GD0786,14,Female,Student,4,2.9,Mobile Games,candy crush,Mobile,0.78,Excellent,1.86,,12.3,1,9.2,8.7,Good,Always,False,False,False,0.9,Angry,Sometimes,False,False,False,Low,0,0-3h,,N/A
GD0787,15,Male,Student,5,5.8,MMO,elder scrolls online,Multi-platform,10.87,Good,1.45,,7.5,4,7.6,6.6,Fair,Often,False,False,False,0.5,Euphoric,Sometimes,False,False,False,Low,0,3-6h,,N/A
GD0788,22,Male,Student,9,5.7,RPG,elden ring,PC,44.8,Good,3.89,6.0,6.5,3,6.1,6.8,Fair,Always,False,False,False,1.9,Depressed,Often,False,False,False,Low,0,3-6h,elden ring,1245620.0
GD0788,22,Male,Student,9,5.7,RPG,elden ring,PC,44.8,Good,3.89,6.0,6.5,3,6.1,6.8,Fair,Always,False,False,False,1.9,Depressed,Often,False,False,False,Low,0,3-6h,elden ring,489212.0
GD0789,19,Male,Student,8,7.0,Strategy,sid meier's civilization vi,Console,61.59,Excellent,3.08,1.0,9.2,2,7.0,3.8,Fair,Always,False,True,True,3.3,Euphoric,Never,True,True,False,High,2,6-9h,sid meier's civilization vi,335483.0
GD0789,19,Male,Student,8,7.0,Strategy,sid meier's civilization vi,Console,61.59,Excellent,3.08,1.0,9.2,2,7.0,3.8,Fair,Always,False,True,True,3.3,Euphoric,Never,True,True,False,High,2,6-9h,sid meier's civilization vi,335482.0
GD0789,19,Male,Student,8,7.0,Strategy,sid meier's civilization vi,Console,61.59,Excellent,3.08,1.0,9.2,2,7.0,3.8,Fair,Always,False,True,True,3.3,Euphoric,Never,True,True,False,High,2,6-9h,sid meier's civilization vi,336792.0
GD0790,15,Female,Student,4,7.9,RPG,skyrim,Multi-platform,80.06,Poor,3.4,,4.6,5,7.3,4.3,Good,Often,True,True,True,0.7,Euphoric,Often,False,False,False,Low,0,6-9h,skyrim,2435.0
GD0791,20,Male,Student,3,7.0,Strategy,sid meier's civilization vi,PC,23.82,Poor,1.4,3.0,7.2,5,7.6,3.6,Very Poor,Never,True,True,True,4.0,Angry,Often,False,True,False,Moderate,1,6-9h,sid meier's civilization vi,335483.0
GD0791,20,Male,Student,3,7.0,Strategy,sid meier's civilization vi,PC,23.82,Poor,1.4,3.0,7.2,5,7.6,3.6,Very Poor,Never,True,True,True,4.0,Angry,Often,False,True,False,Moderate,1,6-9h,sid meier's civilization vi,335482.0
GD0791,20,Male,Student,3,7.0,Strategy,sid meier's civilization vi,PC,23.82,Poor,1.4,3.0,7.2,5,7.6,3.6,Very Poor,Never,True,True,True,4.0,Angry,Often,False,True,False,Moderate,1,6-9h,sid meier's civilization vi,336792.0
GD0792,34,Male,Professional,16,1.4,Mobile Games,pubg mobile,Multi-platform,48.31,Good,,9.0,13.5,1,10.4,8.3,Good,Often,False,False,False,0.3,Restless,Never,False,False,False,Low,0,0-3h,,N/A
GD0793,18,Female,Student,1,8.7,MMO,final fantasy xiv online,Console,486.6,Below Average,2.87,,2.6,5,6.6,6.0,Very Poor,Often,True,True,True,6.7,Depressed,Sometimes,True,True,False,Severe,2,6-9h,final fantasy xiv online,39210.0
GD0794,16,Female,Student,5,6.0,Battle Royale,fortnite,Console,134.04,Good,1.35,,5.5,3,6.0,6.0,Fair,Always,False,True,True,0.5,Anxious,Never,False,True,False,Moderate,1,3-6h,fortnite,18141.0
GD0794,16,Female,Student,5,6.0,Battle Royale,fortnite,Console,134.04,Good,1.35,,5.5,3,6.0,6.0,Fair,Always,False,True,True,0.5,Anxious,Never,False,True,False,Moderate,1,3-6h,fortnite,417808.0
GD0794,16,Female,Student,5,6.0,Battle Royale,fortnite,Console,134.04,Good,1.35,,5.5,3,6.0,6.0,Fair,Always,False,True,True,0.5,Anxious,Never,False,True,False,Moderate,1,3-6h,fortnite,18167.0
GD0794,16,Female,Student,5,6.0,Battle Royale,fortnite,Console,134.04,Good,1.35,,5.5,3,6.0,6.0,Fair,Always,False,True,True,0.5,Anxious,Never,False,True,False,Moderate,1,3-6h,fortnite,18204.0
GD0795,17,Female,Student,7,4.7,Strategy,sid meier's civilization vi,PC,22.32,Good,3.27,,10.2,3,7.9,5.0,Good,Never,True,False,True,3.1,Irritable,Often,False,False,False,Low,0,3-6h,sid meier's civilization vi,335483.0
GD0795,17,Female,Student,7,4.7,Strategy,sid meier's civilization vi,PC,22.32,Good,3.27,,10.2,3,7.9,5.0,Good,Never,True,False,True,3.1,Irritable,Often,False,False,False,Low,0,3-6h,sid meier's civilization vi,335482.0
GD0795,17,Female,Student,7,4.7,Strategy,sid meier's civilization vi,PC,22.32,Good,3.27,,10.2,3,7.9,5.0,Good,Never,True,False,True,3.1,Irritable,Often,False,False,False,Low,0,3-6h,sid meier's civilization vi,336792.0
GD0796,20,Female,Student,6,3.9,Strategy,starcraft ii,PC,28.45,Below Average,1.16,1.0,8.6,3,8.9,6.0,Good,Often,False,False,False,1.3,Normal,Rarely,False,False,False,Low,0,3-6h,,N/A
GD0797,18,Male,Student,2,7.1,Battle Royale,apex legends,Multi-platform,94.86,Below Average,1.49,,6.8,4,6.3,4.4,Very Poor,Always,True,True,True,0.4,Anxious,Rarely,True,True,False,High,2,6-9h,apex legends,176538.0
GD0797,18,Male,Student,2,7.1,Battle Royale,apex legends,Multi-platform,94.86,Below Average,1.49,,6.8,4,6.3,4.4,Very Poor,Always,True,True,True,0.4,Anxious,Rarely,True,True,False,High,2,6-9h,apex legends,495480.0
GD0797,18,Male,Student,2,7.1,Battle Royale,apex legends,Multi-platform,94.86,Below Average,1.49,,6.8,4,6.3,4.4,Very Poor,Always,True,True,True,0.4,Anxious,Rarely,True,True,False,High,2,6-9h,apex legends,176537.0
GD0798,20,Male,Student,8,2.9,MMO,elder scrolls online,Mobile,41.86,Excellent,2.13,7.0,8.9,1,8.7,7.7,Good,Sometimes,False,False,False,0.6,Euphoric,Never,False,False,False,Low,0,0-3h,,N/A
GD0799,22,Female,Student,11,6.7,RPG,cyberpunk 2077,Multi-platform,59.16,Below Average,3.55,4.0,8.1,4,4.6,4.0,Poor,Sometimes,True,True,True,3.0,Anxious,Daily,True,False,False,Moderate,1,6-9h,cyberpunk 2077,1091500.0
GD0799,22,Female,Student,11,6.7,RPG,cyberpunk 2077,Multi-platform,59.16,Below Average,3.55,4.0,8.1,4,4.6,4.0,Poor,Sometimes,True,True,True,3.0,Anxious,Daily,True,False,False,Moderate,1,6-9h,cyberpunk 2077,487113.0
GD0799,22,Female,Student,11,6.7,RPG,cyberpunk 2077,Multi-platform,59.16,Below Average,3.55,4.0,8.1,4,4.6,4.0,Poor,Sometimes,True,True,True,3.0,Anxious,Daily,True,False,False,Moderate,1,6-9h,cyberpunk 2077,421702.0
GD0799,22,Female,Student,11,6.7,RPG,cyberpunk 2077,Multi-platform,59.16,Below Average,3.55,4.0,8.1,4,4.6,4.0,Poor,Sometimes,True,True,True,3.0,Anxious,Daily,True,False,False,Moderate,1,6-9h,cyberpunk 2077,421362.0
GD0800,27,Male,Professional,15,7.6,MMO,world of warcraft,Mobile,114.21,Good,,5.0,2.8,4,4.6,3.3,Poor,Often,True,True,True,2.2,Withdrawn,Often,True,False,False,Moderate,1,6-9h,,N/A
GD0801,17,Male,Student,4,6.6,MMO,world of warcraft,Mobile,59.22,Below Average,3.68,,6.4,5,5.3,5.8,Very Poor,Never,True,True,True,0.3,Anxious,Often,True,False,False,Moderate,1,6-9h,,N/A
GD0802,19,Male,Student,6,5.3,RPG,cyberpunk 2077,PC,112.89,Average,2.26,2.0,9.2,3,5.6,5.5,Poor,Never,False,False,False,0.2,Angry,Rarely,False,False,False,Low,0,3-6h,cyberpunk 2077,1091500.0
GD0802,19,Male,Student,6,5.3,RPG,cyberpunk 2077,PC,112.89,Average,2.26,2.0,9.2,3,5.6,5.5,Poor,Never,False,False,False,0.2,Angry,Rarely,False,False,False,Low,0,3-6h,cyberpunk 2077,487113.0
GD0802,19,Male,Student,6,5.3,RPG,cyberpunk 2077,PC,112.89,Average,2.26,2.0,9.2,3,5.6,5.5,Poor,Never,False,False,False,0.2,Angry,Rarely,False,False,False,Low,0,3-6h,cyberpunk 2077,421702.0
GD0802,19,Male,Student,6,5.3,RPG,cyberpunk 2077,PC,112.89,Average,2.26,2.0,9.2,3,5.6,5.5,Poor,Never,False,False,False,0.2,Angry,Rarely,False,False,False,Low,0,3-6h,cyberpunk 2077,421362.0
GD0803,17,Other,Student,5,5.6,RPG,skyrim,Multi-platform,148.83,Excellent,1.82,,9.9,3,7.3,6.3,Very Poor,Often,True,False,True,2.5,Depressed,Often,False,True,False,Moderate,1,3-6h,skyrim,2435.0
GD0804,15,Male,Student,4,3.4,MOBA,mobile legends,Console,28.03,Below Average,3.17,,11.9,3,7.2,8.4,Good,Sometimes,False,False,False,1.0,Normal,Rarely,False,False,False,Low,0,0-3h,,N/A
GD0805,15,Male,Student,1,8.2,Strategy,starcraft ii,Mobile,88.12,Below Average,2.36,,4.6,5,5.8,5.3,Poor,Always,True,False,True,1.6,Anxious,Often,False,False,False,Low,0,6-9h,,N/A
GD0806,22,Male,Student,11,10.5,FPS,overwatch,Console,443.88,Poor,1.41,6.0,0.1,6,4.9,4.8,Very Poor,Always,True,False,True,3.1,Irritable,Often,True,True,True,Severe,3,9-12h,,N/A
GD0807,22,Male,Student,6,7.4,RPG,cyberpunk 2077,PC,20.41,Below Average,2.8,5.0,4.6,4,8.2,3.2,Very Poor,Always,True,False,True,2.6,Angry,Often,False,True,False,Moderate,1,6-9h,cyberpunk 2077,1091500.0
GD0807,22,Male,Student,6,7.4,RPG,cyberpunk 2077,PC,20.41,Below Average,2.8,5.0,4.6,4,8.2,3.2,Very Poor,Always,True,False,True,2.6,Angry,Often,False,True,False,Moderate,1,6-9h,cyberpunk 2077,487113.0
GD0807,22,Male,Student,6,7.4,RPG,cyberpunk 2077,PC,20.41,Below Average,2.8,5.0,4.6,4,8.2,3.2,Very Poor,Always,True,False,True,2.6,Angry,Often,False,True,False,Moderate,1,6-9h,cyberpunk 2077,421702.0
GD0807,22,Male,Student,6,7.4,RPG,cyberpunk 2077,PC,20.41,Below Average,2.8,5.0,4.6,4,8.2,3.2,Very Poor,Always,True,False,True,2.6,Angry,Often,False,True,False,Moderate,1,6-9h,cyberpunk 2077,421362.0
GD0808,27,Male,Professional,6,4.7,Battle Royale,pubg,Mobile,121.89,Below Average,,6.0,11.6,1,5.9,5.9,Poor,Never,True,False,True,1.5,Depressed,Rarely,False,False,False,Low,0,3-6h,,N/A
GD0809,16,Male,Student,2,5.0,Mobile Games,pubg mobile,PC,90.52,Below Average,3.18,,9.7,2,8.8,6.1,Fair,Sometimes,True,False,True,1.5,Anxious,Rarely,False,False,False,Low,0,3-6h,,N/A
GD0810,22,Male,Student,6,4.9,Strategy,starcraft ii,Mobile,40.15,Below Average,3.98,9.0,8.9,5,8.9,5.3,Poor,Often,True,False,True,0.4,Angry,Often,False,False,False,Low,0,3-6h,,N/A
GD0811,14,Male,Student,3,8.7,RPG,cyberpunk 2077,PC,259.52,Below Average,2.07,,5.2,6,7.2,5.1,Poor,Always,True,True,True,1.5,Euphoric,Sometimes,False,True,True,Severe,2,6-9h,cyberpunk 2077,1091500.0
GD0811,14,Male,Student,3,8.7,RPG,cyberpunk 2077,PC,259.52,Below Average,2.07,,5.2,6,7.2,5.1,Poor,Always,True,True,True,1.5,Euphoric,Sometimes,False,True,True,Severe,2,6-9h,cyberpunk 2077,487113.0
GD0811,14,Male,Student,3,8.7,RPG,cyberpunk 2077,PC,259.52,Below Average,2.07,,5.2,6,7.2,5.1,Poor,Always,True,True,True,1.5,Euphoric,Sometimes,False,True,True,Severe,2,6-9h,cyberpunk 2077,421702.0
GD0811,14,Male,Student,3,8.7,RPG,cyberpunk 2077,PC,259.52,Below Average,2.07,,5.2,6,7.2,5.1,Poor,Always,True,True,True,1.5,Euphoric,Sometimes,False,True,True,Severe,2,6-9h,cyberpunk 2077,421362.0
GD0812,19,Male,Student,5,1.7,RPG,cyberpunk 2077,Multi-platform,16.37,Good,2.27,3.0,11.2,1,9.3,7.4,Poor,Sometimes,False,False,False,0.5,Normal,Rarely,False,False,False,Low,0,0-3h,cyberpunk 2077,1091500.0
GD0812,19,Male,Student,5,1.7,RPG,cyberpunk 2077,Multi-platform,16.37,Good,2.27,3.0,11.2,1,9.3,7.4,Poor,Sometimes,False,False,False,0.5,Normal,Rarely,False,False,False,Low,0,0-3h,cyberpunk 2077,487113.0
GD0812,19,Male,Student,5,1.7,RPG,cyberpunk 2077,Multi-platform,16.37,Good,2.27,3.0,11.2,1,9.3,7.4,Poor,Sometimes,False,False,False,0.5,Normal,Rarely,False,False,False,Low,0,0-3h,cyberpunk 2077,421702.0
GD0812,19,Male,Student,5,1.7,RPG,cyberpunk 2077,Multi-platform,16.37,Good,2.27,3.0,11.2,1,9.3,7.4,Poor,Sometimes,False,False,False,0.5,Normal,Rarely,False,False,False,Low,0,0-3h,cyberpunk 2077,421362.0
GD0813,18,Male,Student,7,6.8,Mobile Games,genshin impact,PC,26.83,Failing,3.29,,7.9,6,6.8,5.2,Insomnia,Always,False,True,True,0.2,Anxious,Often,True,False,False,Moderate,1,6-9h,genshin impact,410617.0
GD0813,18,Male,Student,7,6.8,Mobile Games,genshin impact,PC,26.83,Failing,3.29,,7.9,6,6.8,5.2,Insomnia,Always,False,True,True,0.2,Anxious,Often,True,False,False,Moderate,1,6-9h,genshin impact,437991.0
GD0813,18,Male,Student,7,6.8,Mobile Games,genshin impact,PC,26.83,Failing,3.29,,7.9,6,6.8,5.2,Insomnia,Always,False,True,True,0.2,Anxious,Often,True,False,False,Moderate,1,6-9h,genshin impact,410618.0
GD0813,18,Male,Student,7,6.8,Mobile Games,genshin impact,PC,26.83,Failing,3.29,,7.9,6,6.8,5.2,Insomnia,Always,False,True,True,0.2,Anxious,Often,True,False,False,Moderate,1,6-9h,genshin impact,748280.0
GD0814,24,Male,Professional,5,8.9,MMO,final fantasy xiv online,PC,391.6,Good,,4.0,2.8,7,4.3,4.7,Very Poor,Never,True,True,True,5.0,Restless,Often,True,True,False,Severe,2,6-9h,final fantasy xiv online,39210.0
GD0815,25,Male,Professional,13,4.2,RPG,elden ring,Console,48.39,Excellent,,5.0,12.8,2,8.5,5.3,Good,Often,False,False,False,1.1,Restless,Often,False,False,False,Low,0,3-6h,elden ring,1245620.0
GD0815,25,Male,Professional,13,4.2,RPG,elden ring,Console,48.39,Excellent,,5.0,12.8,2,8.5,5.3,Good,Often,False,False,False,1.1,Restless,Often,False,False,False,Low,0,3-6h,elden ring,489212.0
GD0816,18,Male,Student,7,6.9,Strategy,sid meier's civilization vi,Console,146.82,Below Average,3.77,,9.4,3,7.5,5.7,Poor,Often,False,False,False,3.6,Restless,Sometimes,True,True,False,High,2,6-9h,sid meier's civilization vi,335483.0
GD0816,18,Male,Student,7,6.9,Strategy,sid meier's civilization vi,Console,146.82,Below Average,3.77,,9.4,3,7.5,5.7,Poor,Often,False,False,False,3.6,Restless,Sometimes,True,True,False,High,2,6-9h,sid meier's civilization vi,335482.0
GD0816,18,Male,Student,7,6.9,Strategy,sid meier's civilization vi,Console,146.82,Below Average,3.77,,9.4,3,7.5,5.7,Poor,Often,False,False,False,3.6,Restless,Sometimes,True,True,False,High,2,6-9h,sid meier's civilization vi,336792.0
GD0817,27,Male,Professional,10,6.0,MOBA,dota 2,Multi-platform,107.64,Excellent,,10.0,9.4,3,5.6,6.3,Very Poor,Rarely,True,True,True,1.1,Euphoric,Daily,False,True,False,Moderate,1,3-6h,dota 2,570.0
GD0818,19,Male,Student,1,11.0,Mobile Games,clash of clans,Console,341.34,Failing,1.88,9.0,0.0,6,4.7,5.3,Insomnia,Sometimes,True,False,True,1.4,Euphoric,Often,False,False,False,Moderate,0,9-12h,,N/A
GD0819,18,Male,Student,8,11.9,MOBA,dota 2,Multi-platform,97.11,Average,1.03,,1.7,7,3.6,5.7,Good,Always,True,False,True,0.7,Restless,Daily,True,True,False,Severe,2,9-12h,dota 2,570.0
GD0820,18,Male,Student,5,6.3,RPG,skyrim,Multi-platform,147.18,Average,3.41,,5.8,3,6.2,6.0,Fair,Often,True,False,True,0.2,Irritable,Rarely,False,True,False,Moderate,1,3-6h,skyrim,2435.0
GD0821,21,Male,Student,5,2.2,Mobile Games,candy crush,Console,0.44,Excellent,3.16,1.0,14.8,1,9.8,7.7,Fair,Often,False,False,False,0.0,Euphoric,Often,False,False,False,Low,0,0-3h,,N/A
GD0822,23,Female,Professional,5,6.2,MOBA,dota 2,Mobile,130.71,Good,,10.0,5.9,3,8.6,5.3,Good,Sometimes,False,False,False,2.7,Anxious,Daily,False,True,False,Moderate,1,3-6h,dota 2,570.0
GD0823,22,Female,Student,1,9.3,FPS,call of duty,Multi-platform,377.17,Poor,3.56,10.0,4.0,6,3.7,5.4,Very Poor,Often,True,True,True,1.5,Restless,Often,True,True,True,Severe,3,9-12h,,N/A
GD0824,20,Male,Student,1,5.6,MOBA,mobile legends,Multi-platform,141.67,Poor,3.33,9.0,9.0,4,8.0,5.9,Fair,Never,True,True,True,1.9,Anxious,Rarely,False,True,False,Moderate,1,3-6h,,N/A
GD0825,20,Male,Student,6,6.2,Battle Royale,fortnite,PC,142.95,Good,2.19,3.0,10.0,3,8.5,5.6,Good,Always,True,True,True,0.2,Euphoric,Daily,False,True,False,Moderate,1,3-6h,fortnite,18141.0
GD0825,20,Male,Student,6,6.2,Battle Royale,fortnite,PC,142.95,Good,2.19,3.0,10.0,3,8.5,5.6,Good,Always,True,True,True,0.2,Euphoric,Daily,False,True,False,Moderate,1,3-6h,fortnite,417808.0
GD0825,20,Male,Student,6,6.2,Battle Royale,fortnite,PC,142.95,Good,2.19,3.0,10.0,3,8.5,5.6,Good,Always,True,True,True,0.2,Euphoric,Daily,False,True,False,Moderate,1,3-6h,fortnite,18167.0
GD0825,20,Male,Student,6,6.2,Battle Royale,fortnite,PC,142.95,Good,2.19,3.0,10.0,3,8.5,5.6,Good,Always,True,True,True,0.2,Euphoric,Daily,False,True,False,Moderate,1,3-6h,fortnite,18204.0
GD0826,19,Female,Student,6,7.1,MOBA,mobile legends,Mobile,83.29,Average,1.38,6.0,9.6,3,5.2,5.1,Very Poor,Never,True,True,True,1.0,Anxious,Daily,True,False,False,Moderate,1,6-9h,,N/A
GD0827,30,Male,Professional,5,7.0,Battle Royale,pubg,Console,44.15,Below Average,,1.0,6.8,4,8.5,3.7,Fair,Often,False,True,True,4.7,Anxious,Daily,True,True,False,High,2,6-9h,,N/A
GD0828,16,Male,Student,4,3.7,Strategy,age of empires,Multi-platform,6.16,Good,2.89,,12.8,3,9.2,6.6,Good,Always,False,False,False,0.4,Euphoric,Rarely,False,False,False,Low,0,3-6h,,N/A
GD0829,23,Male,Professional,6,3.3,Battle Royale,pubg,Console,44.8,Excellent,,3.0,8.8,1,6.8,7.4,Fair,Often,False,False,False,0.6,Normal,Often,False,False,False,Low,0,0-3h,,N/A
GD0830,21,Male,Student,2,7.6,Mobile Games,pubg mobile,Console,80.72,Good,3.53,6.0,7.1,3,6.4,5.7,Poor,Rarely,True,False,True,0.8,Anxious,Often,False,True,False,Moderate,1,6-9h,,N/A
GD0831,22,Female,Student,5,6.4,Battle Royale,warzone,Multi-platform,18.13,Average,2.18,2.0,10.3,4,7.3,5.4,Very Poor,Sometimes,True,False,True,1.6,Excited,Sometimes,False,True,False,Moderate,1,6-9h,warzone,712230.0
GD0831,22,Female,Student,5,6.4,Battle Royale,warzone,Multi-platform,18.13,Average,2.18,2.0,10.3,4,7.3,5.4,Very Poor,Sometimes,True,False,True,1.6,Excited,Sometimes,False,True,False,Moderate,1,6-9h,warzone,2298160.0
GD0832,24,Male,Professional,2,5.0,Battle Royale,warzone,Console,120.77,Below Average,,7.0,11.4,4,8.4,5.1,Poor,Never,True,False,True,0.0,Restless,Often,False,False,False,Low,0,3-6h,warzone,712230.0
GD0832,24,Male,Professional,2,5.0,Battle Royale,warzone,Console,120.77,Below Average,,7.0,11.4,4,8.4,5.1,Poor,Never,True,False,True,0.0,Restless,Often,False,False,False,Low,0,3-6h,warzone,2298160.0
GD0833,19,Female,Student,5,4.2,Strategy,age of empires,PC,28.98,Average,3.38,8.0,8.3,1,7.5,5.3,Very Poor,Never,False,False,False,0.8,Euphoric,Sometimes,False,False,False,Low,0,3-6h,,N/A
GD0834,23,Female,Professional,9,10.2,Strategy,sid meier's civilization vi,Mobile,307.08,Below Average,,5.0,0.7,8,3.1,5.1,Very Poor,Never,True,True,True,1.0,Anxious,Sometimes,True,False,True,Severe,2,9-12h,sid meier's civilization vi,335483.0
GD0834,23,Female,Professional,9,10.2,Strategy,sid meier's civilization vi,Mobile,307.08,Below Average,,5.0,0.7,8,3.1,5.1,Very Poor,Never,True,True,True,1.0,Anxious,Sometimes,True,False,True,Severe,2,9-12h,sid meier's civilization vi,335482.0
GD0834,23,Female,Professional,9,10.2,Strategy,sid meier's civilization vi,Mobile,307.08,Below Average,,5.0,0.7,8,3.1,5.1,Very Poor,Never,True,True,True,1.0,Anxious,Sometimes,True,False,True,Severe,2,9-12h,sid meier's civilization vi,336792.0
GD0835,19,Male,Student,7,5.1,MOBA,mobile legends,Console,111.43,Below Average,2.29,3.0,9.3,3,7.1,6.5,Fair,Often,True,False,True,1.4,Normal,Never,False,False,False,Low,0,3-6h,,N/A
GD0836,20,Female,Student,7,8.1,Battle Royale,fortnite,Console,47.01,Poor,1.79,5.0,7.9,6,7.8,5.7,Very Poor,Never,False,True,True,0.8,Euphoric,Never,True,True,True,Severe,3,6-9h,fortnite,18141.0
GD0836,20,Female,Student,7,8.1,Battle Royale,fortnite,Console,47.01,Poor,1.79,5.0,7.9,6,7.8,5.7,Very Poor,Never,False,True,True,0.8,Euphoric,Never,True,True,True,Severe,3,6-9h,fortnite,417808.0
GD0836,20,Female,Student,7,8.1,Battle Royale,fortnite,Console,47.01,Poor,1.79,5.0,7.9,6,7.8,5.7,Very Poor,Never,False,True,True,0.8,Euphoric,Never,True,True,True,Severe,3,6-9h,fortnite,18167.0
GD0836,20,Female,Student,7,8.1,Battle Royale,fortnite,Console,47.01,Poor,1.79,5.0,7.9,6,7.8,5.7,Very Poor,Never,False,True,True,0.8,Euphoric,Never,True,True,True,Severe,3,6-9h,fortnite,18204.0
GD0837,19,Male,Student,7,6.9,Mobile Games,clash of clans,PC,127.17,Poor,2.07,2.0,7.6,3,5.2,3.5,Very Poor,Sometimes,True,False,True,4.3,Restless,Sometimes,True,True,False,High,2,6-9h,,N/A
GD0838,24,Male,Professional,3,4.5,Mobile Games,genshin impact,Multi-platform,145.25,Average,,5.0,6.3,2,8.5,6.6,Fair,Sometimes,True,False,True,2.2,Normal,Often,False,False,False,Low,0,3-6h,genshin impact,410617.0
GD0838,24,Male,Professional,3,4.5,Mobile Games,genshin impact,Multi-platform,145.25,Average,,5.0,6.3,2,8.5,6.6,Fair,Sometimes,True,False,True,2.2,Normal,Often,False,False,False,Low,0,3-6h,genshin impact,437991.0
GD0838,24,Male,Professional,3,4.5,Mobile Games,genshin impact,Multi-platform,145.25,Average,,5.0,6.3,2,8.5,6.6,Fair,Sometimes,True,False,True,2.2,Normal,Often,False,False,False,Low,0,3-6h,genshin impact,410618.0
GD0838,24,Male,Professional,3,4.5,Mobile Games,genshin impact,Multi-platform,145.25,Average,,5.0,6.3,2,8.5,6.6,Fair,Sometimes,True,False,True,2.2,Normal,Often,False,False,False,Low,0,3-6h,genshin impact,748280.0
GD0839,18,Female,Student,4,6.1,RPG,elden ring,Multi-platform,31.46,Excellent,3.87,,6.9,4,7.4,6.6,Fair,Rarely,True,False,True,2.2,Normal,Often,False,True,False,Moderate,1,3-6h,elden ring,1245620.0
GD0839,18,Female,Student,4,6.1,RPG,elden ring,Multi-platform,31.46,Excellent,3.87,,6.9,4,7.4,6.6,Fair,Rarely,True,False,True,2.2,Normal,Often,False,True,False,Moderate,1,3-6h,elden ring,489212.0
GD0840,27,Other,Professional,7,8.8,FPS,call of duty,Console,66.85,Average,,10.0,5.2,6,6.0,3.4,Very Poor,Rarely,False,True,True,0.5,Irritable,Daily,True,True,True,Severe,3,6-9h,,N/A
GD0841,19,Female,Student,2,5.3,MMO,world of warcraft,Multi-platform,36.25,Below Average,1.54,9.0,6.6,5,5.7,5.7,Fair,Often,True,False,True,1.9,Restless,Never,False,False,False,Low,0,3-6h,,N/A
GD0842,16,Male,Student,5,9.0,FPS,call of duty,Multi-platform,315.72,Poor,2.8,,3.8,6,7.0,5.8,Poor,Rarely,False,True,True,0.3,Irritable,Rarely,True,True,True,Severe,3,6-9h,,N/A
GD0843,23,Male,Professional,10,8.3,Strategy,starcraft ii,PC,14.06,Failing,,4.0,3.1,5,7.6,3.8,Very Poor,Always,True,False,True,7.6,Restless,Sometimes,False,False,False,Low,0,6-9h,,N/A
GD0844,20,Male,Student,2,0.7,FPS,counter-strike: global offensive,Mobile,16.79,Good,2.36,5.0,14.2,1,8.3,7.0,Good,Always,False,False,False,0.4,Euphoric,Rarely,False,False,False,Low,0,0-3h,counter-strike: global offensive,3468.0
GD0845,19,Male,Student,8,10.9,Strategy,starcraft ii,Console,486.86,Good,2.39,5.0,0.0,7,4.6,5.7,Very Poor,Always,True,True,True,3.7,Anxious,Never,True,False,True,Severe,2,9-12h,,N/A
GD0846,21,Female,Student,9,10.1,Strategy,sid meier's civilization vi,PC,216.97,Below Average,3.04,2.0,0.8,8,5.2,4.1,Poor,Always,True,True,True,2.4,Anxious,Rarely,False,False,True,High,1,9-12h,sid meier's civilization vi,335483.0
GD0846,21,Female,Student,9,10.1,Strategy,sid meier's civilization vi,PC,216.97,Below Average,3.04,2.0,0.8,8,5.2,4.1,Poor,Always,True,True,True,2.4,Anxious,Rarely,False,False,True,High,1,9-12h,sid meier's civilization vi,335482.0
GD0846,21,Female,Student,9,10.1,Strategy,sid meier's civilization vi,PC,216.97,Below Average,3.04,2.0,0.8,8,5.2,4.1,Poor,Always,True,True,True,2.4,Anxious,Rarely,False,False,True,High,1,9-12h,sid meier's civilization vi,336792.0
GD0847,20,Female,Student,4,5.7,MMO,elder scrolls online,Mobile,45.63,Below Average,3.04,9.0,6.2,4,5.0,6.1,Fair,Rarely,True,True,True,0.7,Depressed,Sometimes,False,False,False,Low,0,3-6h,,N/A
GD0848,21,Male,Student,11,7.0,MMO,world of warcraft,Console,100.91,Failing,3.46,6.0,6.1,5,5.6,5.9,Insomnia,Rarely,True,True,True,1.4,Restless,Often,True,True,False,High,2,6-9h,,N/A
GD0849,23,Male,Professional,9,7.3,MOBA,league of legends,Multi-platform,29.85,Poor,,4.0,5.2,3,8.5,5.6,Very Poor,Often,False,True,True,0.4,Restless,Sometimes,False,False,False,Low,0,6-9h,,N/A
GD0850,21,Female,Student,11,6.1,Strategy,sid meier's civilization vi,PC,102.56,Poor,3.62,8.0,9.4,4,5.1,6.4,Very Poor,Never,False,True,True,1.9,Irritable,Often,False,True,False,Moderate,1,3-6h,sid meier's civilization vi,335483.0
GD0850,21,Female,Student,11,6.1,Strategy,sid meier's civilization vi,PC,102.56,Poor,3.62,8.0,9.4,4,5.1,6.4,Very Poor,Never,False,True,True,1.9,Irritable,Often,False,True,False,Moderate,1,3-6h,sid meier's civilization vi,335482.0
GD0850,21,Female,Student,11,6.1,Strategy,sid meier's civilization vi,PC,102.56,Poor,3.62,8.0,9.4,4,5.1,6.4,Very Poor,Never,False,True,True,1.9,Irritable,Often,False,True,False,Moderate,1,3-6h,sid meier's civilization vi,336792.0
GD0851,23,Male,Professional,5,7.1,MOBA,league of legends,Multi-platform,89.72,Average,,5.0,4.5,4,6.4,3.7,Good,Never,True,False,True,0.6,Euphoric,Never,True,True,False,High,2,6-9h,,N/A
GD0852,15,Female,Student,1,4.1,RPG,skyrim,Multi-platform,47.0,Excellent,2.62,,9.5,3,9.6,6.2,Fair,Rarely,False,False,False,1.0,Anxious,Never,False,False,False,Low,0,3-6h,skyrim,2435.0
GD0853,23,Female,Professional,12,4.5,MMO,final fantasy xiv online,Console,40.72,Average,,9.0,7.4,3,7.1,5.7,Very Poor,Often,True,False,True,0.4,Restless,Sometimes,False,False,False,Low,0,3-6h,final fantasy xiv online,39210.0
GD0854,21,Other,Student,3,5.2,RPG,cyberpunk 2077,Multi-platform,27.48,Average,3.62,6.0,8.5,3,6.8,5.9,Poor,Rarely,True,False,True,1.3,Anxious,Daily,False,False,False,Low,0,3-6h,cyberpunk 2077,1091500.0
GD0854,21,Other,Student,3,5.2,RPG,cyberpunk 2077,Multi-platform,27.48,Average,3.62,6.0,8.5,3,6.8,5.9,Poor,Rarely,True,False,True,1.3,Anxious,Daily,False,False,False,Low,0,3-6h,cyberpunk 2077,487113.0
GD0854,21,Other,Student,3,5.2,RPG,cyberpunk 2077,Multi-platform,27.48,Average,3.62,6.0,8.5,3,6.8,5.9,Poor,Rarely,True,False,True,1.3,Anxious,Daily,False,False,False,Low,0,3-6h,cyberpunk 2077,421702.0
GD0854,21,Other,Student,3,5.2,RPG,cyberpunk 2077,Multi-platform,27.48,Average,3.62,6.0,8.5,3,6.8,5.9,Poor,Rarely,True,False,True,1.3,Anxious,Daily,False,False,False,Low,0,3-6h,cyberpunk 2077,421362.0
GD0855,18,Male,Student,2,2.3,Strategy,starcraft ii,Multi-platform,40.47,Excellent,3.38,,13.8,1,10.8,7.9,Good,Rarely,False,False,False,0.6,Euphoric,Daily,False,False,False,Low,0,0-3h,,N/A
GD0856,26,Other,Professional,9,9.1,MOBA,dota 2,Mobile,413.14,Below Average,,9.0,3.2,6,6.7,5.7,Poor,Never,True,False,True,0.9,Depressed,Never,False,False,False,Moderate,0,6-9h,dota 2,570.0
GD0857,18,Male,Student,3,8.2,MMO,world of warcraft,Console,75.11,Below Average,3.83,,2.6,8,6.1,5.2,Very Poor,Never,True,False,True,0.7,Irritable,Rarely,False,True,True,High,2,6-9h,,N/A
GD0858,20,Male,Student,1,4.5,MMO,final fantasy xiv online,Console,25.62,Good,2.23,6.0,10.6,4,6.2,6.6,Fair,Often,True,False,True,0.1,Restless,Often,False,False,False,Low,0,3-6h,final fantasy xiv online,39210.0
GD0859,30,Male,Professional,16,6.3,Battle Royale,fortnite,Console,90.63,Excellent,,1.0,8.8,3,5.1,6.5,Good,Rarely,True,False,True,0.3,Angry,Sometimes,False,True,False,Moderate,1,3-6h,fortnite,18141.0
GD0859,30,Male,Professional,16,6.3,Battle Royale,fortnite,Console,90.63,Excellent,,1.0,8.8,3,5.1,6.5,Good,Rarely,True,False,True,0.3,Angry,Sometimes,False,True,False,Moderate,1,3-6h,fortnite,417808.0
GD0859,30,Male,Professional,16,6.3,Battle Royale,fortnite,Console,90.63,Excellent,,1.0,8.8,3,5.1,6.5,Good,Rarely,True,False,True,0.3,Angry,Sometimes,False,True,False,Moderate,1,3-6h,fortnite,18167.0
GD0859,30,Male,Professional,16,6.3,Battle Royale,fortnite,Console,90.63,Excellent,,1.0,8.8,3,5.1,6.5,Good,Rarely,True,False,True,0.3,Angry,Sometimes,False,True,False,Moderate,1,3-6h,fortnite,18204.0
GD0860,24,Female,Professional,10,6.1,MMO,elder scrolls online,PC,49.79,Below Average,,1.0,10.4,4,5.4,5.9,Fair,Sometimes,True,False,True,2.7,Depressed,Often,False,False,False,Low,0,3-6h,,N/A
GD0861,20,Male,Student,8,8.1,Mobile Games,clash of clans,Console,84.8,Failing,3.11,3.0,8.0,6,6.2,3.3,Fair,Always,False,False,False,0.3,Euphoric,Sometimes,True,True,True,Severe,3,6-9h,,N/A
GD0862,23,Female,Professional,13,5.6,Mobile Games,pubg mobile,Console,98.62,Below Average,,5.0,9.9,4,5.2,5.2,Fair,Never,False,True,True,1.7,Normal,Never,False,True,False,Moderate,1,3-6h,,N/A
GD0863,19,Male,Student,3,0.6,MOBA,mobile legends,Console,20.33,Average,3.18,1.0,13.2,2,8.9,7.8,Fair,Always,False,False,False,0.0,Restless,Sometimes,False,False,False,Low,0,0-3h,,N/A
GD0864,19,Male,Student,4,6.6,MOBA,league of legends,PC,60.38,Below Average,2.36,3.0,6.9,5,6.7,6.0,Very Poor,Sometimes,True,False,True,1.8,Normal,Rarely,True,False,False,Moderate,1,6-9h,,N/A
GD0865,18,Male,Student,8,8.0,Mobile Games,pubg mobile,Mobile,14.54,Below Average,3.0,,3.5,5,5.3,4.5,Fair,Often,True,True,True,3.1,Irritable,Sometimes,True,True,False,High,2,6-9h,,N/A
GD0866,19,Male,Student,1,14.7,Mobile Games,genshin impact,Multi-platform,178.29,Below Average,2.28,5.0,0.0,10,1.3,3.5,Poor,Never,True,True,True,2.1,Withdrawn,Often,False,True,False,High,1,12h+,genshin impact,410617.0
GD0866,19,Male,Student,1,14.7,Mobile Games,genshin impact,Multi-platform,178.29,Below Average,2.28,5.0,0.0,10,1.3,3.5,Poor,Never,True,True,True,2.1,Withdrawn,Often,False,True,False,High,1,12h+,genshin impact,437991.0
GD0866,19,Male,Student,1,14.7,Mobile Games,genshin impact,Multi-platform,178.29,Below Average,2.28,5.0,0.0,10,1.3,3.5,Poor,Never,True,True,True,2.1,Withdrawn,Often,False,True,False,High,1,12h+,genshin impact,410618.0
GD0866,19,Male,Student,1,14.7,Mobile Games,genshin impact,Multi-platform,178.29,Below Average,2.28,5.0,0.0,10,1.3,3.5,Poor,Never,True,True,True,2.1,Withdrawn,Often,False,True,False,High,1,12h+,genshin impact,748280.0
GD0867,23,Female,Professional,8,8.2,Battle Royale,apex legends,Console,140.71,Below Average,,5.0,8.4,5,5.7,5.0,Fair,Often,True,False,True,2.7,Restless,Rarely,True,True,True,Severe,3,6-9h,apex legends,176538.0
GD0867,23,Female,Professional,8,8.2,Battle Royale,apex legends,Console,140.71,Below Average,,5.0,8.4,5,5.7,5.0,Fair,Often,True,False,True,2.7,Restless,Rarely,True,True,True,Severe,3,6-9h,apex legends,495480.0
GD0867,23,Female,Professional,8,8.2,Battle Royale,apex legends,Console,140.71,Below Average,,5.0,8.4,5,5.7,5.0,Fair,Often,True,False,True,2.7,Restless,Rarely,True,True,True,Severe,3,6-9h,apex legends,176537.0
GD0868,19,Female,Student,5,4.3,Mobile Games,candy crush,Console,24.27,Below Average,3.87,3.0,8.3,2,8.5,6.3,Fair,Rarely,False,False,False,0.2,Irritable,Daily,False,False,False,Low,0,3-6h,,N/A
GD0869,14,Male,Student,4,3.8,FPS,counter-strike: global offensive,Console,26.0,Below Average,1.12,,8.9,2,9.3,6.3,Poor,Sometimes,False,False,False,0.6,Angry,Never,False,False,False,Low,0,3-6h,counter-strike: global offensive,3468.0
GD0870,17,Male,Student,6,5.8,Mobile Games,genshin impact,Multi-platform,10.29,Average,1.49,,5.8,4,6.8,6.4,Good,Always,True,True,True,3.1,Euphoric,Often,False,False,False,Low,0,3-6h,genshin impact,410617.0
GD0870,17,Male,Student,6,5.8,Mobile Games,genshin impact,Multi-platform,10.29,Average,1.49,,5.8,4,6.8,6.4,Good,Always,True,True,True,3.1,Euphoric,Often,False,False,False,Low,0,3-6h,genshin impact,437991.0
GD0870,17,Male,Student,6,5.8,Mobile Games,genshin impact,Multi-platform,10.29,Average,1.49,,5.8,4,6.8,6.4,Good,Always,True,True,True,3.1,Euphoric,Often,False,False,False,Low,0,3-6h,genshin impact,410618.0
GD0870,17,Male,Student,6,5.8,Mobile Games,genshin impact,Multi-platform,10.29,Average,1.49,,5.8,4,6.8,6.4,Good,Always,True,True,True,3.1,Euphoric,Often,False,False,False,Low,0,3-6h,genshin impact,748280.0
GD0871,13,Male,Student,3,2.9,MOBA,mobile legends,Multi-platform,36.0,Good,2.27,,9.8,2,9.1,8.5,Fair,Sometimes,False,False,False,0.7,Euphoric,Daily,False,False,False,Low,0,0-3h,,N/A
GD0872,14,Male,Student,4,4.9,Battle Royale,warzone,Mobile,128.35,Excellent,1.78,,7.9,3,7.1,6.1,Poor,Often,True,False,True,0.4,Normal,Sometimes,False,False,False,Low,0,3-6h,warzone,712230.0
GD0872,14,Male,Student,4,4.9,Battle Royale,warzone,Mobile,128.35,Excellent,1.78,,7.9,3,7.1,6.1,Poor,Often,True,False,True,0.4,Normal,Sometimes,False,False,False,Low,0,3-6h,warzone,2298160.0
GD0873,17,Male,Student,3,6.7,Battle Royale,pubg,PC,10.6,Below Average,2.99,,6.2,4,7.5,3.4,Good,Rarely,True,False,True,2.7,Withdrawn,Never,True,False,False,Moderate,1,6-9h,,N/A
GD0874,25,Female,Professional,13,9.5,Battle Royale,fortnite,PC,204.58,Below Average,,1.0,1.9,7,5.5,4.7,Poor,Sometimes,False,False,False,1.1,Angry,Daily,True,False,True,Severe,2,9-12h,fortnite,18141.0
GD0874,25,Female,Professional,13,9.5,Battle Royale,fortnite,PC,204.58,Below Average,,1.0,1.9,7,5.5,4.7,Poor,Sometimes,False,False,False,1.1,Angry,Daily,True,False,True,Severe,2,9-12h,fortnite,417808.0
GD0874,25,Female,Professional,13,9.5,Battle Royale,fortnite,PC,204.58,Below Average,,1.0,1.9,7,5.5,4.7,Poor,Sometimes,False,False,False,1.1,Angry,Daily,True,False,True,Severe,2,9-12h,fortnite,18167.0
GD0874,25,Female,Professional,13,9.5,Battle Royale,fortnite,PC,204.58,Below Average,,1.0,1.9,7,5.5,4.7,Poor,Sometimes,False,False,False,1.1,Angry,Daily,True,False,True,Severe,2,9-12h,fortnite,18204.0
GD0875,15,Male,Student,2,5.7,MMO,world of warcraft,PC,30.98,Below Average,2.59,,7.1,4,6.5,6.0,Poor,Often,False,True,True,1.6,Withdrawn,Never,False,False,False,Low,0,3-6h,,N/A
GD0876,20,Male,Student,2,7.1,FPS,overwatch,Mobile,78.44,Failing,2.85,7.0,6.6,4,6.6,4.2,Fair,Always,False,True,True,1.1,Depressed,Daily,True,True,False,High,2,6-9h,,N/A
GD0877,27,Female,Professional,12,7.5,Mobile Games,pubg mobile,Multi-platform,143.89,Average,,3.0,4.4,5,6.4,3.4,Poor,Often,True,True,True,0.2,Irritable,Sometimes,False,True,False,Moderate,1,6-9h,,N/A
GD0878,22,Female,Student,1,4.9,RPG,elden ring,Multi-platform,85.49,Average,1.42,3.0,11.6,2,9.0,6.9,Fair,Rarely,True,False,True,1.0,Normal,Sometimes,False,False,False,Low,0,3-6h,elden ring,1245620.0
GD0878,22,Female,Student,1,4.9,RPG,elden ring,Multi-platform,85.49,Average,1.42,3.0,11.6,2,9.0,6.9,Fair,Rarely,True,False,True,1.0,Normal,Sometimes,False,False,False,Low,0,3-6h,elden ring,489212.0
GD0879,20,Female,Student,6,5.0,Battle Royale,fortnite,PC,48.66,Average,1.85,1.0,9.3,3,8.2,5.9,Poor,Never,True,False,True,0.7,Anxious,Daily,False,False,False,Low,0,3-6h,fortnite,18141.0
GD0879,20,Female,Student,6,5.0,Battle Royale,fortnite,PC,48.66,Average,1.85,1.0,9.3,3,8.2,5.9,Poor,Never,True,False,True,0.7,Anxious,Daily,False,False,False,Low,0,3-6h,fortnite,417808.0
GD0879,20,Female,Student,6,5.0,Battle Royale,fortnite,PC,48.66,Average,1.85,1.0,9.3,3,8.2,5.9,Poor,Never,True,False,True,0.7,Anxious,Daily,False,False,False,Low,0,3-6h,fortnite,18167.0
GD0879,20,Female,Student,6,5.0,Battle Royale,fortnite,PC,48.66,Average,1.85,1.0,9.3,3,8.2,5.9,Poor,Never,True,False,True,0.7,Anxious,Daily,False,False,False,Low,0,3-6h,fortnite,18204.0
GD0880,18,Female,Student,5,2.0,Mobile Games,candy crush,PC,14.51,Good,3.34,,13.0,1,8.2,8.5,Fair,Sometimes,False,False,False,0.6,Euphoric,Often,False,False,False,Low,0,0-3h,,N/A
GD0881,17,Male,Student,7,5.8,MMO,world of warcraft,Mobile,40.86,Average,2.9,,8.0,5,7.5,5.8,Fair,Rarely,True,True,True,0.7,Restless,Daily,False,True,False,Moderate,1,3-6h,,N/A
GD0882,19,Male,Student,3,4.9,MMO,world of warcraft,PC,104.88,Average,1.5,1.0,8.8,5,7.2,6.6,Fair,Often,True,False,True,1.1,Euphoric,Sometimes,False,False,False,Low,0,3-6h,,N/A
GD0883,25,Female,Professional,1,1.9,Strategy,starcraft ii,Multi-platform,19.61,Good,,3.0,13.4,1,7.5,8.5,Good,Always,False,False,False,1.2,Depressed,Never,False,False,False,Low,0,0-3h,,N/A
GD0884,25,Female,Professional,1,4.9,MOBA,dota 2,Console,109.21,Good,,10.0,7.5,5,6.3,6.9,Poor,Always,False,False,False,2.1,Angry,Sometimes,False,False,False,Low,0,3-6h,dota 2,570.0
GD0885,21,Male,Student,8,2.6,MMO,elder scrolls online,Multi-platform,35.73,Good,2.22,4.0,13.6,1,7.8,7.2,Fair,Often,False,False,False,1.4,Normal,Rarely,False,False,False,Low,0,0-3h,,N/A
GD0886,17,Male,Student,6,1.0,Strategy,sid meier's civilization vi,PC,42.85,Poor,3.18,,15.7,1,11.3,8.2,Good,Sometimes,False,False,False,0.4,Excited,Rarely,False,False,False,Low,0,0-3h,sid meier's civilization vi,335483.0
GD0886,17,Male,Student,6,1.0,Strategy,sid meier's civilization vi,PC,42.85,Poor,3.18,,15.7,1,11.3,8.2,Good,Sometimes,False,False,False,0.4,Excited,Rarely,False,False,False,Low,0,0-3h,sid meier's civilization vi,335482.0
GD0886,17,Male,Student,6,1.0,Strategy,sid meier's civilization vi,PC,42.85,Poor,3.18,,15.7,1,11.3,8.2,Good,Sometimes,False,False,False,0.4,Excited,Rarely,False,False,False,Low,0,0-3h,sid meier's civilization vi,336792.0
GD0887,19,Female,Student,1,3.9,Mobile Games,genshin impact,PC,29.14,Below Average,3.15,7.0,9.4,1,6.3,5.9,Poor,Always,False,False,False,0.1,Depressed,Daily,False,False,False,Low,0,3-6h,genshin impact,410617.0
GD0887,19,Female,Student,1,3.9,Mobile Games,genshin impact,PC,29.14,Below Average,3.15,7.0,9.4,1,6.3,5.9,Poor,Always,False,False,False,0.1,Depressed,Daily,False,False,False,Low,0,3-6h,genshin impact,437991.0
GD0887,19,Female,Student,1,3.9,Mobile Games,genshin impact,PC,29.14,Below Average,3.15,7.0,9.4,1,6.3,5.9,Poor,Always,False,False,False,0.1,Depressed,Daily,False,False,False,Low,0,3-6h,genshin impact,410618.0
GD0887,19,Female,Student,1,3.9,Mobile Games,genshin impact,PC,29.14,Below Average,3.15,7.0,9.4,1,6.3,5.9,Poor,Always,False,False,False,0.1,Depressed,Daily,False,False,False,Low,0,3-6h,genshin impact,748280.0
GD0888,19,Male,Student,7,6.4,MMO,world of warcraft,Console,126.52,Average,1.88,10.0,8.0,4,6.0,5.6,Fair,Never,True,True,True,1.3,Depressed,Often,False,True,False,Moderate,1,6-9h,,N/A
GD0889,15,Female,Student,5,9.5,Strategy,sid meier's civilization vi,Console,133.69,Good,1.61,,2.9,6,4.7,4.4,Poor,Rarely,True,True,True,2.9,Irritable,Never,False,False,False,Moderate,0,9-12h,sid meier's civilization vi,335483.0
GD0889,15,Female,Student,5,9.5,Strategy,sid meier's civilization vi,Console,133.69,Good,1.61,,2.9,6,4.7,4.4,Poor,Rarely,True,True,True,2.9,Irritable,Never,False,False,False,Moderate,0,9-12h,sid meier's civilization vi,335482.0
GD0889,15,Female,Student,5,9.5,Strategy,sid meier's civilization vi,Console,133.69,Good,1.61,,2.9,6,4.7,4.4,Poor,Rarely,True,True,True,2.9,Irritable,Never,False,False,False,Moderate,0,9-12h,sid meier's civilization vi,336792.0
GD0890,20,Other,Student,9,7.4,Strategy,sid meier's civilization vi,Console,101.34,Below Average,2.55,1.0,5.2,4,6.8,5.6,Insomnia,Never,True,True,True,1.1,Angry,Sometimes,True,True,False,High,2,6-9h,sid meier's civilization vi,335483.0
GD0890,20,Other,Student,9,7.4,Strategy,sid meier's civilization vi,Console,101.34,Below Average,2.55,1.0,5.2,4,6.8,5.6,Insomnia,Never,True,True,True,1.1,Angry,Sometimes,True,True,False,High,2,6-9h,sid meier's civilization vi,335482.0
GD0890,20,Other,Student,9,7.4,Strategy,sid meier's civilization vi,Console,101.34,Below Average,2.55,1.0,5.2,4,6.8,5.6,Insomnia,Never,True,True,True,1.1,Angry,Sometimes,True,True,False,High,2,6-9h,sid meier's civilization vi,336792.0
GD0891,25,Female,Professional,4,6.1,Battle Royale,apex legends,PC,67.49,Excellent,,7.0,8.1,5,5.6,6.4,Fair,Rarely,True,False,True,3.3,Restless,Often,False,False,False,Low,0,3-6h,apex legends,176538.0
GD0891,25,Female,Professional,4,6.1,Battle Royale,apex legends,PC,67.49,Excellent,,7.0,8.1,5,5.6,6.4,Fair,Rarely,True,False,True,3.3,Restless,Often,False,False,False,Low,0,3-6h,apex legends,495480.0
GD0891,25,Female,Professional,4,6.1,Battle Royale,apex legends,PC,67.49,Excellent,,7.0,8.1,5,5.6,6.4,Fair,Rarely,True,False,True,3.3,Restless,Often,False,False,False,Low,0,3-6h,apex legends,176537.0
GD0892,28,Male,Professional,18,5.4,Strategy,age of empires,Mobile,49.34,Good,,2.0,11.2,6,8.3,6.4,Poor,Rarely,False,False,False,1.2,Irritable,Never,False,False,False,Low,0,3-6h,,N/A
GD0893,17,Male,Student,4,7.2,Strategy,sid meier's civilization vi,PC,59.25,Poor,1.4,,4.4,3,6.2,4.6,Very Poor,Rarely,False,False,False,3.1,Anxious,Often,True,False,False,Moderate,1,6-9h,sid meier's civilization vi,335483.0
GD0893,17,Male,Student,4,7.2,Strategy,sid meier's civilization vi,PC,59.25,Poor,1.4,,4.4,3,6.2,4.6,Very Poor,Rarely,False,False,False,3.1,Anxious,Often,True,False,False,Moderate,1,6-9h,sid meier's civilization vi,335482.0
GD0893,17,Male,Student,4,7.2,Strategy,sid meier's civilization vi,PC,59.25,Poor,1.4,,4.4,3,6.2,4.6,Very Poor,Rarely,False,False,False,3.1,Anxious,Often,True,False,False,Moderate,1,6-9h,sid meier's civilization vi,336792.0
GD0894,21,Male,Student,9,1.7,MMO,world of warcraft,Mobile,0.8,Below Average,1.44,9.0,13.7,1,8.8,8.3,Poor,Rarely,False,False,False,0.1,Normal,Rarely,False,False,False,Low,0,0-3h,,N/A
GD0895,20,Male,Student,7,9.5,FPS,call of duty,PC,72.16,Poor,2.79,2.0,2.5,6,7.5,5.4,Poor,Always,True,False,True,2.3,Anxious,Daily,False,True,True,Severe,2,9-12h,,N/A
GD0896,30,Male,Professional,19,14.7,FPS,call of duty,Console,380.97,Failing,,5.0,0.0,10,2.4,4.2,Poor,Sometimes,False,True,True,5.0,Angry,Daily,False,True,True,Severe,2,12h+,,N/A
GD0897,22,Other,Student,3,5.8,MOBA,mobile legends,Console,114.03,Good,1.13,9.0,9.7,4,7.7,6.5,Fair,Never,True,False,True,1.2,Withdrawn,Sometimes,False,True,False,Moderate,1,3-6h,,N/A
GD0898,24,Male,Professional,12,1.9,Strategy,sid meier's civilization vi,Mobile,5.62,Good,,6.0,13.5,2,10.9,7.2,Good,Often,False,False,False,0.1,Normal,Rarely,False,False,False,Low,0,0-3h,sid meier's civilization vi,335483.0
GD0898,24,Male,Professional,12,1.9,Strategy,sid meier's civilization vi,Mobile,5.62,Good,,6.0,13.5,2,10.9,7.2,Good,Often,False,False,False,0.1,Normal,Rarely,False,False,False,Low,0,0-3h,sid meier's civilization vi,335482.0
GD0898,24,Male,Professional,12,1.9,Strategy,sid meier's civilization vi,Mobile,5.62,Good,,6.0,13.5,2,10.9,7.2,Good,Often,False,False,False,0.1,Normal,Rarely,False,False,False,Low,0,0-3h,sid meier's civilization vi,336792.0
GD0899,22,Male,Student,5,4.3,Mobile Games,candy crush,Multi-platform,33.26,Excellent,2.47,9.0,12.5,1,7.9,5.2,Good,Sometimes,False,False,False,1.2,Normal,Daily,False,False,False,Low,0,3-6h,,N/A
GD0900,15,Male,Student,5,6.6,RPG,elden ring,Console,92.99,Failing,1.3,,7.6,4,5.9,4.1,Poor,Never,True,False,True,3.7,Anxious,Sometimes,False,True,False,Moderate,1,6-9h,elden ring,1245620.0
GD0900,15,Male,Student,5,6.6,RPG,elden ring,Console,92.99,Failing,1.3,,7.6,4,5.9,4.1,Poor,Never,True,False,True,3.7,Anxious,Sometimes,False,True,False,Moderate,1,6-9h,elden ring,489212.0
GD0901,21,Male,Student,5,6.3,MMO,final fantasy xiv online,PC,14.97,Good,2.01,6.0,5.3,3,7.0,5.1,Poor,Always,True,True,True,1.6,Irritable,Sometimes,False,True,False,Moderate,1,3-6h,final fantasy xiv online,39210.0
GD0902,17,Male,Student,5,2.8,Mobile Games,genshin impact,PC,49.53,Good,3.36,,10.5,2,10.2,7.2,Good,Rarely,False,False,False,0.6,Euphoric,Sometimes,False,False,False,Low,0,0-3h,genshin impact,410617.0
GD0902,17,Male,Student,5,2.8,Mobile Games,genshin impact,PC,49.53,Good,3.36,,10.5,2,10.2,7.2,Good,Rarely,False,False,False,0.6,Euphoric,Sometimes,False,False,False,Low,0,0-3h,genshin impact,437991.0
GD0902,17,Male,Student,5,2.8,Mobile Games,genshin impact,PC,49.53,Good,3.36,,10.5,2,10.2,7.2,Good,Rarely,False,False,False,0.6,Euphoric,Sometimes,False,False,False,Low,0,0-3h,genshin impact,410618.0
GD0902,17,Male,Student,5,2.8,Mobile Games,genshin impact,PC,49.53,Good,3.36,,10.5,2,10.2,7.2,Good,Rarely,False,False,False,0.6,Euphoric,Sometimes,False,False,False,Low,0,0-3h,genshin impact,748280.0
GD0903,15,Male,Student,3,8.1,MOBA,dota 2,Multi-platform,60.41,Average,2.72,,6.6,4,6.4,4.9,Very Poor,Often,True,False,True,1.2,Angry,Daily,False,True,True,High,2,6-9h,dota 2,570.0
GD0904,27,Male,Professional,2,6.6,Mobile Games,candy crush,Console,59.86,Poor,,6.0,3.8,5,6.1,5.1,Poor,Sometimes,True,False,True,2.5,Anxious,Rarely,True,False,False,Moderate,1,6-9h,,N/A
GD0905,21,Female,Student,10,5.8,MOBA,league of legends,Multi-platform,107.95,Average,3.39,9.0,6.2,3,5.8,6.2,Good,Rarely,True,True,True,4.4,Depressed,Often,False,True,False,Moderate,1,3-6h,,N/A
GD0906,19,Male,Student,4,1.9,FPS,call of duty,Multi-platform,16.99,Excellent,1.69,9.0,10.2,2,10.5,7.6,Good,Sometimes,False,False,False,0.5,Normal,Rarely,False,False,False,Low,0,0-3h,,N/A
GD0907,24,Female,Professional,13,4.3,MOBA,dota 2,Console,33.21,Excellent,,6.0,9.7,1,6.1,6.9,Good,Always,False,False,False,0.9,Anxious,Daily,False,False,False,Low,0,3-6h,dota 2,570.0
GD0908,20,Male,Student,7,5.4,MMO,elder scrolls online,PC,69.06,Excellent,2.08,8.0,8.9,3,8.6,6.9,Very Poor,Sometimes,True,False,True,0.1,Euphoric,Sometimes,False,False,False,Low,0,3-6h,,N/A
GD0909,18,Male,Student,3,12.0,Mobile Games,pubg mobile,Multi-platform,405.19,Poor,3.02,,2.2,7,2.4,5.8,Very Poor,Rarely,True,False,True,2.2,Restless,Daily,False,True,True,Severe,2,9-12h,,N/A
GD0910,19,Male,Student,9,8.8,MMO,final fantasy xiv online,PC,456.77,Below Average,3.73,10.0,1.6,6,6.5,3.5,Insomnia,Sometimes,True,False,True,2.1,Irritable,Sometimes,True,False,True,Severe,2,6-9h,final fantasy xiv online,39210.0
GD0911,20,Other,Student,8,3.9,RPG,elden ring,Multi-platform,45.92,Average,3.63,1.0,11.6,2,6.5,6.8,Poor,Sometimes,False,False,False,0.9,Irritable,Rarely,False,False,False,Low,0,3-6h,elden ring,1245620.0
GD0911,20,Other,Student,8,3.9,RPG,elden ring,Multi-platform,45.92,Average,3.63,1.0,11.6,2,6.5,6.8,Poor,Sometimes,False,False,False,0.9,Irritable,Rarely,False,False,False,Low,0,3-6h,elden ring,489212.0
GD0912,21,Male,Student,9,11.6,RPG,cyberpunk 2077,Multi-platform,131.29,Failing,2.96,8.0,3.1,8,4.1,3.7,Poor,Never,True,False,True,3.2,Angry,Sometimes,False,True,False,High,1,9-12h,cyberpunk 2077,1091500.0
GD0912,21,Male,Student,9,11.6,RPG,cyberpunk 2077,Multi-platform,131.29,Failing,2.96,8.0,3.1,8,4.1,3.7,Poor,Never,True,False,True,3.2,Angry,Sometimes,False,True,False,High,1,9-12h,cyberpunk 2077,487113.0
GD0912,21,Male,Student,9,11.6,RPG,cyberpunk 2077,Multi-platform,131.29,Failing,2.96,8.0,3.1,8,4.1,3.7,Poor,Never,True,False,True,3.2,Angry,Sometimes,False,True,False,High,1,9-12h,cyberpunk 2077,421702.0
GD0912,21,Male,Student,9,11.6,RPG,cyberpunk 2077,Multi-platform,131.29,Failing,2.96,8.0,3.1,8,4.1,3.7,Poor,Never,True,False,True,3.2,Angry,Sometimes,False,True,False,High,1,9-12h,cyberpunk 2077,421362.0
GD0913,28,Male,Professional,18,5.2,FPS,call of duty,PC,12.79,Good,,2.0,9.8,3,8.2,5.3,Good,Often,True,False,True,2.7,Irritable,Daily,False,False,False,Low,0,3-6h,,N/A
GD0914,19,Male,Student,3,4.1,FPS,counter-strike: global offensive,Mobile,1.99,Good,3.98,9.0,7.7,3,6.1,5.2,Fair,Sometimes,False,False,False,2.8,Anxious,Never,False,False,False,Low,0,3-6h,counter-strike: global offensive,3468.0
GD0915,30,Male,Professional,18,9.3,MOBA,mobile legends,PC,458.97,Poor,,6.0,6.9,4,4.0,4.4,Very Poor,Sometimes,True,False,True,4.4,Anxious,Sometimes,True,True,True,Severe,3,9-12h,,N/A
GD0916,19,Male,Student,5,2.5,Battle Royale,warzone,PC,45.05,Average,1.5,9.0,14.4,3,9.7,7.4,Fair,Never,False,False,False,0.3,Excited,Daily,False,False,False,Low,0,0-3h,warzone,712230.0
GD0916,19,Male,Student,5,2.5,Battle Royale,warzone,PC,45.05,Average,1.5,9.0,14.4,3,9.7,7.4,Fair,Never,False,False,False,0.3,Excited,Daily,False,False,False,Low,0,0-3h,warzone,2298160.0
GD0917,22,Male,Student,1,3.6,Battle Royale,warzone,Multi-platform,1.38,Below Average,1.76,10.0,11.6,1,8.3,5.6,Poor,Never,False,False,False,0.3,Irritable,Never,False,False,False,Low,0,3-6h,warzone,712230.0
GD0917,22,Male,Student,1,3.6,Battle Royale,warzone,Multi-platform,1.38,Below Average,1.76,10.0,11.6,1,8.3,5.6,Poor,Never,False,False,False,0.3,Irritable,Never,False,False,False,Low,0,3-6h,warzone,2298160.0
GD0918,19,Female,Student,7,8.9,Strategy,starcraft ii,Console,190.37,Failing,2.44,5.0,2.6,5,5.6,5.9,Very Poor,Sometimes,True,False,True,0.8,Withdrawn,Rarely,True,True,False,Severe,2,6-9h,,N/A
GD0919,20,Male,Student,9,4.7,MOBA,mobile legends,PC,79.06,Average,3.63,8.0,9.6,4,8.2,5.9,Fair,Sometimes,True,False,True,0.4,Anxious,Rarely,False,False,False,Low,0,3-6h,,N/A
GD0920,22,Female,Student,4,6.3,FPS,call of duty,PC,50.08,Average,2.05,2.0,6.3,5,7.8,6.8,Poor,Rarely,True,True,True,0.4,Angry,Never,False,True,False,Moderate,1,3-6h,,N/A
GD0921,20,Female,Student,9,1.8,MOBA,league of legends,Mobile,47.37,Good,3.8,7.0,10.2,1,7.8,8.8,Good,Rarely,False,False,False,0.2,Excited,Sometimes,False,False,False,Low,0,0-3h,,N/A
GD0922,27,Male,Professional,2,12.4,Mobile Games,clash of clans,PC,331.29,Good,,7.0,0.0,8,2.9,5.1,Poor,Rarely,False,False,False,1.4,Depressed,Rarely,True,True,True,Severe,3,12h+,,N/A
GD0923,17,Male,Student,1,4.1,Mobile Games,genshin impact,Mobile,12.42,Average,1.12,,11.2,2,6.8,6.4,Good,Sometimes,False,False,False,0.7,Anxious,Daily,False,False,False,Low,0,3-6h,genshin impact,410617.0
GD0923,17,Male,Student,1,4.1,Mobile Games,genshin impact,Mobile,12.42,Average,1.12,,11.2,2,6.8,6.4,Good,Sometimes,False,False,False,0.7,Anxious,Daily,False,False,False,Low,0,3-6h,genshin impact,437991.0
GD0923,17,Male,Student,1,4.1,Mobile Games,genshin impact,Mobile,12.42,Average,1.12,,11.2,2,6.8,6.4,Good,Sometimes,False,False,False,0.7,Anxious,Daily,False,False,False,Low,0,3-6h,genshin impact,410618.0
GD0923,17,Male,Student,1,4.1,Mobile Games,genshin impact,Mobile,12.42,Average,1.12,,11.2,2,6.8,6.4,Good,Sometimes,False,False,False,0.7,Anxious,Daily,False,False,False,Low,0,3-6h,genshin impact,748280.0
GD0924,18,Male,Student,7,8.1,RPG,elden ring,Mobile,82.51,Below Average,3.42,,8.2,6,5.0,4.5,Poor,Always,True,False,True,2.6,Anxious,Often,True,True,False,High,2,6-9h,elden ring,1245620.0
GD0924,18,Male,Student,7,8.1,RPG,elden ring,Mobile,82.51,Below Average,3.42,,8.2,6,5.0,4.5,Poor,Always,True,False,True,2.6,Anxious,Often,True,True,False,High,2,6-9h,elden ring,489212.0
GD0925,20,Male,Student,9,11.2,Strategy,starcraft ii,Mobile,339.42,Below Average,1.12,2.0,2.3,6,5.7,5.0,Poor,Always,True,True,True,5.5,Anxious,Often,True,True,False,Severe,2,9-12h,,N/A
GD0926,26,Male,Professional,3,11.3,MOBA,dota 2,Multi-platform,334.36,Poor,,7.0,1.2,7,6.2,3.2,Very Poor,Sometimes,True,True,True,2.1,Restless,Sometimes,True,False,True,Severe,2,9-12h,dota 2,570.0
GD0927,20,Male,Student,9,4.7,Strategy,starcraft ii,Mobile,74.39,Excellent,2.63,8.0,7.7,1,7.3,5.7,Good,Never,True,False,True,1.8,Normal,Often,False,False,False,Low,0,3-6h,,N/A
GD0928,17,Male,Student,3,5.6,Strategy,starcraft ii,Console,36.12,Average,3.11,,5.6,3,8.6,6.2,Very Poor,Rarely,True,False,True,2.4,Irritable,Sometimes,False,True,False,Moderate,1,3-6h,,N/A
GD0929,20,Male,Student,1,5.6,MOBA,league of legends,PC,68.45,Below Average,3.24,3.0,5.0,3,8.4,5.4,Good,Sometimes,True,True,True,0.7,Depressed,Rarely,False,False,False,Low,0,3-6h,,N/A
GD0930,28,Male,Professional,5,7.7,FPS,overwatch,PC,129.71,Poor,,3.0,7.8,5,7.2,3.1,Good,Never,True,True,True,1.8,Irritable,Never,True,False,False,Moderate,1,6-9h,,N/A
GD0931,15,Male,Student,2,5.0,RPG,elden ring,Multi-platform,36.8,Average,3.43,,11.1,4,7.7,5.6,Fair,Always,True,False,True,1.5,Anxious,Daily,False,False,False,Low,0,3-6h,elden ring,1245620.0
GD0931,15,Male,Student,2,5.0,RPG,elden ring,Multi-platform,36.8,Average,3.43,,11.1,4,7.7,5.6,Fair,Always,True,False,True,1.5,Anxious,Daily,False,False,False,Low,0,3-6h,elden ring,489212.0
GD0932,20,Other,Student,8,10.2,Strategy,sid meier's civilization vi,Console,312.2,Below Average,3.81,8.0,5.7,5,3.9,4.8,Very Poor,Never,False,False,False,1.7,Euphoric,Daily,True,True,False,Severe,2,9-12h,sid meier's civilization vi,335483.0
GD0932,20,Other,Student,8,10.2,Strategy,sid meier's civilization vi,Console,312.2,Below Average,3.81,8.0,5.7,5,3.9,4.8,Very Poor,Never,False,False,False,1.7,Euphoric,Daily,True,True,False,Severe,2,9-12h,sid meier's civilization vi,335482.0
GD0932,20,Other,Student,8,10.2,Strategy,sid meier's civilization vi,Console,312.2,Below Average,3.81,8.0,5.7,5,3.9,4.8,Very Poor,Never,False,False,False,1.7,Euphoric,Daily,True,True,False,Severe,2,9-12h,sid meier's civilization vi,336792.0
GD0933,15,Male,Student,2,11.4,RPG,elden ring,Mobile,367.71,Average,2.48,,2.9,9,5.9,3.9,Very Poor,Never,False,False,False,8.7,Irritable,Daily,True,True,False,Severe,2,9-12h,elden ring,1245620.0
GD0933,15,Male,Student,2,11.4,RPG,elden ring,Mobile,367.71,Average,2.48,,2.9,9,5.9,3.9,Very Poor,Never,False,False,False,8.7,Irritable,Daily,True,True,False,Severe,2,9-12h,elden ring,489212.0
GD0934,28,Female,Professional,15,10.1,RPG,cyberpunk 2077,Console,154.85,Failing,,7.0,2.8,9,4.4,3.2,Good,Rarely,True,False,True,2.7,Restless,Often,False,False,True,High,1,9-12h,cyberpunk 2077,1091500.0
GD0934,28,Female,Professional,15,10.1,RPG,cyberpunk 2077,Console,154.85,Failing,,7.0,2.8,9,4.4,3.2,Good,Rarely,True,False,True,2.7,Restless,Often,False,False,True,High,1,9-12h,cyberpunk 2077,487113.0
GD0934,28,Female,Professional,15,10.1,RPG,cyberpunk 2077,Console,154.85,Failing,,7.0,2.8,9,4.4,3.2,Good,Rarely,True,False,True,2.7,Restless,Often,False,False,True,High,1,9-12h,cyberpunk 2077,421702.0
GD0934,28,Female,Professional,15,10.1,RPG,cyberpunk 2077,Console,154.85,Failing,,7.0,2.8,9,4.4,3.2,Good,Rarely,True,False,True,2.7,Restless,Often,False,False,True,High,1,9-12h,cyberpunk 2077,421362.0
GD0935,20,Female,Student,2,6.1,Battle Royale,warzone,Console,135.6,Good,3.58,6.0,7.8,3,8.4,6.3,Fair,Rarely,True,True,True,0.2,Anxious,Daily,False,True,False,Moderate,1,3-6h,warzone,712230.0
GD0935,20,Female,Student,2,6.1,Battle Royale,warzone,Console,135.6,Good,3.58,6.0,7.8,3,8.4,6.3,Fair,Rarely,True,True,True,0.2,Anxious,Daily,False,True,False,Moderate,1,3-6h,warzone,2298160.0
GD0936,20,Male,Student,6,9.8,Strategy,sid meier's civilization vi,Console,444.67,Poor,2.02,6.0,2.0,6,5.2,6.0,Fair,Always,True,True,True,1.7,Anxious,Rarely,True,False,True,Severe,2,9-12h,sid meier's civilization vi,335483.0
GD0936,20,Male,Student,6,9.8,Strategy,sid meier's civilization vi,Console,444.67,Poor,2.02,6.0,2.0,6,5.2,6.0,Fair,Always,True,True,True,1.7,Anxious,Rarely,True,False,True,Severe,2,9-12h,sid meier's civilization vi,335482.0
GD0936,20,Male,Student,6,9.8,Strategy,sid meier's civilization vi,Console,444.67,Poor,2.02,6.0,2.0,6,5.2,6.0,Fair,Always,True,True,True,1.7,Anxious,Rarely,True,False,True,Severe,2,9-12h,sid meier's civilization vi,336792.0
GD0937,27,Male,Professional,14,4.9,FPS,valorant,Console,36.17,Average,,8.0,6.4,2,6.7,6.1,Good,Sometimes,False,False,False,2.2,Depressed,Never,False,False,False,Low,0,3-6h,valorant,682668.0
GD0937,27,Male,Professional,14,4.9,FPS,valorant,Console,36.17,Average,,8.0,6.4,2,6.7,6.1,Good,Sometimes,False,False,False,2.2,Depressed,Never,False,False,False,Low,0,3-6h,valorant,682740.0
GD0938,22,Female,Student,12,3.4,FPS,overwatch,Mobile,47.32,Excellent,2.91,1.0,14.1,3,9.3,7.3,Good,Rarely,False,False,False,0.2,Normal,Never,False,False,False,Low,0,0-3h,,N/A
GD0939,22,Male,Student,1,8.6,Battle Royale,apex legends,Mobile,455.29,Below Average,1.31,6.0,4.3,6,4.2,3.8,Very Poor,Often,True,False,True,0.1,Irritable,Daily,True,False,False,High,1,6-9h,apex legends,176538.0
GD0939,22,Male,Student,1,8.6,Battle Royale,apex legends,Mobile,455.29,Below Average,1.31,6.0,4.3,6,4.2,3.8,Very Poor,Often,True,False,True,0.1,Irritable,Daily,True,False,False,High,1,6-9h,apex legends,495480.0
GD0939,22,Male,Student,1,8.6,Battle Royale,apex legends,Mobile,455.29,Below Average,1.31,6.0,4.3,6,4.2,3.8,Very Poor,Often,True,False,True,0.1,Irritable,Daily,True,False,False,High,1,6-9h,apex legends,176537.0
GD0940,25,Male,Professional,14,11.8,RPG,skyrim,PC,227.37,Failing,,4.0,0.0,8,2.0,3.5,Poor,Never,True,True,True,7.6,Anxious,Rarely,True,True,True,Severe,3,9-12h,skyrim,2435.0
GD0941,24,Female,Professional,13,5.4,Mobile Games,pubg mobile,Mobile,88.2,Average,,9.0,10.9,4,6.2,5.7,Fair,Rarely,True,False,True,0.1,Irritable,Never,False,False,False,Low,0,3-6h,,N/A
GD0942,18,Male,Student,3,3.8,MOBA,league of legends,PC,46.64,Average,3.48,,12.8,1,8.8,6.8,Good,Sometimes,False,False,False,0.9,Normal,Sometimes,False,False,False,Low,0,3-6h,,N/A
GD0943,16,Male,Student,5,8.7,MMO,elder scrolls online,PC,466.73,Below Average,1.65,,5.1,7,4.6,4.3,Fair,Always,True,False,True,2.1,Restless,Sometimes,True,False,False,High,1,6-9h,,N/A
GD0944,19,Male,Student,3,11.3,Battle Royale,fortnite,PC,446.72,Average,2.06,7.0,1.1,6,3.4,4.5,Very Poor,Sometimes,True,False,True,6.8,Anxious,Sometimes,True,False,True,Severe,2,9-12h,fortnite,18141.0
GD0944,19,Male,Student,3,11.3,Battle Royale,fortnite,PC,446.72,Average,2.06,7.0,1.1,6,3.4,4.5,Very Poor,Sometimes,True,False,True,6.8,Anxious,Sometimes,True,False,True,Severe,2,9-12h,fortnite,417808.0
GD0944,19,Male,Student,3,11.3,Battle Royale,fortnite,PC,446.72,Average,2.06,7.0,1.1,6,3.4,4.5,Very Poor,Sometimes,True,False,True,6.8,Anxious,Sometimes,True,False,True,Severe,2,9-12h,fortnite,18167.0
GD0944,19,Male,Student,3,11.3,Battle Royale,fortnite,PC,446.72,Average,2.06,7.0,1.1,6,3.4,4.5,Very Poor,Sometimes,True,False,True,6.8,Anxious,Sometimes,True,False,True,Severe,2,9-12h,fortnite,18204.0
GD0945,25,Female,Professional,10,3.7,FPS,overwatch,Mobile,27.83,Average,,5.0,9.2,2,8.2,6.8,Good,Often,False,False,False,0.4,Anxious,Sometimes,False,False,False,Low,0,3-6h,,N/A
GD0946,23,Male,Professional,4,2.5,FPS,valorant,Console,16.97,Good,,8.0,11.1,1,10.2,8.2,Good,Sometimes,False,False,False,0.7,Normal,Often,False,False,False,Low,0,0-3h,valorant,682668.0
GD0946,23,Male,Professional,4,2.5,FPS,valorant,Console,16.97,Good,,8.0,11.1,1,10.2,8.2,Good,Sometimes,False,False,False,0.7,Normal,Often,False,False,False,Low,0,0-3h,valorant,682740.0
GD0947,33,Male,Professional,1,8.9,MOBA,dota 2,Multi-platform,129.13,Below Average,,6.0,3.6,4,7.5,5.5,Poor,Always,True,True,True,5.3,Irritable,Never,True,False,False,High,1,6-9h,dota 2,570.0
GD0948,29,Male,Professional,17,3.3,Strategy,sid meier's civilization vi,Mobile,24.0,Excellent,,1.0,13.4,3,7.3,8.5,Good,Always,False,False,False,0.2,Euphoric,Often,False,False,False,Low,0,0-3h,sid meier's civilization vi,335483.0
GD0948,29,Male,Professional,17,3.3,Strategy,sid meier's civilization vi,Mobile,24.0,Excellent,,1.0,13.4,3,7.3,8.5,Good,Always,False,False,False,0.2,Euphoric,Often,False,False,False,Low,0,0-3h,sid meier's civilization vi,335482.0
GD0948,29,Male,Professional,17,3.3,Strategy,sid meier's civilization vi,Mobile,24.0,Excellent,,1.0,13.4,3,7.3,8.5,Good,Always,False,False,False,0.2,Euphoric,Often,False,False,False,Low,0,0-3h,sid meier's civilization vi,336792.0
GD0949,19,Male,Student,6,7.7,Mobile Games,pubg mobile,Multi-platform,67.61,Below Average,2.53,1.0,6.4,6,7.9,3.9,Poor,Sometimes,False,False,False,2.7,Irritable,Rarely,True,True,False,High,2,6-9h,,N/A
GD0950,19,Male,Student,2,1.1,Mobile Games,candy crush,Mobile,5.41,Excellent,1.78,4.0,12.4,1,7.6,7.7,Good,Often,False,False,False,0.2,Anxious,Often,False,False,False,Low,0,0-3h,,N/A
GD0951,24,Female,Professional,3,7.2,MOBA,dota 2,Mobile,141.29,Poor,,7.0,8.3,4,7.2,3.5,Poor,Sometimes,True,True,True,2.6,Irritable,Never,True,False,False,Moderate,1,6-9h,dota 2,570.0
GD0952,21,Male,Student,5,8.3,FPS,overwatch,Multi-platform,17.93,Failing,1.12,1.0,2.7,7,6.8,3.7,Poor,Never,True,False,True,0.7,Irritable,Often,False,False,True,Moderate,1,6-9h,,N/A
GD0953,20,Male,Student,9,2.8,FPS,call of duty,Console,18.69,Good,1.64,1.0,11.5,1,6.9,8.2,Fair,Rarely,False,False,False,2.3,Normal,Never,False,False,False,Low,0,0-3h,,N/A
GD0954,22,Female,Student,10,5.5,RPG,cyberpunk 2077,Multi-platform,33.67,Good,3.13,2.0,11.8,3,9.3,5.0,Poor,Often,True,False,True,1.5,Angry,Daily,False,False,False,Low,0,3-6h,cyberpunk 2077,1091500.0
GD0954,22,Female,Student,10,5.5,RPG,cyberpunk 2077,Multi-platform,33.67,Good,3.13,2.0,11.8,3,9.3,5.0,Poor,Often,True,False,True,1.5,Angry,Daily,False,False,False,Low,0,3-6h,cyberpunk 2077,487113.0
GD0954,22,Female,Student,10,5.5,RPG,cyberpunk 2077,Multi-platform,33.67,Good,3.13,2.0,11.8,3,9.3,5.0,Poor,Often,True,False,True,1.5,Angry,Daily,False,False,False,Low,0,3-6h,cyberpunk 2077,421702.0
GD0954,22,Female,Student,10,5.5,RPG,cyberpunk 2077,Multi-platform,33.67,Good,3.13,2.0,11.8,3,9.3,5.0,Poor,Often,True,False,True,1.5,Angry,Daily,False,False,False,Low,0,3-6h,cyberpunk 2077,421362.0
GD0955,26,Male,Professional,5,5.7,RPG,elden ring,Multi-platform,96.14,Good,,8.0,10.4,3,7.6,5.4,Poor,Never,False,True,True,1.4,Irritable,Daily,False,True,False,Moderate,1,3-6h,elden ring,1245620.0
GD0955,26,Male,Professional,5,5.7,RPG,elden ring,Multi-platform,96.14,Good,,8.0,10.4,3,7.6,5.4,Poor,Never,False,True,True,1.4,Irritable,Daily,False,True,False,Moderate,1,3-6h,elden ring,489212.0
GD0956,23,Other,Professional,11,6.0,Battle Royale,fortnite,PC,28.31,Below Average,,2.0,5.9,4,6.8,6.2,Fair,Always,True,True,True,1.4,Withdrawn,Sometimes,False,False,False,Low,0,3-6h,fortnite,18141.0
GD0956,23,Other,Professional,11,6.0,Battle Royale,fortnite,PC,28.31,Below Average,,2.0,5.9,4,6.8,6.2,Fair,Always,True,True,True,1.4,Withdrawn,Sometimes,False,False,False,Low,0,3-6h,fortnite,417808.0
GD0956,23,Other,Professional,11,6.0,Battle Royale,fortnite,PC,28.31,Below Average,,2.0,5.9,4,6.8,6.2,Fair,Always,True,True,True,1.4,Withdrawn,Sometimes,False,False,False,Low,0,3-6h,fortnite,18167.0
GD0956,23,Other,Professional,11,6.0,Battle Royale,fortnite,PC,28.31,Below Average,,2.0,5.9,4,6.8,6.2,Fair,Always,True,True,True,1.4,Withdrawn,Sometimes,False,False,False,Low,0,3-6h,fortnite,18204.0
GD0957,21,Male,Student,3,5.9,MMO,final fantasy xiv online,Mobile,142.99,Below Average,2.35,5.0,5.8,3,7.9,6.2,Insomnia,Sometimes,True,True,True,0.5,Angry,Rarely,False,True,False,Moderate,1,3-6h,final fantasy xiv online,39210.0
GD0958,20,Male,Student,5,7.7,RPG,elden ring,Mobile,37.02,Below Average,3.71,2.0,7.7,6,6.2,5.2,Very Poor,Never,True,False,True,0.4,Irritable,Never,True,False,True,High,2,6-9h,elden ring,1245620.0
GD0958,20,Male,Student,5,7.7,RPG,elden ring,Mobile,37.02,Below Average,3.71,2.0,7.7,6,6.2,5.2,Very Poor,Never,True,False,True,0.4,Irritable,Never,True,False,True,High,2,6-9h,elden ring,489212.0
GD0959,25,Male,Professional,9,4.9,Battle Royale,fortnite,PC,21.48,Average,,2.0,10.7,3,6.1,6.6,Fair,Often,True,False,True,1.2,Anxious,Sometimes,False,False,False,Low,0,3-6h,fortnite,18141.0
GD0959,25,Male,Professional,9,4.9,Battle Royale,fortnite,PC,21.48,Average,,2.0,10.7,3,6.1,6.6,Fair,Often,True,False,True,1.2,Anxious,Sometimes,False,False,False,Low,0,3-6h,fortnite,417808.0
GD0959,25,Male,Professional,9,4.9,Battle Royale,fortnite,PC,21.48,Average,,2.0,10.7,3,6.1,6.6,Fair,Often,True,False,True,1.2,Anxious,Sometimes,False,False,False,Low,0,3-6h,fortnite,18167.0
GD0959,25,Male,Professional,9,4.9,Battle Royale,fortnite,PC,21.48,Average,,2.0,10.7,3,6.1,6.6,Fair,Often,True,False,True,1.2,Anxious,Sometimes,False,False,False,Low,0,3-6h,fortnite,18204.0
GD0960,16,Male,Student,1,7.6,FPS,counter-strike: global offensive,Multi-platform,138.82,Poor,1.6,,5.0,4,6.6,4.0,Poor,Sometimes,True,False,True,2.5,Anxious,Daily,False,True,True,High,2,6-9h,counter-strike: global offensive,3468.0
GD0961,15,Female,Student,3,5.2,MOBA,mobile legends,PC,77.03,Average,3.82,,9.8,4,6.4,5.1,Good,Often,True,False,True,1.1,Normal,Daily,False,False,False,Low,0,3-6h,,N/A
GD0962,20,Female,Student,8,6.8,Mobile Games,candy crush,Mobile,77.66,Poor,2.55,1.0,5.8,5,5.4,5.3,Very Poor,Sometimes,True,False,True,2.5,Restless,Never,True,True,False,High,2,6-9h,,N/A
GD0963,18,Female,Student,1,10.8,FPS,counter-strike: global offensive,Mobile,110.92,Average,3.21,,0.3,6,4.0,5.0,Very Poor,Rarely,True,True,True,4.5,Irritable,Rarely,True,False,False,High,1,9-12h,counter-strike: global offensive,3468.0
GD0964,24,Male,Professional,6,3.6,MOBA,dota 2,Mobile,46.98,Average,,9.0,9.8,4,8.2,5.6,Fair,Often,False,False,False,0.7,Restless,Often,False,False,False,Low,0,3-6h,dota 2,570.0
GD0965,19,Male,Student,8,9.3,Battle Royale,warzone,Mobile,50.18,Poor,1.78,4.0,5.4,4,3.9,5.1,Poor,Rarely,False,True,True,0.1,Restless,Never,False,True,True,Severe,2,9-12h,warzone,712230.0
GD0965,19,Male,Student,8,9.3,Battle Royale,warzone,Mobile,50.18,Poor,1.78,4.0,5.4,4,3.9,5.1,Poor,Rarely,False,True,True,0.1,Restless,Never,False,True,True,Severe,2,9-12h,warzone,2298160.0
GD0966,18,Other,Student,4,7.6,FPS,valorant,PC,37.08,Excellent,1.05,,8.1,3,6.1,4.8,Very Poor,Never,True,True,True,3.6,Anxious,Daily,True,True,False,High,2,6-9h,valorant,682668.0
GD0966,18,Other,Student,4,7.6,FPS,valorant,PC,37.08,Excellent,1.05,,8.1,3,6.1,4.8,Very Poor,Never,True,True,True,3.6,Anxious,Daily,True,True,False,High,2,6-9h,valorant,682740.0
GD0967,19,Male,Student,1,7.0,Strategy,starcraft ii,Mobile,54.91,Poor,3.3,3.0,7.4,5,7.3,4.0,Very Poor,Often,False,False,False,0.2,Depressed,Daily,True,True,False,High,2,6-9h,,N/A
GD0968,23,Female,Professional,1,1.0,Battle Royale,apex legends,PC,8.43,Excellent,,8.0,15.2,1,10.9,7.9,Good,Often,False,False,False,0.1,Normal,Never,False,False,False,Low,0,0-3h,apex legends,176538.0
GD0968,23,Female,Professional,1,1.0,Battle Royale,apex legends,PC,8.43,Excellent,,8.0,15.2,1,10.9,7.9,Good,Often,False,False,False,0.1,Normal,Never,False,False,False,Low,0,0-3h,apex legends,495480.0
GD0968,23,Female,Professional,1,1.0,Battle Royale,apex legends,PC,8.43,Excellent,,8.0,15.2,1,10.9,7.9,Good,Often,False,False,False,0.1,Normal,Never,False,False,False,Low,0,0-3h,apex legends,176537.0
GD0969,16,Female,Student,3,2.8,Battle Royale,warzone,PC,17.43,Good,1.4,,8.8,2,8.4,8.6,Good,Always,False,False,False,0.3,Excited,Never,False,False,False,Low,0,0-3h,warzone,712230.0
GD0969,16,Female,Student,3,2.8,Battle Royale,warzone,PC,17.43,Good,1.4,,8.8,2,8.4,8.6,Good,Always,False,False,False,0.3,Excited,Never,False,False,False,Low,0,0-3h,warzone,2298160.0
GD0970,17,Male,Student,5,4.1,Mobile Games,genshin impact,PC,32.97,Good,1.13,,12.4,2,6.4,5.5,Poor,Rarely,False,False,False,0.7,Normal,Never,False,False,False,Low,0,3-6h,genshin impact,410617.0
GD0970,17,Male,Student,5,4.1,Mobile Games,genshin impact,PC,32.97,Good,1.13,,12.4,2,6.4,5.5,Poor,Rarely,False,False,False,0.7,Normal,Never,False,False,False,Low,0,3-6h,genshin impact,437991.0
GD0970,17,Male,Student,5,4.1,Mobile Games,genshin impact,PC,32.97,Good,1.13,,12.4,2,6.4,5.5,Poor,Rarely,False,False,False,0.7,Normal,Never,False,False,False,Low,0,3-6h,genshin impact,410618.0
GD0970,17,Male,Student,5,4.1,Mobile Games,genshin impact,PC,32.97,Good,1.13,,12.4,2,6.4,5.5,Poor,Rarely,False,False,False,0.7,Normal,Never,False,False,False,Low,0,3-6h,genshin impact,748280.0
GD0971,20,Female,Student,1,6.3,Strategy,sid meier's civilization vi,Multi-platform,70.66,Good,1.24,6.0,8.6,4,7.4,6.5,Fair,Sometimes,True,False,True,2.0,Normal,Often,False,False,False,Low,0,3-6h,sid meier's civilization vi,335483.0
GD0971,20,Female,Student,1,6.3,Strategy,sid meier's civilization vi,Multi-platform,70.66,Good,1.24,6.0,8.6,4,7.4,6.5,Fair,Sometimes,True,False,True,2.0,Normal,Often,False,False,False,Low,0,3-6h,sid meier's civilization vi,335482.0
GD0971,20,Female,Student,1,6.3,Strategy,sid meier's civilization vi,Multi-platform,70.66,Good,1.24,6.0,8.6,4,7.4,6.5,Fair,Sometimes,True,False,True,2.0,Normal,Often,False,False,False,Low,0,3-6h,sid meier's civilization vi,336792.0
GD0972,16,Female,Student,1,8.5,Strategy,starcraft ii,Console,231.04,Poor,2.36,,2.2,5,5.8,3.6,Poor,Never,True,True,True,2.1,Anxious,Rarely,False,False,False,Moderate,0,6-9h,,N/A
GD0973,16,Male,Student,6,7.4,Battle Royale,apex legends,Multi-platform,54.82,Failing,2.66,,7.3,5,4.8,5.3,Poor,Often,True,True,True,1.9,Euphoric,Often,True,True,False,High,2,6-9h,apex legends,176538.0
GD0973,16,Male,Student,6,7.4,Battle Royale,apex legends,Multi-platform,54.82,Failing,2.66,,7.3,5,4.8,5.3,Poor,Often,True,True,True,1.9,Euphoric,Often,True,True,False,High,2,6-9h,apex legends,495480.0
GD0973,16,Male,Student,6,7.4,Battle Royale,apex legends,Multi-platform,54.82,Failing,2.66,,7.3,5,4.8,5.3,Poor,Often,True,True,True,1.9,Euphoric,Often,True,True,False,High,2,6-9h,apex legends,176537.0
GD0974,23,Male,Professional,9,11.0,FPS,counter-strike: global offensive,Console,388.42,Failing,,5.0,0.0,6,5.7,4.9,Fair,Always,False,True,True,3.2,Normal,Daily,False,True,True,Severe,2,9-12h,counter-strike: global offensive,3468.0
GD0975,20,Male,Student,5,7.8,FPS,call of duty,Multi-platform,146.41,Below Average,2.91,7.0,7.0,3,5.2,4.8,Very Poor,Never,True,False,True,1.5,Depressed,Often,True,False,False,Moderate,1,6-9h,,N/A
GD0976,17,Female,Student,2,8.3,MMO,elder scrolls online,Console,59.04,Poor,2.73,,7.6,7,4.8,4.9,Fair,Sometimes,True,True,True,0.8,Anxious,Never,False,False,True,Moderate,1,6-9h,,N/A
GD0977,27,Female,Professional,6,4.2,RPG,elden ring,Mobile,30.61,Average,,8.0,8.9,4,8.7,5.9,Fair,Always,False,False,False,1.4,Normal,Sometimes,False,False,False,Low,0,3-6h,elden ring,1245620.0
GD0977,27,Female,Professional,6,4.2,RPG,elden ring,Mobile,30.61,Average,,8.0,8.9,4,8.7,5.9,Fair,Always,False,False,False,1.4,Normal,Sometimes,False,False,False,Low,0,3-6h,elden ring,489212.0
GD0978,21,Female,Student,6,7.4,FPS,counter-strike: global offensive,PC,113.01,Below Average,1.88,3.0,4.8,5,7.4,5.5,Very Poor,Rarely,True,False,True,1.5,Anxious,Never,True,True,False,High,2,6-9h,counter-strike: global offensive,3468.0
GD0979,19,Male,Student,9,8.4,FPS,counter-strike: global offensive,PC,44.54,Poor,2.33,9.0,3.8,6,5.3,5.9,Good,Often,True,False,True,1.7,Withdrawn,Never,True,False,True,High,2,6-9h,counter-strike: global offensive,3468.0
GD0980,22,Female,Student,12,8.7,Mobile Games,pubg mobile,Console,107.16,Below Average,2.48,4.0,2.4,5,6.9,4.4,Poor,Never,True,True,True,3.1,Excited,Sometimes,True,True,False,Severe,2,6-9h,,N/A
GD0981,25,Male,Professional,15,9.4,FPS,counter-strike: global offensive,Multi-platform,361.61,Average,,9.0,2.4,5,6.8,4.5,Poor,Rarely,True,True,True,2.7,Depressed,Daily,True,True,False,Severe,2,9-12h,counter-strike: global offensive,3468.0
GD0982,22,Female,Student,2,13.6,Strategy,sid meier's civilization vi,Multi-platform,438.83,Failing,2.92,5.0,0.0,8,2.4,5.8,Poor,Rarely,True,False,True,1.4,Irritable,Often,True,True,False,Severe,2,12h+,sid meier's civilization vi,335483.0
GD0982,22,Female,Student,2,13.6,Strategy,sid meier's civilization vi,Multi-platform,438.83,Failing,2.92,5.0,0.0,8,2.4,5.8,Poor,Rarely,True,False,True,1.4,Irritable,Often,True,True,False,Severe,2,12h+,sid meier's civilization vi,335482.0
GD0982,22,Female,Student,2,13.6,Strategy,sid meier's civilization vi,Multi-platform,438.83,Failing,2.92,5.0,0.0,8,2.4,5.8,Poor,Rarely,True,False,True,1.4,Irritable,Often,True,True,False,Severe,2,12h+,sid meier's civilization vi,336792.0
GD0983,18,Male,Student,4,7.1,Strategy,age of empires,Multi-platform,105.16,Failing,2.07,,4.2,5,8.1,4.1,Insomnia,Sometimes,True,False,True,1.0,Withdrawn,Never,False,False,False,Low,0,6-9h,,N/A
GD0984,23,Male,Professional,1,5.9,MOBA,dota 2,PC,124.93,Good,,2.0,6.3,5,8.3,5.0,Good,Often,False,True,True,1.1,Restless,Never,False,False,False,Low,0,3-6h,dota 2,570.0
GD0985,30,Male,Professional,8,4.4,Battle Royale,apex legends,Console,20.1,Failing,,8.0,13.0,4,8.5,6.5,Fair,Often,False,False,False,0.9,Excited,Never,False,False,False,Low,0,3-6h,apex legends,176538.0
GD0985,30,Male,Professional,8,4.4,Battle Royale,apex legends,Console,20.1,Failing,,8.0,13.0,4,8.5,6.5,Fair,Often,False,False,False,0.9,Excited,Never,False,False,False,Low,0,3-6h,apex legends,495480.0
GD0985,30,Male,Professional,8,4.4,Battle Royale,apex legends,Console,20.1,Failing,,8.0,13.0,4,8.5,6.5,Fair,Often,False,False,False,0.9,Excited,Never,False,False,False,Low,0,3-6h,apex legends,176537.0
GD0986,17,Male,Student,7,7.3,Battle Royale,warzone,Mobile,67.44,Poor,2.9,,4.5,3,6.8,4.0,Fair,Always,False,False,False,1.6,Anxious,Daily,False,True,False,Moderate,1,6-9h,warzone,712230.0
GD0986,17,Male,Student,7,7.3,Battle Royale,warzone,Mobile,67.44,Poor,2.9,,4.5,3,6.8,4.0,Fair,Always,False,False,False,1.6,Anxious,Daily,False,True,False,Moderate,1,6-9h,warzone,2298160.0
GD0987,18,Female,Student,6,3.5,FPS,overwatch,Mobile,1.35,Average,3.68,,8.5,1,6.9,6.1,Fair,Often,False,False,False,0.1,Angry,Sometimes,False,False,False,Low,0,3-6h,,N/A
GD0988,19,Male,Student,9,4.7,MOBA,dota 2,Console,59.91,Excellent,2.02,10.0,9.0,2,6.5,6.7,Fair,Often,False,False,False,2.9,Restless,Often,False,False,False,Low,0,3-6h,dota 2,570.0
GD0989,20,Male,Student,7,4.4,MMO,final fantasy xiv online,PC,8.08,Good,2.26,5.0,12.1,3,9.7,5.4,Very Poor,Sometimes,False,False,False,1.0,Euphoric,Sometimes,False,False,False,Low,0,3-6h,final fantasy xiv online,39210.0
GD0990,16,Male,Student,2,1.5,MOBA,league of legends,Mobile,45.29,Good,2.91,,12.2,1,9.0,9.0,Good,Often,False,False,False,0.1,Excited,Daily,False,False,False,Low,0,0-3h,,N/A
GD0991,19,Female,Student,2,7.0,FPS,valorant,PC,121.06,Poor,3.0,1.0,5.8,5,7.7,3.2,Fair,Often,False,True,True,1.4,Anxious,Daily,False,True,False,Moderate,1,6-9h,valorant,682668.0
GD0991,19,Female,Student,2,7.0,FPS,valorant,PC,121.06,Poor,3.0,1.0,5.8,5,7.7,3.2,Fair,Often,False,True,True,1.4,Anxious,Daily,False,True,False,Moderate,1,6-9h,valorant,682740.0
GD0992,24,Female,Professional,1,3.6,RPG,cyberpunk 2077,Multi-platform,31.45,Below Average,,8.0,9.5,1,7.7,6.8,Fair,Never,False,False,False,1.5,Euphoric,Rarely,False,False,False,Low,0,3-6h,cyberpunk 2077,1091500.0
GD0992,24,Female,Professional,1,3.6,RPG,cyberpunk 2077,Multi-platform,31.45,Below Average,,8.0,9.5,1,7.7,6.8,Fair,Never,False,False,False,1.5,Euphoric,Rarely,False,False,False,Low,0,3-6h,cyberpunk 2077,487113.0
GD0992,24,Female,Professional,1,3.6,RPG,cyberpunk 2077,Multi-platform,31.45,Below Average,,8.0,9.5,1,7.7,6.8,Fair,Never,False,False,False,1.5,Euphoric,Rarely,False,False,False,Low,0,3-6h,cyberpunk 2077,421702.0
GD0992,24,Female,Professional,1,3.6,RPG,cyberpunk 2077,Multi-platform,31.45,Below Average,,8.0,9.5,1,7.7,6.8,Fair,Never,False,False,False,1.5,Euphoric,Rarely,False,False,False,Low,0,3-6h,cyberpunk 2077,421362.0
GD0993,18,Male,Student,8,6.1,MMO,elder scrolls online,PC,143.48,Below Average,1.11,,8.2,3,8.3,5.5,Fair,Rarely,True,False,True,1.8,Irritable,Often,False,False,False,Low,0,3-6h,,N/A
GD0994,32,Female,Professional,18,4.9,RPG,skyrim,Console,18.84,Poor,,4.0,9.6,5,6.4,5.7,Poor,Always,False,False,False,1.4,Euphoric,Never,False,False,False,Low,0,3-6h,skyrim,2435.0
GD0995,20,Female,Student,10,9.3,Battle Royale,apex legends,Console,220.04,Poor,2.53,8.0,6.1,6,4.4,5.8,Fair,Rarely,False,False,False,0.4,Angry,Never,False,True,True,Severe,2,9-12h,apex legends,176538.0
GD0995,20,Female,Student,10,9.3,Battle Royale,apex legends,Console,220.04,Poor,2.53,8.0,6.1,6,4.4,5.8,Fair,Rarely,False,False,False,0.4,Angry,Never,False,True,True,Severe,2,9-12h,apex legends,495480.0
GD0995,20,Female,Student,10,9.3,Battle Royale,apex legends,Console,220.04,Poor,2.53,8.0,6.1,6,4.4,5.8,Fair,Rarely,False,False,False,0.4,Angry,Never,False,True,True,Severe,2,9-12h,apex legends,176537.0
GD0996,15,Female,Student,3,8.6,Strategy,age of empires,PC,426.54,Average,2.96,,2.4,6,7.5,4.1,Very Poor,Always,True,True,True,1.9,Restless,Sometimes,True,False,True,Severe,2,6-9h,,N/A
GD0997,18,Male,Student,7,5.4,MMO,elder scrolls online,Multi-platform,83.71,Excellent,3.42,,10.9,1,7.7,6.5,Fair,Never,True,False,True,2.1,Angry,Often,False,False,False,Low,0,3-6h,,N/A
GD0998,23,Male,Professional,5,7.3,RPG,skyrim,PC,88.6,Poor,,3.0,6.7,5,8.1,3.9,Insomnia,Rarely,False,True,True,0.5,Withdrawn,Daily,True,True,False,High,2,6-9h,skyrim,2435.0
GD0999,18,Male,Student,8,3.1,Strategy,starcraft ii,Console,22.02,Good,1.03,,12.7,1,8.4,8.2,Fair,Sometimes,False,False,False,0.8,Normal,Rarely,False,False,False,Low,0,0-3h,,N/A
GD1000,29,Male,Professional,19,3.5,RPG,cyberpunk 2077,Multi-platform,25.2,Below Average,,6.0,10.9,2,9.3,7.4,Good,Sometimes,False,False,False,0.0,Normal,Daily,False,False,False,Low,0,3-6h,cyberpunk 2077,1091500.0
GD1000,29,Male,Professional,19,3.5,RPG,cyberpunk 2077,Multi-platform,25.2,Below Average,,6.0,10.9,2,9.3,7.4,Good,Sometimes,False,False,False,0.0,Normal,Daily,False,False,False,Low,0,3-6h,cyberpunk 2077,487113.0
GD1000,29,Male,Professional,19,3.5,RPG,cyberpunk 2077,Multi-platform,25.2,Below Average,,6.0,10.9,2,9.3,7.4,Good,Sometimes,False,False,False,0.0,Normal,Daily,False,False,False,Low,0,3-6h,cyberpunk 2077,421702.0
GD1000,29,Male,Professional,19,3.5,RPG,cyberpunk 2077,Multi-platform,25.2,Below Average,,6.0,10.9,2,9.3,7.4,Good,Sometimes,False,False,False,0.0,Normal,Daily,False,False,False,Low,0,3-6h,cyberpunk 2077,421362.0
